Team_A,Team_B,Probability,Elo_A,Elo_B,Elo_Diff,Warm_A,Warm_B,Koppen_A,Koppen_B,Climate_Zone_A,Climate_Zone_B,Is_Climate_Clash,Warm_Team,Cool_Team,Climate_Score_A,Climate_Score_B,Venue_Temp_C,Climate_Diff_Score,p_adjustment,Climate_Flag_Tier
Brazil,Netherlands,0.1592,2081.0,2006.0,75.0,1,0,Am,Cfb,Tropical,Temperate,1,Brazil,Netherlands,1.0,0.5,28.8,0.5143,0.0165,Tier 1 (Strong)
Ecuador,France,0.1374,2033.0,2160.0,-127.0,1,0,Af,Cfb,Tropical,Temperate,1,Ecuador,France,1.0,0.5,23.0,0.4107,0.0131,Tier 1 (Strong)
Ecuador,Norway,0.1234,2033.0,1994.0,39.0,1,0,Af,Dfc,Tropical,Continental,1,Ecuador,Norway,1.0,0.2,22.5,0.6429,0.0206,Tier 1 (Strong)
Brazil,Sweden,0.098,2081.0,1793.0,288.0,1,0,Am,Dfc,Tropical,Continental,1,Brazil,Sweden,1.0,0.2,28.8,0.8229,0.0263,Tier 1 (Strong)
Ecuador,France,0.094,2033.0,2160.0,-127.0,1,0,Af,Cfb,Tropical,Temperate,1,Ecuador,France,1.0,0.5,22.5,0.4018,0.0129,Tier 1 (Strong)
Senegal,Germany,0.0886,1933.0,2032.0,-99.0,1,0,BSh,Cfb,Arid,Temperate,1,Senegal,Germany,0.9,0.5,22.5,0.3214,0.0103,Tier 1 (Strong)
Ivory Coast,Norway,0.0828,1836.0,1994.0,-158.0,1,0,Aw,Dfc,Tropical,Continental,1,Ivory Coast,Norway,1.0,0.2,22.5,0.6429,0.0206,Tier 1 (Strong)
Brazil,Germany,0.0782,2081.0,2032.0,49.0,1,0,Am,Cfb,Tropical,Temperate,1,Brazil,Germany,1.0,0.5,22.5,0.4018,0.0129,Tier 1 (Strong)
Brazil,France,0.0749,2081.0,2160.0,-79.0,1,0,Am,Cfb,Tropical,Temperate,1,Brazil,France,1.0,0.5,22.5,0.4018,0.0129,Tier 1 (Strong)
Brazil,Norway,0.0738,2081.0,1994.0,87.0,1,0,Am,Dfc,Tropical,Continental,1,Brazil,Norway,1.0,0.2,22.5,0.6429,0.0206,Tier 1 (Strong)
Ivory Coast,England,0.0635,1836.0,2083.0,-247.0,1,0,Aw,Cfb,Tropical,Temperate,1,Ivory Coast,England,1.0,0.5,25.4,0.4536,0.0145,Tier 2 (Moderate)
Ivory Coast,France,0.0626,1836.0,2160.0,-324.0,1,0,Aw,Cfb,Tropical,Temperate,1,Ivory Coast,France,1.0,0.5,22.5,0.4018,0.0129,Tier 2 (Moderate)
Brazil,England,0.0563,2081.0,2083.0,-2.0,1,0,Am,Cfb,Tropical,Temperate,1,Brazil,England,1.0,0.5,28.0,0.5,0.016,Tier 2 (Moderate)
Ecuador,Norway,0.0555,2033.0,1994.0,39.0,1,0,Af,Dfc,Tropical,Continental,1,Ecuador,Norway,1.0,0.2,23.0,0.6571,0.021,Tier 2 (Moderate)
Tunisia,Scotland,0.0515,1777.0,1857.0,-80.0,1,0,BWh,Cfb,Arid,Temperate,1,Tunisia,Scotland,0.9,0.5,28.8,0.4114,0.0132,Tier 2 (Moderate)
Senegal,England,0.051,1933.0,2083.0,-150.0,1,0,BSh,Cfb,Arid,Temperate,1,Senegal,England,0.9,0.5,25.4,0.3629,0.0116,Tier 2 (Moderate)
Australia,New Zealand,0.051,1891.0,1710.0,181.0,1,0,BWh,Cfb,Arid,Temperate,1,Australia,New Zealand,0.9,0.5,24.2,0.3457,0.0111,Tier 2 (Moderate)
Australia,Belgium,0.0502,1891.0,2002.0,-111.0,1,0,BWh,Cfb,Arid,Temperate,1,Australia,Belgium,0.9,0.5,24.2,0.3457,0.0111,Tier 2 (Moderate)
Mexico,Netherlands,0.0426,1957.0,2006.0,-49.0,1,0,BSh,Cfb,Arid,Temperate,1,Mexico,Netherlands,0.9,0.5,28.3,0.4043,0.0129,Tier 2 (Moderate)
Morocco,Canada,0.0402,1988.0,1903.0,85.0,1,0,Csa,Dfc,Temperate,Continental,1,Morocco,Canada,0.5,0.2,28.3,0.3032,0.0097,Tier 2 (Moderate)
Australia,France,0.0388,1891.0,2160.0,-269.0,1,0,BWh,Cfb,Arid,Temperate,1,Australia,France,0.9,0.5,28.5,0.4071,0.013,Tier 2 (Moderate)
Tunisia,France,0.0387,1777.0,2160.0,-383.0,1,0,BWh,Cfb,Arid,Temperate,1,Tunisia,France,0.9,0.5,28.5,0.4071,0.013,Tier 2 (Moderate)
Iraq,Germany,0.0386,1727.0,2032.0,-305.0,1,0,BWh,Cfb,Arid,Temperate,1,Iraq,Germany,0.9,0.5,22.5,0.3214,0.0103,Tier 2 (Moderate)
Colombia,Croatia,0.0385,2083.0,1979.0,104.0,1,0,Af,Cfb,Tropical,Temperate,1,Colombia,Croatia,1.0,0.5,28.0,0.5,0.016,Tier 2 (Moderate)
Brazil,Canada,0.0371,2081.0,1903.0,178.0,1,0,Am,Dfc,Tropical,Continental,1,Brazil,Canada,1.0,0.2,28.3,0.8086,0.0259,Tier 2 (Moderate)
Japan,Canada,0.0356,2008.0,1903.0,105.0,1,0,Cfa,Dfc,Temperate,Continental,1,Japan,Canada,0.5,0.2,28.3,0.3032,0.0097,Tier 2 (Moderate)
Uruguay,Austria,0.0349,1986.0,1929.0,57.0,1,0,Cfa,Dfb,Temperate,Continental,1,Uruguay,Austria,0.5,0.2,28.5,0.3054,0.0098,Tier 2 (Moderate)
Iran,France,0.0344,1893.0,2160.0,-267.0,1,0,BWh,Cfb,Arid,Temperate,1,Iran,France,0.9,0.5,28.5,0.4071,0.013,Tier 2 (Moderate)
Ecuador,Czech Republic,0.0343,2033.0,1837.0,196.0,1,0,Af,Dfb,Tropical,Continental,1,Ecuador,Czech Republic,1.0,0.2,28.3,0.8086,0.0259,Tier 2 (Moderate)
Saudi Arabia,England,0.034,1692.0,2083.0,-391.0,1,0,BWh,Cfb,Arid,Temperate,1,Saudi Arabia,England,0.9,0.5,25.4,0.3629,0.0116,Tier 2 (Moderate)
Jordan,England,0.034,1766.0,2083.0,-317.0,1,0,BWh,Cfb,Arid,Temperate,1,Jordan,England,0.9,0.5,25.4,0.3629,0.0116,Tier 2 (Moderate)
DR Congo,England,0.0338,1774.0,2083.0,-309.0,1,0,Am,Cfb,Tropical,Temperate,1,DR Congo,England,1.0,0.5,25.4,0.4536,0.0145,Tier 2 (Moderate)
Ecuador,South Korea,0.0331,2033.0,1895.0,138.0,1,0,Af,Dwa,Tropical,Continental,1,Ecuador,South Korea,1.0,0.2,28.3,0.8086,0.0259,Tier 2 (Moderate)
Ecuador,England,0.0331,2033.0,2083.0,-50.0,1,0,Af,Cfb,Tropical,Temperate,1,Ecuador,England,1.0,0.5,25.4,0.4536,0.0145,Tier 2 (Moderate)
Japan,Norway,0.031,2008.0,1994.0,14.0,1,0,Cfa,Dfc,Temperate,Continental,1,Japan,Norway,0.5,0.2,22.5,0.2411,0.0077,Tier 2 (Moderate)
Algeria,England,0.0306,1885.0,2083.0,-198.0,1,0,BWh,Cfb,Arid,Temperate,1,Algeria,England,0.9,0.5,25.4,0.3629,0.0116,Tier 2 (Moderate)
Ecuador,Scotland,0.0304,2033.0,1857.0,176.0,1,0,Af,Cfb,Tropical,Temperate,1,Ecuador,Scotland,1.0,0.5,28.3,0.5054,0.0162,Tier 2 (Moderate)
Egypt,France,0.0301,1818.0,2160.0,-342.0,1,0,BWh,Cfb,Arid,Temperate,1,Egypt,France,0.9,0.5,28.5,0.4071,0.013,Tier 2 (Moderate)
Spain,Austria,0.2145,2216.0,1929.0,287.0,1,0,Csa,Dfb,Temperate,Continental,1,Spain,Austria,0.5,0.2,19.4,0.0,0.0,Tier 3 (Weak)
Morocco,Netherlands,0.166,1988.0,2006.0,-18.0,1,0,Csa,Cfb,Temperate,Temperate,1,Morocco,Netherlands,0.5,0.5,20.3,0.0,0.0,Tier 3 (Weak)
Portugal,Croatia,0.1446,2049.0,1979.0,70.0,1,0,Csa,Cfb,Temperate,Temperate,1,Portugal,Croatia,0.5,0.5,19.8,0.0,0.0,Tier 3 (Weak)
Brazil,Netherlands,0.1307,2081.0,2006.0,75.0,1,0,Am,Cfb,Tropical,Temperate,1,Brazil,Netherlands,1.0,0.5,20.3,0.0,0.0,Tier 3 (Weak)
Colombia,Switzerland,0.127,2083.0,1990.0,93.0,1,0,Af,Cfb,Tropical,Temperate,1,Colombia,Switzerland,1.0,0.5,15.2,0.0,0.0,Tier 3 (Weak)
Mexico,Canada,0.1242,1957.0,1903.0,54.0,1,0,BSh,Dfc,Arid,Continental,1,Mexico,Canada,0.9,0.2,19.8,0.0,0.0,Tier 3 (Weak)
Mexico,England,0.1066,1957.0,2083.0,-126.0,1,0,BSh,Cfb,Arid,Temperate,1,Mexico,England,0.9,0.5,17.6,0.0,0.0,Tier 3 (Weak)
Portugal,England,0.1045,2049.0,2083.0,-34.0,1,0,Csa,Cfb,Temperate,Temperate,1,Portugal,England,0.5,0.5,19.8,0.0,0.0,Tier 3 (Weak)
Colombia,Croatia,0.0985,2083.0,1979.0,104.0,1,0,Af,Cfb,Tropical,Temperate,1,Colombia,Croatia,1.0,0.5,19.8,0.0,0.0,Tier 3 (Weak)
Turkey,Belgium,0.0954,1998.0,2002.0,-4.0,1,0,Csa,Cfb,Temperate,Temperate,1,Turkey,Belgium,0.5,0.5,17.1,0.0,0.0,Tier 3 (Weak)
Uruguay,Austria,0.0874,1986.0,1929.0,57.0,1,0,Cfa,Dfb,Temperate,Continental,1,Uruguay,Austria,0.5,0.2,19.4,0.0,0.0,Tier 3 (Weak)
Spain,Croatia,0.0859,2216.0,1979.0,237.0,1,0,Csa,Cfb,Temperate,Temperate,1,Spain,Croatia,0.5,0.5,28.5,0.0,0.0,Tier 3 (Weak)
Japan,Scotland,0.0844,2008.0,1857.0,151.0,1,0,Cfa,Cfb,Temperate,Temperate,1,Japan,Scotland,0.5,0.5,20.3,0.0,0.0,Tier 3 (Weak)
Portugal,Switzerland,0.0773,2049.0,1990.0,59.0,1,0,Csa,Cfb,Temperate,Temperate,1,Portugal,Switzerland,0.5,0.5,15.2,0.0,0.0,Tier 3 (Weak)
Spain,Belgium,0.0728,2216.0,2002.0,214.0,1,0,Csa,Cfb,Temperate,Temperate,1,Spain,Belgium,0.5,0.5,19.8,0.0,0.0,Tier 3 (Weak)
Spain,England,0.0727,2216.0,2083.0,133.0,1,0,Csa,Cfb,Temperate,Temperate,1,Spain,England,0.5,0.5,28.5,0.0,0.0,Tier 3 (Weak)
Colombia,England,0.0725,2083.0,2083.0,0.0,1,0,Af,Cfb,Tropical,Temperate,1,Colombia,England,1.0,0.5,19.8,0.0,0.0,Tier 3 (Weak)
Mexico,Switzerland,0.0714,1957.0,1990.0,-33.0,1,0,BSh,Cfb,Arid,Temperate,1,Mexico,Switzerland,0.9,0.5,19.8,0.0,0.0,Tier 3 (Weak)
Argentina,Belgium,0.0697,2190.0,2002.0,188.0,1,0,Cfa,Cfb,Temperate,Temperate,1,Argentina,Belgium,0.5,0.5,25.4,0.0,0.0,Tier 3 (Weak)
Japan,Scotland,0.0683,2008.0,1857.0,151.0,1,0,Cfa,Cfb,Temperate,Temperate,1,Japan,Scotland,0.5,0.5,28.8,0.0,0.0,Tier 3 (Weak)
Argentina,Switzerland,0.0677,2190.0,1990.0,200.0,1,0,Cfa,Cfb,Temperate,Temperate,1,Argentina,Switzerland,0.5,0.5,24.2,0.0,0.0,Tier 3 (Weak)
United States,New Zealand,0.0636,1832.0,1710.0,122.0,1,0,Cfa,Cfb,Temperate,Temperate,1,United States,New Zealand,0.5,0.5,24.2,0.0,0.0,Tier 3 (Weak)
South Africa,Canada,0.0633,1673.0,1903.0,-230.0,1,0,BSh,Dfc,Arid,Continental,1,South Africa,Canada,0.9,0.2,19.8,0.0,0.0,Tier 3 (Weak)
United States,Belgium,0.0629,1832.0,2002.0,-170.0,1,0,Cfa,Cfb,Temperate,Temperate,1,United States,Belgium,0.5,0.5,24.2,0.0,0.0,Tier 3 (Weak)
Turkey,New Zealand,0.0612,1998.0,1710.0,288.0,1,0,Csa,Cfb,Temperate,Temperate,1,Turkey,New Zealand,0.5,0.5,24.2,0.0,0.0,Tier 3 (Weak)
Turkey,Belgium,0.0601,1998.0,2002.0,-4.0,1,0,Csa,Cfb,Temperate,Temperate,1,Turkey,Belgium,0.5,0.5,24.2,0.0,0.0,Tier 3 (Weak)
Paraguay,New Zealand,0.0576,1937.0,1710.0,227.0,1,0,Cfa,Cfb,Temperate,Temperate,1,Paraguay,New Zealand,0.5,0.5,24.2,0.0,0.0,Tier 3 (Weak)
Ivory Coast,Belgium,0.0571,1836.0,2002.0,-166.0,1,0,Aw,Cfb,Tropical,Temperate,1,Ivory Coast,Belgium,1.0,0.5,20.1,0.0,0.0,Tier 3 (Weak)
Paraguay,Belgium,0.0567,1937.0,2002.0,-65.0,1,0,Cfa,Cfb,Temperate,Temperate,1,Paraguay,Belgium,0.5,0.5,24.2,0.0,0.0,Tier 3 (Weak)
Spain,France,0.0565,2216.0,2160.0,56.0,1,0,Csa,Cfb,Temperate,Temperate,1,Spain,France,0.5,0.5,28.5,0.0,0.0,Tier 3 (Weak)
Colombia,Canada,0.0564,2083.0,1903.0,180.0,1,0,Af,Dfc,Tropical,Continental,1,Colombia,Canada,1.0,0.2,15.2,0.0,0.0,Tier 3 (Weak)
Ivory Coast,Switzerland,0.0558,1836.0,1990.0,-154.0,1,0,Aw,Cfb,Tropical,Temperate,1,Ivory Coast,Switzerland,1.0,0.5,15.2,0.0,0.0,Tier 3 (Weak)
Uzbekistan,Croatia,0.0541,1823.0,1979.0,-156.0,1,0,BWk,Cfb,Arid,Temperate,1,Uzbekistan,Croatia,0.4,0.5,19.8,0.0,0.0,Tier 3 (Weak)
Tunisia,Scotland,0.05,1777.0,1857.0,-80.0,1,0,BWh,Cfb,Arid,Temperate,1,Tunisia,Scotland,0.9,0.5,20.3,0.0,0.0,Tier 3 (Weak)
Haiti,Netherlands,0.0487,1661.0,2006.0,-345.0,1,0,Aw,Cfb,Tropical,Temperate,1,Haiti,Netherlands,1.0,0.5,20.3,0.0,0.0,Tier 3 (Weak)
Uzbekistan,England,0.0481,1823.0,2083.0,-260.0,1,0,BWk,Cfb,Arid,Temperate,1,Uzbekistan,England,0.4,0.5,25.4,0.0,0.0,Tier 3 (Weak)
Morocco,Netherlands,0.0458,1988.0,2006.0,-18.0,1,0,Csa,Cfb,Temperate,Temperate,1,Morocco,Netherlands,0.5,0.5,28.8,0.0,0.0,Tier 3 (Weak)
Argentina,New Zealand,0.0451,2190.0,1710.0,480.0,1,0,Cfa,Cfb,Temperate,Temperate,1,Argentina,New Zealand,0.5,0.5,25.4,0.0,0.0,Tier 3 (Weak)
Senegal,Belgium,0.0447,1933.0,2002.0,-69.0,1,0,BSh,Cfb,Arid,Temperate,1,Senegal,Belgium,0.9,0.5,20.1,0.0,0.0,Tier 3 (Weak)
Morocco,France,0.0437,1988.0,2160.0,-172.0,1,0,Csa,Cfb,Temperate,Temperate,1,Morocco,France,0.5,0.5,28.5,0.0,0.0,Tier 3 (Weak)
Senegal,Switzerland,0.0429,1933.0,1990.0,-57.0,1,0,BSh,Cfb,Arid,Temperate,1,Senegal,Switzerland,0.9,0.5,15.2,0.0,0.0,Tier 3 (Weak)
Mexico,Bosnia and Herzegovina,0.0419,1957.0,1653.0,304.0,1,0,BSh,Cfb,Arid,Temperate,1,Mexico,Bosnia and Herzegovina,0.9,0.5,19.8,0.0,0.0,Tier 3 (Weak)
Paraguay,France,0.0418,1937.0,2160.0,-223.0,1,0,Cfa,Cfb,Temperate,Temperate,1,Paraguay,France,0.5,0.5,28.5,0.0,0.0,Tier 3 (Weak)
United States,France,0.0413,1832.0,2160.0,-328.0,1,0,Cfa,Cfb,Temperate,Temperate,1,United States,France,0.5,0.5,28.5,0.0,0.0,Tier 3 (Weak)
Tunisia,Switzerland,0.0404,1777.0,1990.0,-213.0,1,0,BWh,Cfb,Arid,Temperate,1,Tunisia,Switzerland,0.9,0.5,15.2,0.0,0.0,Tier 3 (Weak)
Uzbekistan,England,0.0395,1823.0,2083.0,-260.0,1,0,BWk,Cfb,Arid,Temperate,1,Uzbekistan,England,0.4,0.5,19.8,0.0,0.0,Tier 3 (Weak)
DR Congo,Croatia,0.0393,1774.0,1979.0,-205.0,1,0,Am,Cfb,Tropical,Temperate,1,DR Congo,Croatia,1.0,0.5,19.8,0.0,0.0,Tier 3 (Weak)
Japan,Switzerland,0.039,2008.0,1990.0,18.0,1,0,Cfa,Cfb,Temperate,Temperate,1,Japan,Switzerland,0.5,0.5,15.2,0.0,0.0,Tier 3 (Weak)
South Africa,Switzerland,0.0381,1673.0,1990.0,-317.0,1,0,BSh,Cfb,Arid,Temperate,1,South Africa,Switzerland,0.9,0.5,19.8,0.0,0.0,Tier 3 (Weak)
Argentina,England,0.0379,2190.0,2083.0,107.0,1,0,Cfa,Cfb,Temperate,Temperate,1,Argentina,England,0.5,0.5,25.4,0.0,0.0,Tier 3 (Weak)
Mexico,Scotland,0.0372,1957.0,1857.0,100.0,1,0,BSh,Cfb,Arid,Temperate,1,Mexico,Scotland,0.9,0.5,17.6,0.0,0.0,Tier 3 (Weak)
Qatar,Czech Republic,0.037,1552.0,1837.0,-285.0,1,0,BWh,Dfb,Arid,Continental,1,Qatar,Czech Republic,0.9,0.2,19.8,0.0,0.0,Tier 3 (Weak)
Iran,Switzerland,0.0366,1893.0,1990.0,-97.0,1,0,BWh,Cfb,Arid,Temperate,1,Iran,Switzerland,0.9,0.5,15.2,0.0,0.0,Tier 3 (Weak)
Japan,France,0.0363,2008.0,2160.0,-152.0,1,0,Cfa,Cfb,Temperate,Temperate,1,Japan,France,0.5,0.5,28.5,0.0,0.0,Tier 3 (Weak)
Qatar,South Korea,0.0354,1552.0,1895.0,-343.0,1,0,BWh,Dwa,Arid,Continental,1,Qatar,South Korea,0.9,0.2,19.8,0.0,0.0,Tier 3 (Weak)
Paraguay,Belgium,0.035,1937.0,2002.0,-65.0,1,0,Cfa,Cfb,Temperate,Temperate,1,Paraguay,Belgium,0.5,0.5,17.1,0.0,0.0,Tier 3 (Weak)
Portugal,Canada,0.0345,2049.0,1903.0,146.0,1,0,Csa,Dfc,Temperate,Continental,1,Portugal,Canada,0.5,0.2,15.2,0.0,0.0,Tier 3 (Weak)
Mexico,Belgium,0.0333,1957.0,2002.0,-45.0,1,0,BSh,Cfb,Arid,Temperate,1,Mexico,Belgium,0.9,0.5,20.1,0.0,0.0,Tier 3 (Weak)
Turkey,France,0.0329,1998.0,2160.0,-162.0,1,0,Csa,Cfb,Temperate,Temperate,1,Turkey,France,0.5,0.5,28.5,0.0,0.0,Tier 3 (Weak)
United States,Belgium,0.0324,1832.0,2002.0,-170.0,1,0,Cfa,Cfb,Temperate,Temperate,1,United States,Belgium,0.5,0.5,17.1,0.0,0.0,Tier 3 (Weak)
Egypt,Switzerland,0.0322,1818.0,1990.0,-172.0,1,0,BWh,Cfb,Arid,Temperate,1,Egypt,Switzerland,0.9,0.5,15.2,0.0,0.0,Tier 3 (Weak)
Japan,Germany,0.0322,2008.0,2032.0,-24.0,1,0,Cfa,Cfb,Temperate,Temperate,1,Japan,Germany,0.5,0.5,22.5,0.0,0.0,Tier 3 (Weak)
South Africa,Belgium,0.0319,1673.0,2002.0,-329.0,1,0,BSh,Cfb,Arid,Temperate,1,South Africa,Belgium,0.9,0.5,20.1,0.0,0.0,Tier 3 (Weak)
Brazil,France,0.0317,2081.0,2160.0,-79.0,1,0,Am,Cfb,Tropical,Temperate,1,Brazil,France,1.0,0.5,20.3,0.0,0.0,Tier 3 (Weak)
Portugal,England,0.0308,2049.0,2083.0,-34.0,1,0,Csa,Cfb,Temperate,Temperate,1,Portugal,England,0.5,0.5,25.4,0.0,0.0,Tier 3 (Weak)
Saudi Arabia,Belgium,0.0305,1692.0,2002.0,-310.0,1,0,BWh,Cfb,Arid,Temperate,1,Saudi Arabia,Belgium,0.9,0.5,20.1,0.0,0.0,Tier 3 (Weak)
Ecuador,Switzerland,0.0303,2033.0,1990.0,43.0,1,0,Af,Cfb,Tropical,Temperate,1,Ecuador,Switzerland,1.0,0.5,15.2,0.0,0.0,Tier 3 (Weak)
Japan,France,0.0302,2008.0,2160.0,-152.0,1,0,Cfa,Cfb,Temperate,Temperate,1,Japan,France,0.5,0.5,22.5,0.0,0.0,Tier 3 (Weak)
Ecuador,Belgium,0.03,2033.0,2002.0,31.0,1,0,Af,Cfb,Tropical,Temperate,1,Ecuador,Belgium,1.0,0.5,20.1,0.0,0.0,Tier 3 (Weak)
Jordan,Belgium,0.0295,1766.0,2002.0,-236.0,1,0,BWh,Cfb,Arid,Temperate,1,Jordan,Belgium,0.9,0.5,20.1,0.0,0.0,Tier 3 (Weak)
Ivory Coast,Canada,0.0291,1836.0,1903.0,-67.0,1,0,Aw,Dfc,Tropical,Continental,1,Ivory Coast,Canada,1.0,0.2,15.2,0.0,0.0,Tier 3 (Weak)
Morocco,France,0.0288,1988.0,2160.0,-172.0,1,0,Csa,Cfb,Temperate,Temperate,1,Morocco,France,0.5,0.5,20.3,0.0,0.0,Tier 3 (Weak)
Morocco,Sweden,0.0286,1988.0,1793.0,195.0,1,0,Csa,Dfc,Temperate,Continental,1,Morocco,Sweden,0.5,0.2,28.8,0.3086,0.0099,Tier 3 (Weak)
Curaçao,Norway,0.0282,1595.0,1994.0,-399.0,1,0,BSh,Dfc,Arid,Continental,1,Curaçao,Norway,0.9,0.2,22.5,0.5625,0.018,Tier 3 (Weak)
Colombia,Germany,0.0277,2083.0,2032.0,51.0,1,0,Af,Cfb,Tropical,Temperate,1,Colombia,Germany,1.0,0.5,28.0,0.5,0.016,Tier 3 (Weak)
Ecuador,Netherlands,0.0276,2033.0,2006.0,27.0,1,0,Af,Cfb,Tropical,Temperate,1,Ecuador,Netherlands,1.0,0.5,20.3,0.0,0.0,Tier 3 (Weak)
DR Congo,England,0.0273,1774.0,2083.0,-309.0,1,0,Am,Cfb,Tropical,Temperate,1,DR Congo,England,1.0,0.5,19.8,0.0,0.0,Tier 3 (Weak)
Australia,Belgium,0.0273,1891.0,2002.0,-111.0,1,0,BWh,Cfb,Arid,Temperate,1,Australia,Belgium,0.9,0.5,17.1,0.0,0.0,Tier 3 (Weak)
Morocco,Germany,0.0272,1988.0,2032.0,-44.0,1,0,Csa,Cfb,Temperate,Temperate,1,Morocco,Germany,0.5,0.5,28.3,0.0,0.0,Tier 3 (Weak)
Mexico,Sweden,0.0272,1957.0,1793.0,164.0,1,0,BSh,Dfc,Arid,Continental,1,Mexico,Sweden,0.9,0.2,17.6,0.0,0.0,Tier 3 (Weak)
Jordan,Switzerland,0.0272,1766.0,1990.0,-224.0,1,0,BWh,Cfb,Arid,Temperate,1,Jordan,Switzerland,0.9,0.5,15.2,0.0,0.0,Tier 3 (Weak)
Morocco,Switzerland,0.027,1988.0,1990.0,-2.0,1,0,Csa,Cfb,Temperate,Temperate,1,Morocco,Switzerland,0.5,0.5,28.3,0.0,0.0,Tier 3 (Weak)
Argentina,France,0.0269,2190.0,2160.0,30.0,1,0,Cfa,Cfb,Temperate,Temperate,1,Argentina,France,0.5,0.5,25.4,0.0,0.0,Tier 3 (Weak)
Iraq,England,0.0267,1727.0,2083.0,-356.0,1,0,BWh,Cfb,Arid,Temperate,1,Iraq,England,0.9,0.5,25.4,0.3629,0.0116,Tier 3 (Weak)
Turkey,Sweden,0.0265,1998.0,1793.0,205.0,1,0,Csa,Dfc,Temperate,Continental,1,Turkey,Sweden,0.5,0.2,17.1,0.0,0.0,Tier 3 (Weak)
Saudi Arabia,France,0.0264,1692.0,2160.0,-468.0,1,0,BWh,Cfb,Arid,Temperate,1,Saudi Arabia,France,0.9,0.5,28.5,0.4071,0.013,Tier 3 (Weak)
Japan,France,0.0264,2008.0,2160.0,-152.0,1,0,Cfa,Cfb,Temperate,Temperate,1,Japan,France,0.5,0.5,20.3,0.0,0.0,Tier 3 (Weak)
Algeria,Belgium,0.0262,1885.0,2002.0,-117.0,1,0,BWh,Cfb,Arid,Temperate,1,Algeria,Belgium,0.9,0.5,20.1,0.0,0.0,Tier 3 (Weak)
Mexico,Germany,0.026,1957.0,2032.0,-75.0,1,0,BSh,Cfb,Arid,Temperate,1,Mexico,Germany,0.9,0.5,17.6,0.0,0.0,Tier 3 (Weak)
Morocco,South Korea,0.026,1988.0,1895.0,93.0,1,0,Csa,Dwa,Temperate,Continental,1,Morocco,South Korea,0.5,0.2,28.3,0.3032,0.0097,Tier 3 (Weak)
Argentina,Canada,0.026,2190.0,1903.0,287.0,1,0,Cfa,Dfc,Temperate,Continental,1,Argentina,Canada,0.5,0.2,24.2,0.2593,0.0083,Tier 3 (Weak)
Argentina,France,0.0259,2190.0,2160.0,30.0,1,0,Cfa,Cfb,Temperate,Temperate,1,Argentina,France,0.5,0.5,22.5,0.0,0.0,Tier 3 (Weak)
Turkey,Bosnia and Herzegovina,0.0257,1998.0,1653.0,345.0,1,0,Csa,Cfb,Temperate,Temperate,1,Turkey,Bosnia and Herzegovina,0.5,0.5,17.1,0.0,0.0,Tier 3 (Weak)
Turkey,Germany,0.0256,1998.0,2032.0,-34.0,1,0,Csa,Cfb,Temperate,Temperate,1,Turkey,Germany,0.5,0.5,17.1,0.0,0.0,Tier 3 (Weak)
Mexico,Croatia,0.0256,1957.0,1979.0,-22.0,1,0,BSh,Cfb,Arid,Temperate,1,Mexico,Croatia,0.9,0.5,17.6,0.0,0.0,Tier 3 (Weak)
Colombia,Norway,0.0255,2083.0,1994.0,89.0,1,0,Af,Dfc,Tropical,Continental,1,Colombia,Norway,1.0,0.2,28.0,0.8,0.0256,Tier 3 (Weak)
Paraguay,Germany,0.0254,1937.0,2032.0,-95.0,1,0,Cfa,Cfb,Temperate,Temperate,1,Paraguay,Germany,0.5,0.5,28.3,0.0,0.0,Tier 3 (Weak)
Colombia,Austria,0.0254,2083.0,1929.0,154.0,1,0,Af,Dfb,Tropical,Continental,1,Colombia,Austria,1.0,0.2,28.0,0.8,0.0256,Tier 3 (Weak)
Uruguay,Croatia,0.0252,1986.0,1979.0,7.0,1,0,Cfa,Cfb,Temperate,Temperate,1,Uruguay,Croatia,0.5,0.5,28.5,0.0,0.0,Tier 3 (Weak)
United States,Germany,0.0251,1832.0,2032.0,-200.0,1,0,Cfa,Cfb,Temperate,Temperate,1,United States,Germany,0.5,0.5,28.3,0.0,0.0,Tier 3 (Weak)
Spain,Netherlands,0.0251,2216.0,2006.0,210.0,1,0,Csa,Cfb,Temperate,Temperate,1,Spain,Netherlands,0.5,0.5,28.5,0.0,0.0,Tier 3 (Weak)
Curaçao,England,0.0249,1595.0,2083.0,-488.0,1,0,BSh,Cfb,Arid,Temperate,1,Curaçao,England,0.9,0.5,25.4,0.3629,0.0116,Tier 3 (Weak)
Colombia,England,0.0248,2083.0,2083.0,0.0,1,0,Af,Cfb,Tropical,Temperate,1,Colombia,England,1.0,0.5,25.4,0.4536,0.0145,Tier 3 (Weak)
Algeria,Switzerland,0.0248,1885.0,1990.0,-105.0,1,0,BWh,Cfb,Arid,Temperate,1,Algeria,Switzerland,0.9,0.5,15.2,0.0,0.0,Tier 3 (Weak)
Morocco,Czech Republic,0.0247,1988.0,1837.0,151.0,1,0,Csa,Dfb,Temperate,Continental,1,Morocco,Czech Republic,0.5,0.2,28.3,0.3032,0.0097,Tier 3 (Weak)
Brazil,Switzerland,0.0247,2081.0,1990.0,91.0,1,0,Am,Cfb,Tropical,Temperate,1,Brazil,Switzerland,1.0,0.5,28.3,0.5054,0.0162,Tier 3 (Weak)
Portugal,Austria,0.0245,2049.0,1929.0,120.0,1,0,Csa,Dfb,Temperate,Continental,1,Portugal,Austria,0.5,0.2,28.5,0.3054,0.0098,Tier 3 (Weak)
Portugal,Croatia,0.0243,2049.0,1979.0,70.0,1,0,Csa,Cfb,Temperate,Temperate,1,Portugal,Croatia,0.5,0.5,28.0,0.0,0.0,Tier 3 (Weak)
Ivory Coast,Czech Republic,0.0238,1836.0,1837.0,-1.0,1,0,Aw,Dfb,Tropical,Continental,1,Ivory Coast,Czech Republic,1.0,0.2,17.6,0.0,0.0,Tier 3 (Weak)
Brazil,South Korea,0.0238,2081.0,1895.0,186.0,1,0,Am,Dwa,Tropical,Continental,1,Brazil,South Korea,1.0,0.2,28.3,0.8086,0.0259,Tier 3 (Weak)
Australia,Germany,0.0237,1891.0,2032.0,-141.0,1,0,BWh,Cfb,Arid,Temperate,1,Australia,Germany,0.9,0.5,28.3,0.4043,0.0129,Tier 3 (Weak)
Ecuador,England,0.0234,2033.0,2083.0,-50.0,1,0,Af,Cfb,Tropical,Temperate,1,Ecuador,England,1.0,0.5,28.0,0.5,0.016,Tier 3 (Weak)
Morocco,Norway,0.0233,1988.0,1994.0,-6.0,1,0,Csa,Dfc,Temperate,Continental,1,Morocco,Norway,0.5,0.2,28.5,0.3054,0.0098,Tier 3 (Weak)
Turkey,Norway,0.0233,1998.0,1994.0,4.0,1,0,Csa,Dfc,Temperate,Continental,1,Turkey,Norway,0.5,0.2,17.1,0.0,0.0,Tier 3 (Weak)
Mexico,Norway,0.0232,1957.0,1994.0,-37.0,1,0,BSh,Dfc,Arid,Continental,1,Mexico,Norway,0.9,0.2,17.6,0.0,0.0,Tier 3 (Weak)
Brazil,France,0.0231,2081.0,2160.0,-79.0,1,0,Am,Cfb,Tropical,Temperate,1,Brazil,France,1.0,0.5,28.5,0.5089,0.0163,Tier 3 (Weak)
Turkey,Austria,0.0231,1998.0,1929.0,69.0,1,0,Csa,Dfb,Temperate,Continental,1,Turkey,Austria,0.5,0.2,17.1,0.0,0.0,Tier 3 (Weak)
Tunisia,Germany,0.023,1777.0,2032.0,-255.0,1,0,BWh,Cfb,Arid,Temperate,1,Tunisia,Germany,0.9,0.5,28.3,0.4043,0.0129,Tier 3 (Weak)
Japan,South Korea,0.0229,2008.0,1895.0,113.0,1,0,Cfa,Dwa,Temperate,Continental,1,Japan,South Korea,0.5,0.2,28.3,0.3032,0.0097,Tier 3 (Weak)
Uruguay,Belgium,0.0229,1986.0,2002.0,-16.0,1,0,Cfa,Cfb,Temperate,Temperate,1,Uruguay,Belgium,0.5,0.5,25.4,0.0,0.0,Tier 3 (Weak)
Iraq,Belgium,0.0228,1727.0,2002.0,-275.0,1,0,BWh,Cfb,Arid,Temperate,1,Iraq,Belgium,0.9,0.5,20.1,0.0,0.0,Tier 3 (Weak)
Japan,Switzerland,0.0228,2008.0,1990.0,18.0,1,0,Cfa,Cfb,Temperate,Temperate,1,Japan,Switzerland,0.5,0.5,28.3,0.0,0.0,Tier 3 (Weak)
Japan,Germany,0.0226,2008.0,2032.0,-24.0,1,0,Cfa,Cfb,Temperate,Temperate,1,Japan,Germany,0.5,0.5,28.3,0.0,0.0,Tier 3 (Weak)
Morocco,Sweden,0.0226,1988.0,1793.0,195.0,1,0,Csa,Dfc,Temperate,Continental,1,Morocco,Sweden,0.5,0.2,20.3,0.0,0.0,Tier 3 (Weak)
Mexico,Netherlands,0.0225,1957.0,2006.0,-49.0,1,0,BSh,Cfb,Arid,Temperate,1,Mexico,Netherlands,0.9,0.5,17.6,0.0,0.0,Tier 3 (Weak)
Turkey,Netherlands,0.0224,1998.0,2006.0,-8.0,1,0,Csa,Cfb,Temperate,Temperate,1,Turkey,Netherlands,0.5,0.5,17.1,0.0,0.0,Tier 3 (Weak)
Senegal,Canada,0.0224,1933.0,1903.0,30.0,1,0,BSh,Dfc,Arid,Continental,1,Senegal,Canada,0.9,0.2,15.2,0.0,0.0,Tier 3 (Weak)
Ecuador,Bosnia and Herzegovina,0.0221,2033.0,1653.0,380.0,1,0,Af,Cfb,Tropical,Temperate,1,Ecuador,Bosnia and Herzegovina,1.0,0.5,28.3,0.5054,0.0162,Tier 3 (Weak)
Cape Verde,England,0.0221,1660.0,2083.0,-423.0,1,0,BWh,Cfb,Arid,Temperate,1,Cape Verde,England,0.9,0.5,25.4,0.3629,0.0116,Tier 3 (Weak)
Brazil,Czech Republic,0.0221,2081.0,1837.0,244.0,1,0,Am,Dfb,Tropical,Continental,1,Brazil,Czech Republic,1.0,0.2,28.3,0.8086,0.0259,Tier 3 (Weak)
Curaçao,Belgium,0.022,1595.0,2002.0,-407.0,1,0,BSh,Cfb,Arid,Temperate,1,Curaçao,Belgium,0.9,0.5,20.1,0.0,0.0,Tier 3 (Weak)
Iraq,Switzerland,0.022,1727.0,1990.0,-263.0,1,0,BWh,Cfb,Arid,Temperate,1,Iraq,Switzerland,0.9,0.5,15.2,0.0,0.0,Tier 3 (Weak)
Uruguay,England,0.022,1986.0,2083.0,-97.0,1,0,Cfa,Cfb,Temperate,Temperate,1,Uruguay,England,0.5,0.5,28.5,0.0,0.0,Tier 3 (Weak)
Paraguay,Norway,0.0218,1937.0,1994.0,-57.0,1,0,Cfa,Dfc,Temperate,Continental,1,Paraguay,Norway,0.5,0.2,28.5,0.3054,0.0098,Tier 3 (Weak)
Portugal,Belgium,0.0218,2049.0,2002.0,47.0,1,0,Csa,Cfb,Temperate,Temperate,1,Portugal,Belgium,0.5,0.5,19.8,0.0,0.0,Tier 3 (Weak)
Ecuador,Sweden,0.0217,2033.0,1793.0,240.0,1,0,Af,Dfc,Tropical,Continental,1,Ecuador,Sweden,1.0,0.2,28.3,0.8086,0.0259,Tier 3 (Weak)
United States,Norway,0.0217,1832.0,1994.0,-162.0,1,0,Cfa,Dfc,Temperate,Continental,1,United States,Norway,0.5,0.2,28.5,0.3054,0.0098,Tier 3 (Weak)
Japan,Czech Republic,0.0216,2008.0,1837.0,171.0,1,0,Cfa,Dfb,Temperate,Continental,1,Japan,Czech Republic,0.5,0.2,28.3,0.3032,0.0097,Tier 3 (Weak)
Mexico,Scotland,0.0215,1957.0,1857.0,100.0,1,0,BSh,Cfb,Arid,Temperate,1,Mexico,Scotland,0.9,0.5,28.3,0.4043,0.0129,Tier 3 (Weak)
South Africa,Bosnia and Herzegovina,0.0214,1673.0,1653.0,20.0,1,0,BSh,Cfb,Arid,Temperate,1,South Africa,Bosnia and Herzegovina,0.9,0.5,19.8,0.0,0.0,Tier 3 (Weak)
Ecuador,Netherlands,0.0214,2033.0,2006.0,27.0,1,0,Af,Cfb,Tropical,Temperate,1,Ecuador,Netherlands,1.0,0.5,22.5,0.4018,0.0129,Tier 3 (Weak)
Spain,France,0.0211,2216.0,2160.0,56.0,1,0,Csa,Cfb,Temperate,Temperate,1,Spain,France,0.5,0.5,22.5,0.0,0.0,Tier 3 (Weak)
Mexico,France,0.021,1957.0,2160.0,-203.0,1,0,BSh,Cfb,Arid,Temperate,1,Mexico,France,0.9,0.5,20.3,0.0,0.0,Tier 3 (Weak)
Tunisia,Canada,0.0209,1777.0,1903.0,-126.0,1,0,BWh,Dfc,Arid,Continental,1,Tunisia,Canada,0.9,0.2,15.2,0.0,0.0,Tier 3 (Weak)
Spain,Belgium,0.0208,2216.0,2002.0,214.0,1,0,Csa,Cfb,Temperate,Temperate,1,Spain,Belgium,0.5,0.5,25.4,0.0,0.0,Tier 3 (Weak)
Turkey,Canada,0.0207,1998.0,1903.0,95.0,1,0,Csa,Dfc,Temperate,Continental,1,Turkey,Canada,0.5,0.2,17.1,0.0,0.0,Tier 3 (Weak)
Spain,Switzerland,0.0207,2216.0,1990.0,226.0,1,0,Csa,Cfb,Temperate,Temperate,1,Spain,Switzerland,0.5,0.5,24.2,0.0,0.0,Tier 3 (Weak)
Curaçao,France,0.0206,1595.0,2160.0,-565.0,1,0,BSh,Cfb,Arid,Temperate,1,Curaçao,France,0.9,0.5,22.5,0.3214,0.0103,Tier 3 (Weak)
Curaçao,Switzerland,0.0206,1595.0,1990.0,-395.0,1,0,BSh,Cfb,Arid,Temperate,1,Curaçao,Switzerland,0.9,0.5,15.2,0.0,0.0,Tier 3 (Weak)
Turkey,Germany,0.0205,1998.0,2032.0,-34.0,1,0,Csa,Cfb,Temperate,Temperate,1,Turkey,Germany,0.5,0.5,28.3,0.0,0.0,Tier 3 (Weak)
Japan,Canada,0.0203,2008.0,1903.0,105.0,1,0,Cfa,Dfc,Temperate,Continental,1,Japan,Canada,0.5,0.2,15.2,0.0,0.0,Tier 3 (Weak)
Australia,Norway,0.0202,1891.0,1994.0,-103.0,1,0,BWh,Dfc,Arid,Continental,1,Australia,Norway,0.9,0.2,28.5,0.7125,0.0228,Tier 3 (Weak)
Tunisia,Norway,0.0202,1777.0,1994.0,-217.0,1,0,BWh,Dfc,Arid,Continental,1,Tunisia,Norway,0.9,0.2,28.5,0.7125,0.0228,Tier 3 (Weak)
Argentina,Germany,0.0202,2190.0,2032.0,158.0,1,0,Cfa,Cfb,Temperate,Temperate,1,Argentina,Germany,0.5,0.5,25.4,0.0,0.0,Tier 3 (Weak)
Uruguay,England,0.02,1986.0,2083.0,-97.0,1,0,Cfa,Cfb,Temperate,Temperate,1,Uruguay,England,0.5,0.5,25.4,0.0,0.0,Tier 3 (Weak)
Morocco,Czech Republic,0.0199,1988.0,1837.0,151.0,1,0,Csa,Dfb,Temperate,Continental,1,Morocco,Czech Republic,0.5,0.2,17.6,0.0,0.0,Tier 3 (Weak)
Spain,Germany,0.0198,2216.0,2032.0,184.0,1,0,Csa,Cfb,Temperate,Temperate,1,Spain,Germany,0.5,0.5,28.5,0.0,0.0,Tier 3 (Weak)
Morocco,Germany,0.0195,1988.0,2032.0,-44.0,1,0,Csa,Cfb,Temperate,Temperate,1,Morocco,Germany,0.5,0.5,22.5,0.0,0.0,Tier 3 (Weak)
Japan,England,0.0195,2008.0,2083.0,-75.0,1,0,Cfa,Cfb,Temperate,Temperate,1,Japan,England,0.5,0.5,28.0,0.0,0.0,Tier 3 (Weak)
Haiti,France,0.0194,1661.0,2160.0,-499.0,1,0,Aw,Cfb,Tropical,Temperate,1,Haiti,France,1.0,0.5,28.5,0.5089,0.0163,Tier 3 (Weak)
Cape Verde,Belgium,0.0194,1660.0,2002.0,-342.0,1,0,BWh,Cfb,Arid,Temperate,1,Cape Verde,Belgium,0.9,0.5,20.1,0.0,0.0,Tier 3 (Weak)
Mexico,Germany,0.0192,1957.0,2032.0,-75.0,1,0,BSh,Cfb,Arid,Temperate,1,Mexico,Germany,0.9,0.5,28.3,0.4043,0.0129,Tier 3 (Weak)
Ivory Coast,France,0.0191,1836.0,2160.0,-324.0,1,0,Aw,Cfb,Tropical,Temperate,1,Ivory Coast,France,1.0,0.5,23.0,0.4107,0.0131,Tier 3 (Weak)
Spain,Austria,0.019,2216.0,1929.0,287.0,1,0,Csa,Dfb,Temperate,Continental,1,Spain,Austria,0.5,0.2,28.5,0.3054,0.0098,Tier 3 (Weak)
Morocco,France,0.019,1988.0,2160.0,-172.0,1,0,Csa,Cfb,Temperate,Temperate,1,Morocco,France,0.5,0.5,22.5,0.0,0.0,Tier 3 (Weak)
Morocco,Norway,0.0188,1988.0,1994.0,-6.0,1,0,Csa,Dfc,Temperate,Continental,1,Morocco,Norway,0.5,0.2,22.5,0.2411,0.0077,Tier 3 (Weak)
Ecuador,Netherlands,0.0187,2033.0,2006.0,27.0,1,0,Af,Cfb,Tropical,Temperate,1,Ecuador,Netherlands,1.0,0.5,28.3,0.5054,0.0162,Tier 3 (Weak)
Ivory Coast,South Korea,0.0186,1836.0,1895.0,-59.0,1,0,Aw,Dwa,Tropical,Continental,1,Ivory Coast,South Korea,1.0,0.2,17.6,0.0,0.0,Tier 3 (Weak)
Colombia,England,0.0186,2083.0,2083.0,0.0,1,0,Af,Cfb,Tropical,Temperate,1,Colombia,England,1.0,0.5,28.0,0.5,0.016,Tier 3 (Weak)
Brazil,Sweden,0.0185,2081.0,1793.0,288.0,1,0,Am,Dfc,Tropical,Continental,1,Brazil,Sweden,1.0,0.2,20.3,0.0,0.0,Tier 3 (Weak)
Ecuador,Canada,0.0184,2033.0,1903.0,130.0,1,0,Af,Dfc,Tropical,Continental,1,Ecuador,Canada,1.0,0.2,28.3,0.8086,0.0259,Tier 3 (Weak)
Senegal,Czech Republic,0.0184,1933.0,1837.0,96.0,1,0,BSh,Dfb,Arid,Continental,1,Senegal,Czech Republic,0.9,0.2,17.6,0.0,0.0,Tier 3 (Weak)
Iran,Canada,0.0182,1893.0,1903.0,-10.0,1,0,BWh,Dfc,Arid,Continental,1,Iran,Canada,0.9,0.2,15.2,0.0,0.0,Tier 3 (Weak)
Portugal,Germany,0.0181,2049.0,2032.0,17.0,1,0,Csa,Cfb,Temperate,Temperate,1,Portugal,Germany,0.5,0.5,28.0,0.0,0.0,Tier 3 (Weak)
Japan,Norway,0.0178,2008.0,1994.0,14.0,1,0,Cfa,Dfc,Temperate,Continental,1,Japan,Norway,0.5,0.2,28.5,0.3054,0.0098,Tier 3 (Weak)
Uruguay,Belgium,0.0178,1986.0,2002.0,-16.0,1,0,Cfa,Cfb,Temperate,Temperate,1,Uruguay,Belgium,0.5,0.5,20.1,0.0,0.0,Tier 3 (Weak)
Ivory Coast,Croatia,0.0177,1836.0,1979.0,-143.0,1,0,Aw,Cfb,Tropical,Temperate,1,Ivory Coast,Croatia,1.0,0.5,25.4,0.4536,0.0145,Tier 3 (Weak)
Turkey,Norway,0.0176,1998.0,1994.0,4.0,1,0,Csa,Dfc,Temperate,Continental,1,Turkey,Norway,0.5,0.2,28.5,0.3054,0.0098,Tier 3 (Weak)
Iran,Norway,0.0173,1893.0,1994.0,-101.0,1,0,BWh,Dfc,Arid,Continental,1,Iran,Norway,0.9,0.2,28.5,0.7125,0.0228,Tier 3 (Weak)
South Africa,Germany,0.0169,1673.0,2032.0,-359.0,1,0,BSh,Cfb,Arid,Temperate,1,South Africa,Germany,0.9,0.5,28.3,0.4043,0.0129,Tier 3 (Weak)
Tunisia,Czech Republic,0.0169,1777.0,1837.0,-60.0,1,0,BWh,Dfb,Arid,Continental,1,Tunisia,Czech Republic,0.9,0.2,17.6,0.0,0.0,Tier 3 (Weak)
Morocco,England,0.0169,1988.0,2083.0,-95.0,1,0,Csa,Cfb,Temperate,Temperate,1,Morocco,England,0.5,0.5,17.6,0.0,0.0,Tier 3 (Weak)
Tunisia,Germany,0.0168,1777.0,2032.0,-255.0,1,0,BWh,Cfb,Arid,Temperate,1,Tunisia,Germany,0.9,0.5,22.5,0.3214,0.0103,Tier 3 (Weak)
Uruguay,Switzerland,0.0168,1986.0,1990.0,-4.0,1,0,Cfa,Cfb,Temperate,Temperate,1,Uruguay,Switzerland,0.5,0.5,24.2,0.0,0.0,Tier 3 (Weak)
Colombia,Austria,0.0167,2083.0,1929.0,154.0,1,0,Af,Dfb,Tropical,Continental,1,Colombia,Austria,1.0,0.2,28.5,0.8143,0.0261,Tier 3 (Weak)
Ivory Coast,England,0.0167,1836.0,2083.0,-247.0,1,0,Aw,Cfb,Tropical,Temperate,1,Ivory Coast,England,1.0,0.5,17.6,0.0,0.0,Tier 3 (Weak)
Cape Verde,France,0.0166,1660.0,2160.0,-500.0,1,0,BWh,Cfb,Arid,Temperate,1,Cape Verde,France,0.9,0.5,28.5,0.4071,0.013,Tier 3 (Weak)
Egypt,Canada,0.0165,1818.0,1903.0,-85.0,1,0,BWh,Dfc,Arid,Continental,1,Egypt,Canada,0.9,0.2,15.2,0.0,0.0,Tier 3 (Weak)
Portugal,Norway,0.0165,2049.0,1994.0,55.0,1,0,Csa,Dfc,Temperate,Continental,1,Portugal,Norway,0.5,0.2,28.0,0.3,0.0096,Tier 3 (Weak)
Argentina,Norway,0.0165,2190.0,1994.0,196.0,1,0,Cfa,Dfc,Temperate,Continental,1,Argentina,Norway,0.5,0.2,25.4,0.2721,0.0087,Tier 3 (Weak)
Portugal,Austria,0.0164,2049.0,1929.0,120.0,1,0,Csa,Dfb,Temperate,Continental,1,Portugal,Austria,0.5,0.2,28.0,0.3,0.0096,Tier 3 (Weak)
Uruguay,France,0.0163,1986.0,2160.0,-174.0,1,0,Cfa,Cfb,Temperate,Temperate,1,Uruguay,France,0.5,0.5,28.5,0.0,0.0,Tier 3 (Weak)
Qatar,Germany,0.0162,1552.0,2032.0,-480.0,1,0,BWh,Cfb,Arid,Temperate,1,Qatar,Germany,0.9,0.5,28.3,0.4043,0.0129,Tier 3 (Weak)
Japan,Czech Republic,0.0162,2008.0,1837.0,171.0,1,0,Cfa,Dfb,Temperate,Continental,1,Japan,Czech Republic,0.5,0.2,17.6,0.0,0.0,Tier 3 (Weak)
Colombia,Belgium,0.0162,2083.0,2002.0,81.0,1,0,Af,Cfb,Tropical,Temperate,1,Colombia,Belgium,1.0,0.5,19.8,0.0,0.0,Tier 3 (Weak)
Colombia,England,0.016,2083.0,2083.0,0.0,1,0,Af,Cfb,Tropical,Temperate,1,Colombia,England,1.0,0.5,25.4,0.4536,0.0145,Tier 3 (Weak)
Tunisia,Norway,0.0159,1777.0,1994.0,-217.0,1,0,BWh,Dfc,Arid,Continental,1,Tunisia,Norway,0.9,0.2,22.5,0.5625,0.018,Tier 3 (Weak)
Mexico,France,0.0159,1957.0,2160.0,-203.0,1,0,BSh,Cfb,Arid,Temperate,1,Mexico,France,0.9,0.5,28.0,0.4,0.0128,Tier 3 (Weak)
Ecuador,Scotland,0.0158,2033.0,1857.0,176.0,1,0,Af,Cfb,Tropical,Temperate,1,Ecuador,Scotland,1.0,0.5,22.5,0.4018,0.0129,Tier 3 (Weak)
Ecuador,Canada,0.0158,2033.0,1903.0,130.0,1,0,Af,Dfc,Tropical,Continental,1,Ecuador,Canada,1.0,0.2,20.3,0.0,0.0,Tier 3 (Weak)
Spain,England,0.0158,2216.0,2083.0,133.0,1,0,Csa,Cfb,Temperate,Temperate,1,Spain,England,0.5,0.5,22.5,0.0,0.0,Tier 3 (Weak)
Morocco,South Korea,0.0154,1988.0,1895.0,93.0,1,0,Csa,Dwa,Temperate,Continental,1,Morocco,South Korea,0.5,0.2,17.6,0.0,0.0,Tier 3 (Weak)
Uruguay,Belgium,0.0154,1986.0,2002.0,-16.0,1,0,Cfa,Cfb,Temperate,Temperate,1,Uruguay,Belgium,0.5,0.5,19.8,0.0,0.0,Tier 3 (Weak)
Colombia,France,0.0152,2083.0,2160.0,-77.0,1,0,Af,Cfb,Tropical,Temperate,1,Colombia,France,1.0,0.5,28.0,0.5,0.016,Tier 3 (Weak)
Japan,England,0.0152,2008.0,2083.0,-75.0,1,0,Cfa,Cfb,Temperate,Temperate,1,Japan,England,0.5,0.5,17.6,0.0,0.0,Tier 3 (Weak)
South Africa,Netherlands,0.0152,1673.0,2006.0,-333.0,1,0,BSh,Cfb,Arid,Temperate,1,South Africa,Netherlands,0.9,0.5,28.3,0.4043,0.0129,Tier 3 (Weak)
Tunisia,France,0.015,1777.0,2160.0,-383.0,1,0,BWh,Cfb,Arid,Temperate,1,Tunisia,France,0.9,0.5,22.5,0.3214,0.0103,Tier 3 (Weak)
Ecuador,Canada,0.0149,2033.0,1903.0,130.0,1,0,Af,Dfc,Tropical,Continental,1,Ecuador,Canada,1.0,0.2,15.2,0.0,0.0,Tier 3 (Weak)
Uruguay,New Zealand,0.0148,1986.0,1710.0,276.0,1,0,Cfa,Cfb,Temperate,Temperate,1,Uruguay,New Zealand,0.5,0.5,25.4,0.0,0.0,Tier 3 (Weak)
Egypt,Norway,0.0147,1818.0,1994.0,-176.0,1,0,BWh,Dfc,Arid,Continental,1,Egypt,Norway,0.9,0.2,28.5,0.7125,0.0228,Tier 3 (Weak)
Ivory Coast,Belgium,0.0147,1836.0,2002.0,-166.0,1,0,Aw,Cfb,Tropical,Temperate,1,Ivory Coast,Belgium,1.0,0.5,17.1,0.0,0.0,Tier 3 (Weak)
Senegal,England,0.0145,1933.0,2083.0,-150.0,1,0,BSh,Cfb,Arid,Temperate,1,Senegal,England,0.9,0.5,17.6,0.0,0.0,Tier 3 (Weak)
Iran,Czech Republic,0.0144,1893.0,1837.0,56.0,1,0,BWh,Dfb,Arid,Continental,1,Iran,Czech Republic,0.9,0.2,20.1,0.0,0.0,Tier 3 (Weak)
Tunisia,Canada,0.0144,1777.0,1903.0,-126.0,1,0,BWh,Dfc,Arid,Continental,1,Tunisia,Canada,0.9,0.2,28.3,0.7075,0.0226,Tier 3 (Weak)
Senegal,South Korea,0.0143,1933.0,1895.0,38.0,1,0,BSh,Dwa,Arid,Continental,1,Senegal,South Korea,0.9,0.2,17.6,0.0,0.0,Tier 3 (Weak)
Jordan,Canada,0.0142,1766.0,1903.0,-137.0,1,0,BWh,Dfc,Arid,Continental,1,Jordan,Canada,0.9,0.2,15.2,0.0,0.0,Tier 3 (Weak)
Mexico,France,0.014,1957.0,2160.0,-203.0,1,0,BSh,Cfb,Arid,Temperate,1,Mexico,France,0.9,0.5,17.6,0.0,0.0,Tier 3 (Weak)
Senegal,Croatia,0.014,1933.0,1979.0,-46.0,1,0,BSh,Cfb,Arid,Temperate,1,Senegal,Croatia,0.9,0.5,25.4,0.3629,0.0116,Tier 3 (Weak)
Iran,South Korea,0.0138,1893.0,1895.0,-2.0,1,0,BWh,Dwa,Arid,Continental,1,Iran,South Korea,0.9,0.2,20.1,0.0,0.0,Tier 3 (Weak)
Senegal,Netherlands,0.0137,1933.0,2006.0,-73.0,1,0,BSh,Cfb,Arid,Temperate,1,Senegal,Netherlands,0.9,0.5,22.5,0.3214,0.0103,Tier 3 (Weak)
Brazil,Germany,0.0136,2081.0,2032.0,49.0,1,0,Am,Cfb,Tropical,Temperate,1,Brazil,Germany,1.0,0.5,28.3,0.5054,0.0162,Tier 3 (Weak)
Spain,Norway,0.0136,2216.0,1994.0,222.0,1,0,Csa,Dfc,Temperate,Continental,1,Spain,Norway,0.5,0.2,28.5,0.3054,0.0098,Tier 3 (Weak)
Saudi Arabia,Norway,0.0135,1692.0,1994.0,-302.0,1,0,BWh,Dfc,Arid,Continental,1,Saudi Arabia,Norway,0.9,0.2,28.5,0.7125,0.0228,Tier 3 (Weak)
Turkey,France,0.0135,1998.0,2160.0,-162.0,1,0,Csa,Cfb,Temperate,Temperate,1,Turkey,France,0.5,0.5,17.1,0.0,0.0,Tier 3 (Weak)
Japan,Belgium,0.0134,2008.0,2002.0,6.0,1,0,Cfa,Cfb,Temperate,Temperate,1,Japan,Belgium,0.5,0.5,17.1,0.0,0.0,Tier 3 (Weak)
Mexico,Germany,0.0134,1957.0,2032.0,-75.0,1,0,BSh,Cfb,Arid,Temperate,1,Mexico,Germany,0.9,0.5,28.0,0.4,0.0128,Tier 3 (Weak)
Uzbekistan,Croatia,0.0133,1823.0,1979.0,-156.0,1,0,BWk,Cfb,Arid,Temperate,1,Uzbekistan,Croatia,0.4,0.5,25.4,0.0,0.0,Tier 3 (Weak)
Turkey,New Zealand,0.0132,1998.0,1710.0,288.0,1,0,Csa,Cfb,Temperate,Temperate,1,Turkey,New Zealand,0.5,0.5,17.1,0.0,0.0,Tier 3 (Weak)
Ecuador,Switzerland,0.0132,2033.0,1990.0,43.0,1,0,Af,Cfb,Tropical,Temperate,1,Ecuador,Switzerland,1.0,0.5,20.3,0.0,0.0,Tier 3 (Weak)
Turkey,France,0.0132,1998.0,2160.0,-162.0,1,0,Csa,Cfb,Temperate,Temperate,1,Turkey,France,0.5,0.5,28.5,0.0,0.0,Tier 3 (Weak)
Tunisia,South Korea,0.0131,1777.0,1895.0,-118.0,1,0,BWh,Dwa,Arid,Continental,1,Tunisia,South Korea,0.9,0.2,17.6,0.0,0.0,Tier 3 (Weak)
Turkey,Switzerland,0.0131,1998.0,1990.0,8.0,1,0,Csa,Cfb,Temperate,Temperate,1,Turkey,Switzerland,0.5,0.5,17.1,0.0,0.0,Tier 3 (Weak)
Morocco,France,0.0131,1988.0,2160.0,-172.0,1,0,Csa,Cfb,Temperate,Temperate,1,Morocco,France,0.5,0.5,23.0,0.0,0.0,Tier 3 (Weak)
Algeria,Croatia,0.0131,1885.0,1979.0,-94.0,1,0,BWh,Cfb,Arid,Temperate,1,Algeria,Croatia,0.9,0.5,28.5,0.4071,0.013,Tier 3 (Weak)
Brazil,Germany,0.0131,2081.0,2032.0,49.0,1,0,Am,Cfb,Tropical,Temperate,1,Brazil,Germany,1.0,0.5,20.3,0.0,0.0,Tier 3 (Weak)
Portugal,France,0.0131,2049.0,2160.0,-111.0,1,0,Csa,Cfb,Temperate,Temperate,1,Portugal,France,0.5,0.5,28.5,0.0,0.0,Tier 3 (Weak)
Spain,Germany,0.0129,2216.0,2032.0,184.0,1,0,Csa,Cfb,Temperate,Temperate,1,Spain,Germany,0.5,0.5,19.8,0.0,0.0,Tier 3 (Weak)
Japan,South Korea,0.0128,2008.0,1895.0,113.0,1,0,Cfa,Dwa,Temperate,Continental,1,Japan,South Korea,0.5,0.2,17.6,0.0,0.0,Tier 3 (Weak)
Spain,New Zealand,0.0128,2216.0,1710.0,506.0,1,0,Csa,Cfb,Temperate,Temperate,1,Spain,New Zealand,0.5,0.5,25.4,0.0,0.0,Tier 3 (Weak)
Brazil,France,0.0124,2081.0,2160.0,-79.0,1,0,Am,Cfb,Tropical,Temperate,1,Brazil,France,1.0,0.5,22.5,0.4018,0.0129,Tier 3 (Weak)
Ivory Coast,New Zealand,0.0123,1836.0,1710.0,126.0,1,0,Aw,Cfb,Tropical,Temperate,1,Ivory Coast,New Zealand,1.0,0.5,20.1,0.0,0.0,Tier 3 (Weak)
Algeria,Canada,0.0123,1885.0,1903.0,-18.0,1,0,BWh,Dfc,Arid,Continental,1,Algeria,Canada,0.9,0.2,15.2,0.0,0.0,Tier 3 (Weak)
Portugal,England,0.0123,2049.0,2083.0,-34.0,1,0,Csa,Cfb,Temperate,Temperate,1,Portugal,England,0.5,0.5,28.0,0.0,0.0,Tier 3 (Weak)
Argentina,Croatia,0.0123,2190.0,1979.0,211.0,1,0,Cfa,Cfb,Temperate,Temperate,1,Argentina,Croatia,0.5,0.5,28.5,0.0,0.0,Tier 3 (Weak)
Senegal,Belgium,0.0123,1933.0,2002.0,-69.0,1,0,BSh,Cfb,Arid,Temperate,1,Senegal,Belgium,0.9,0.5,17.1,0.0,0.0,Tier 3 (Weak)
Morocco,Germany,0.0123,1988.0,2032.0,-44.0,1,0,Csa,Cfb,Temperate,Temperate,1,Morocco,Germany,0.5,0.5,20.3,0.0,0.0,Tier 3 (Weak)
Ecuador,Czech Republic,0.0122,2033.0,1837.0,196.0,1,0,Af,Dfb,Tropical,Continental,1,Ecuador,Czech Republic,1.0,0.2,17.6,0.0,0.0,Tier 3 (Weak)
Spain,Canada,0.0122,2216.0,1903.0,313.0,1,0,Csa,Dfc,Temperate,Continental,1,Spain,Canada,0.5,0.2,28.5,0.3054,0.0098,Tier 3 (Weak)
Ecuador,Switzerland,0.0121,2033.0,1990.0,43.0,1,0,Af,Cfb,Tropical,Temperate,1,Ecuador,Switzerland,1.0,0.5,28.3,0.5054,0.0162,Tier 3 (Weak)
Senegal,England,0.0121,1933.0,2083.0,-150.0,1,0,BSh,Cfb,Arid,Temperate,1,Senegal,England,0.9,0.5,28.0,0.4,0.0128,Tier 3 (Weak)
Mexico,Norway,0.0121,1957.0,1994.0,-37.0,1,0,BSh,Dfc,Arid,Continental,1,Mexico,Norway,0.9,0.2,28.0,0.7,0.0224,Tier 3 (Weak)
Spain,England,0.0121,2216.0,2083.0,133.0,1,0,Csa,Cfb,Temperate,Temperate,1,Spain,England,0.5,0.5,25.4,0.0,0.0,Tier 3 (Weak)
Morocco,England,0.0118,1988.0,2083.0,-95.0,1,0,Csa,Cfb,Temperate,Temperate,1,Morocco,England,0.5,0.5,28.0,0.0,0.0,Tier 3 (Weak)
Brazil,Norway,0.0117,2081.0,1994.0,87.0,1,0,Am,Dfc,Tropical,Continental,1,Brazil,Norway,1.0,0.2,28.5,0.8143,0.0261,Tier 3 (Weak)
Paraguay,France,0.0117,1937.0,2160.0,-223.0,1,0,Cfa,Cfb,Temperate,Temperate,1,Paraguay,France,0.5,0.5,23.0,0.0,0.0,Tier 3 (Weak)
Haiti,Germany,0.0114,1661.0,2032.0,-371.0,1,0,Aw,Cfb,Tropical,Temperate,1,Haiti,Germany,1.0,0.5,28.3,0.5054,0.0162,Tier 3 (Weak)
Algeria,England,0.0113,1885.0,2083.0,-198.0,1,0,BWh,Cfb,Arid,Temperate,1,Algeria,England,0.9,0.5,28.5,0.4071,0.013,Tier 3 (Weak)
Japan,Germany,0.0113,2008.0,2032.0,-24.0,1,0,Cfa,Cfb,Temperate,Temperate,1,Japan,Germany,0.5,0.5,20.3,0.0,0.0,Tier 3 (Weak)
Saudi Arabia,Czech Republic,0.0112,1692.0,1837.0,-145.0,1,0,BWh,Dfb,Arid,Continental,1,Saudi Arabia,Czech Republic,0.9,0.2,17.6,0.0,0.0,Tier 3 (Weak)
Japan,France,0.0111,2008.0,2160.0,-152.0,1,0,Cfa,Cfb,Temperate,Temperate,1,Japan,France,0.5,0.5,23.0,0.0,0.0,Tier 3 (Weak)
United States,Bosnia and Herzegovina,0.011,1832.0,1653.0,179.0,1,0,Cfa,Cfb,Temperate,Temperate,1,United States,Bosnia and Herzegovina,0.5,0.5,17.1,0.0,0.0,Tier 3 (Weak)
Iraq,Canada,0.011,1727.0,1903.0,-176.0,1,0,BWh,Dfc,Arid,Continental,1,Iraq,Canada,0.9,0.2,15.2,0.0,0.0,Tier 3 (Weak)
Ivory Coast,Switzerland,0.011,1836.0,1990.0,-154.0,1,0,Aw,Cfb,Tropical,Temperate,1,Ivory Coast,Switzerland,1.0,0.5,15.2,0.0,0.0,Tier 3 (Weak)
Argentina,England,0.0109,2190.0,2083.0,107.0,1,0,Cfa,Cfb,Temperate,Temperate,1,Argentina,England,0.5,0.5,25.4,0.0,0.0,Tier 3 (Weak)
Brazil,Croatia,0.0109,2081.0,1979.0,102.0,1,0,Am,Cfb,Tropical,Temperate,1,Brazil,Croatia,1.0,0.5,28.0,0.5,0.016,Tier 3 (Weak)
Spain,Switzerland,0.0109,2216.0,1990.0,226.0,1,0,Csa,Cfb,Temperate,Temperate,1,Spain,Switzerland,0.5,0.5,28.5,0.0,0.0,Tier 3 (Weak)
United States,Sweden,0.0108,1832.0,1793.0,39.0,1,0,Cfa,Dfc,Temperate,Continental,1,United States,Sweden,0.5,0.2,17.1,0.0,0.0,Tier 3 (Weak)
Panama,Austria,0.0108,1831.0,1929.0,-98.0,1,0,Am,Dfb,Tropical,Continental,1,Panama,Austria,1.0,0.2,28.5,0.8143,0.0261,Tier 3 (Weak)
Turkey,South Korea,0.0108,1998.0,1895.0,103.0,1,0,Csa,Dwa,Temperate,Continental,1,Turkey,South Korea,0.5,0.2,17.1,0.0,0.0,Tier 3 (Weak)
Argentina,Germany,0.0108,2190.0,2032.0,158.0,1,0,Cfa,Cfb,Temperate,Temperate,1,Argentina,Germany,0.5,0.5,24.2,0.0,0.0,Tier 3 (Weak)
United States,Germany,0.0107,1832.0,2032.0,-200.0,1,0,Cfa,Cfb,Temperate,Temperate,1,United States,Germany,0.5,0.5,17.1,0.0,0.0,Tier 3 (Weak)
Argentina,England,0.0107,2190.0,2083.0,107.0,1,0,Cfa,Cfb,Temperate,Temperate,1,Argentina,England,0.5,0.5,28.5,0.0,0.0,Tier 3 (Weak)
Tunisia,England,0.0107,1777.0,2083.0,-306.0,1,0,BWh,Cfb,Arid,Temperate,1,Tunisia,England,0.9,0.5,17.6,0.0,0.0,Tier 3 (Weak)
Colombia,France,0.0107,2083.0,2160.0,-77.0,1,0,Af,Cfb,Tropical,Temperate,1,Colombia,France,1.0,0.5,22.5,0.4018,0.0129,Tier 3 (Weak)
Brazil,Switzerland,0.0106,2081.0,1990.0,91.0,1,0,Am,Cfb,Tropical,Temperate,1,Brazil,Switzerland,1.0,0.5,25.4,0.4536,0.0145,Tier 3 (Weak)
Colombia,France,0.0106,2083.0,2160.0,-77.0,1,0,Af,Cfb,Tropical,Temperate,1,Colombia,France,1.0,0.5,25.4,0.4536,0.0145,Tier 3 (Weak)
Panama,Germany,0.0105,1831.0,2032.0,-201.0,1,0,Am,Cfb,Tropical,Temperate,1,Panama,Germany,1.0,0.5,25.4,0.4536,0.0145,Tier 3 (Weak)
Panama,Austria,0.0105,1831.0,1929.0,-98.0,1,0,Am,Dfb,Tropical,Continental,1,Panama,Austria,1.0,0.2,25.4,0.7257,0.0232,Tier 3 (Weak)
Curaçao,Canada,0.0105,1595.0,1903.0,-308.0,1,0,BSh,Dfc,Arid,Continental,1,Curaçao,Canada,0.9,0.2,15.2,0.0,0.0,Tier 3 (Weak)
Panama,Czech Republic,0.0105,1831.0,1837.0,-6.0,1,0,Am,Dfb,Tropical,Continental,1,Panama,Czech Republic,1.0,0.2,17.6,0.0,0.0,Tier 3 (Weak)
Qatar,Netherlands,0.0105,1552.0,2006.0,-454.0,1,0,BWh,Cfb,Arid,Temperate,1,Qatar,Netherlands,0.9,0.5,28.3,0.4043,0.0129,Tier 3 (Weak)
Spain,Norway,0.0105,2216.0,1994.0,222.0,1,0,Csa,Dfc,Temperate,Continental,1,Spain,Norway,0.5,0.2,19.8,0.0,0.0,Tier 3 (Weak)
Colombia,Belgium,0.0104,2083.0,2002.0,81.0,1,0,Af,Cfb,Tropical,Temperate,1,Colombia,Belgium,1.0,0.5,24.2,0.4321,0.0138,Tier 3 (Weak)
Saudi Arabia,South Korea,0.0103,1692.0,1895.0,-203.0,1,0,BWh,Dwa,Arid,Continental,1,Saudi Arabia,South Korea,0.9,0.2,17.6,0.0,0.0,Tier 3 (Weak)
Turkey,France,0.0103,1998.0,2160.0,-162.0,1,0,Csa,Cfb,Temperate,Temperate,1,Turkey,France,0.5,0.5,23.0,0.0,0.0,Tier 3 (Weak)
Paraguay,Sweden,0.0102,1937.0,1793.0,144.0,1,0,Cfa,Dfc,Temperate,Continental,1,Paraguay,Sweden,0.5,0.2,17.1,0.0,0.0,Tier 3 (Weak)
Egypt,Czech Republic,0.0102,1818.0,1837.0,-19.0,1,0,BWh,Dfb,Arid,Continental,1,Egypt,Czech Republic,0.9,0.2,20.1,0.0,0.0,Tier 3 (Weak)
Ecuador,South Korea,0.0102,2033.0,1895.0,138.0,1,0,Af,Dwa,Tropical,Continental,1,Ecuador,South Korea,1.0,0.2,20.3,0.0,0.0,Tier 3 (Weak)
Colombia,France,0.0102,2083.0,2160.0,-77.0,1,0,Af,Cfb,Tropical,Temperate,1,Colombia,France,1.0,0.5,28.5,0.5089,0.0163,Tier 3 (Weak)
Argentina,Netherlands,0.0102,2190.0,2006.0,184.0,1,0,Cfa,Cfb,Temperate,Temperate,1,Argentina,Netherlands,0.5,0.5,25.4,0.0,0.0,Tier 3 (Weak)
Spain,Germany,0.0102,2216.0,2032.0,184.0,1,0,Csa,Cfb,Temperate,Temperate,1,Spain,Germany,0.5,0.5,22.5,0.0,0.0,Tier 3 (Weak)
Paraguay,Bosnia and Herzegovina,0.0101,1937.0,1653.0,284.0,1,0,Cfa,Cfb,Temperate,Temperate,1,Paraguay,Bosnia and Herzegovina,0.5,0.5,17.1,0.0,0.0,Tier 3 (Weak)
Mexico,France,0.0101,1957.0,2160.0,-203.0,1,0,BSh,Cfb,Arid,Temperate,1,Mexico,France,0.9,0.5,23.0,0.3286,0.0105,Tier 3 (Weak)
Brazil,England,0.0101,2081.0,2083.0,-2.0,1,0,Am,Cfb,Tropical,Temperate,1,Brazil,England,1.0,0.5,17.6,0.0,0.0,Tier 3 (Weak)
Ecuador,Scotland,0.0101,2033.0,1857.0,176.0,1,0,Af,Cfb,Tropical,Temperate,1,Ecuador,Scotland,1.0,0.5,20.3,0.0,0.0,Tier 3 (Weak)
Brazil,South Korea,0.0101,2081.0,1895.0,186.0,1,0,Am,Dwa,Tropical,Continental,1,Brazil,South Korea,1.0,0.2,28.0,0.8,0.0256,Tier 3 (Weak)
Haiti,Norway,0.01,1661.0,1994.0,-333.0,1,0,Aw,Dfc,Tropical,Continental,1,Haiti,Norway,1.0,0.2,28.5,0.8143,0.0261,Tier 3 (Weak)
Argentina,Switzerland,0.01,2190.0,1990.0,200.0,1,0,Cfa,Cfb,Temperate,Temperate,1,Argentina,Switzerland,0.5,0.5,15.2,0.0,0.0,Tier 3 (Weak)
Portugal,France,0.01,2049.0,2160.0,-111.0,1,0,Csa,Cfb,Temperate,Temperate,1,Portugal,France,0.5,0.5,28.0,0.0,0.0,Tier 3 (Weak)
United States,France,0.01,1832.0,2160.0,-328.0,1,0,Cfa,Cfb,Temperate,Temperate,1,United States,France,0.5,0.5,23.0,0.0,0.0,Tier 3 (Weak)
Australia,France,0.01,1891.0,2160.0,-269.0,1,0,BWh,Cfb,Arid,Temperate,1,Australia,France,0.9,0.5,23.0,0.3286,0.0105,Tier 3 (Weak)
Paraguay,Switzerland,0.01,1937.0,1990.0,-53.0,1,0,Cfa,Cfb,Temperate,Temperate,1,Paraguay,Switzerland,0.5,0.5,15.2,0.0,0.0,Tier 3 (Weak)
Ivory Coast,Netherlands,0.01,1836.0,2006.0,-170.0,1,0,Aw,Cfb,Tropical,Temperate,1,Ivory Coast,Netherlands,1.0,0.5,22.5,0.4018,0.0129,Tier 3 (Weak)
Turkey,Switzerland,0.01,1998.0,1990.0,8.0,1,0,Csa,Cfb,Temperate,Temperate,1,Turkey,Switzerland,0.5,0.5,24.2,0.0,0.0,Tier 3 (Weak)
Brazil,Czech Republic,0.01,2081.0,1837.0,244.0,1,0,Am,Dfb,Tropical,Continental,1,Brazil,Czech Republic,1.0,0.2,28.0,0.8,0.0256,Tier 3 (Weak)
Colombia,Germany,0.0099,2083.0,2032.0,51.0,1,0,Af,Cfb,Tropical,Temperate,1,Colombia,Germany,1.0,0.5,15.2,0.0,0.0,Tier 3 (Weak)
Jordan,Croatia,0.0099,1766.0,1979.0,-213.0,1,0,BWh,Cfb,Arid,Temperate,1,Jordan,Croatia,0.9,0.5,28.5,0.4071,0.013,Tier 3 (Weak)
Argentina,Belgium,0.0099,2190.0,2002.0,188.0,1,0,Cfa,Cfb,Temperate,Temperate,1,Argentina,Belgium,0.5,0.5,19.8,0.0,0.0,Tier 3 (Weak)
Brazil,Czech Republic,0.0098,2081.0,1837.0,244.0,1,0,Am,Dfb,Tropical,Continental,1,Brazil,Czech Republic,1.0,0.2,17.6,0.0,0.0,Tier 3 (Weak)
Turkey,Czech Republic,0.0098,1998.0,1837.0,161.0,1,0,Csa,Dfb,Temperate,Continental,1,Turkey,Czech Republic,0.5,0.2,17.1,0.0,0.0,Tier 3 (Weak)
Senegal,Scotland,0.0098,1933.0,1857.0,76.0,1,0,BSh,Cfb,Arid,Temperate,1,Senegal,Scotland,0.9,0.5,22.5,0.3214,0.0103,Tier 3 (Weak)
Brazil,Germany,0.0098,2081.0,2032.0,49.0,1,0,Am,Cfb,Tropical,Temperate,1,Brazil,Germany,1.0,0.5,28.0,0.5,0.016,Tier 3 (Weak)
Turkey,Croatia,0.0098,1998.0,1979.0,19.0,1,0,Csa,Cfb,Temperate,Temperate,1,Turkey,Croatia,0.5,0.5,19.8,0.0,0.0,Tier 3 (Weak)
Panama,Norway,0.0097,1831.0,1994.0,-163.0,1,0,Am,Dfc,Tropical,Continental,1,Panama,Norway,1.0,0.2,25.4,0.7257,0.0232,Tier 3 (Weak)
Argentina,Belgium,0.0097,2190.0,2002.0,188.0,1,0,Cfa,Cfb,Temperate,Temperate,1,Argentina,Belgium,0.5,0.5,20.1,0.0,0.0,Tier 3 (Weak)
Ecuador,England,0.0097,2033.0,2083.0,-50.0,1,0,Af,Cfb,Tropical,Temperate,1,Ecuador,England,1.0,0.5,17.6,0.0,0.0,Tier 3 (Weak)
Morocco,Bosnia and Herzegovina,0.0097,1988.0,1653.0,335.0,1,0,Csa,Cfb,Temperate,Temperate,1,Morocco,Bosnia and Herzegovina,0.5,0.5,28.3,0.0,0.0,Tier 3 (Weak)
Brazil,Norway,0.0097,2081.0,1994.0,87.0,1,0,Am,Dfc,Tropical,Continental,1,Brazil,Norway,1.0,0.2,20.3,0.0,0.0,Tier 3 (Weak)
Ecuador,South Korea,0.0096,2033.0,1895.0,138.0,1,0,Af,Dwa,Tropical,Continental,1,Ecuador,South Korea,1.0,0.2,17.6,0.0,0.0,Tier 3 (Weak)
Saudi Arabia,Austria,0.0096,1692.0,1929.0,-237.0,1,0,BWh,Dfb,Arid,Continental,1,Saudi Arabia,Austria,0.9,0.2,28.5,0.7125,0.0228,Tier 3 (Weak)
Turkey,England,0.0096,1998.0,2083.0,-85.0,1,0,Csa,Cfb,Temperate,Temperate,1,Turkey,England,0.5,0.5,19.8,0.0,0.0,Tier 3 (Weak)
United States,Austria,0.0095,1832.0,1929.0,-97.0,1,0,Cfa,Dfb,Temperate,Continental,1,United States,Austria,0.5,0.2,17.1,0.0,0.0,Tier 3 (Weak)
United States,Norway,0.0095,1832.0,1994.0,-162.0,1,0,Cfa,Dfc,Temperate,Continental,1,United States,Norway,0.5,0.2,17.1,0.0,0.0,Tier 3 (Weak)
Tunisia,France,0.0095,1777.0,2160.0,-383.0,1,0,BWh,Cfb,Arid,Temperate,1,Tunisia,France,0.9,0.5,23.0,0.3286,0.0105,Tier 3 (Weak)
Senegal,Switzerland,0.0095,1933.0,1990.0,-57.0,1,0,BSh,Cfb,Arid,Temperate,1,Senegal,Switzerland,0.9,0.5,15.2,0.0,0.0,Tier 3 (Weak)
Mexico,Germany,0.0095,1957.0,2032.0,-75.0,1,0,BSh,Cfb,Arid,Temperate,1,Mexico,Germany,0.9,0.5,20.3,0.0,0.0,Tier 3 (Weak)
Ecuador,Croatia,0.0094,2033.0,1979.0,54.0,1,0,Af,Cfb,Tropical,Temperate,1,Ecuador,Croatia,1.0,0.5,25.4,0.4536,0.0145,Tier 3 (Weak)
Paraguay,Austria,0.0094,1937.0,1929.0,8.0,1,0,Cfa,Dfb,Temperate,Continental,1,Paraguay,Austria,0.5,0.2,17.1,0.0,0.0,Tier 3 (Weak)
Senegal,New Zealand,0.0094,1933.0,1710.0,223.0,1,0,BSh,Cfb,Arid,Temperate,1,Senegal,New Zealand,0.9,0.5,20.1,0.0,0.0,Tier 3 (Weak)
Egypt,South Korea,0.0094,1818.0,1895.0,-77.0,1,0,BWh,Dwa,Arid,Continental,1,Egypt,South Korea,0.9,0.2,20.1,0.0,0.0,Tier 3 (Weak)
Uzbekistan,Switzerland,0.0094,1823.0,1990.0,-167.0,1,0,BWk,Cfb,Arid,Temperate,1,Uzbekistan,Switzerland,0.4,0.5,15.2,0.0,0.0,Tier 3 (Weak)
Ecuador,Sweden,0.0094,2033.0,1793.0,240.0,1,0,Af,Dfc,Tropical,Continental,1,Ecuador,Sweden,1.0,0.2,22.5,0.6429,0.0206,Tier 3 (Weak)
Haiti,Czech Republic,0.0093,1661.0,1837.0,-176.0,1,0,Aw,Dfb,Tropical,Continental,1,Haiti,Czech Republic,1.0,0.2,17.6,0.0,0.0,Tier 3 (Weak)
Paraguay,Germany,0.0093,1937.0,2032.0,-95.0,1,0,Cfa,Cfb,Temperate,Temperate,1,Paraguay,Germany,0.5,0.5,17.1,0.0,0.0,Tier 3 (Weak)
Senegal,Germany,0.0093,1933.0,2032.0,-99.0,1,0,BSh,Cfb,Arid,Temperate,1,Senegal,Germany,0.9,0.5,23.0,0.3286,0.0105,Tier 3 (Weak)
Spain,Austria,0.0093,2216.0,1929.0,287.0,1,0,Csa,Dfb,Temperate,Continental,1,Spain,Austria,0.5,0.2,19.8,0.0,0.0,Tier 3 (Weak)
Iraq,Czech Republic,0.0092,1727.0,1837.0,-110.0,1,0,BWh,Dfb,Arid,Continental,1,Iraq,Czech Republic,0.9,0.2,17.6,0.0,0.0,Tier 3 (Weak)
Saudi Arabia,Croatia,0.0092,1692.0,1979.0,-287.0,1,0,BWh,Cfb,Arid,Temperate,1,Saudi Arabia,Croatia,0.9,0.5,25.4,0.3629,0.0116,Tier 3 (Weak)
Tunisia,Belgium,0.0092,1777.0,2002.0,-225.0,1,0,BWh,Cfb,Arid,Temperate,1,Tunisia,Belgium,0.9,0.5,17.1,0.0,0.0,Tier 3 (Weak)
Morocco,Norway,0.0092,1988.0,1994.0,-6.0,1,0,Csa,Dfc,Temperate,Continental,1,Morocco,Norway,0.5,0.2,20.3,0.0,0.0,Tier 3 (Weak)
Argentina,France,0.0092,2190.0,2160.0,30.0,1,0,Cfa,Cfb,Temperate,Temperate,1,Argentina,France,0.5,0.5,28.5,0.0,0.0,Tier 3 (Weak)
DR Congo,Croatia,0.0091,1774.0,1979.0,-205.0,1,0,Am,Cfb,Tropical,Temperate,1,DR Congo,Croatia,1.0,0.5,25.4,0.4536,0.0145,Tier 3 (Weak)
Tunisia,Switzerland,0.0091,1777.0,1990.0,-213.0,1,0,BWh,Cfb,Arid,Temperate,1,Tunisia,Switzerland,0.9,0.5,28.3,0.4043,0.0129,Tier 3 (Weak)
Argentina,Norway,0.0091,2190.0,1994.0,196.0,1,0,Cfa,Dfc,Temperate,Continental,1,Argentina,Norway,0.5,0.2,24.2,0.2593,0.0083,Tier 3 (Weak)
Argentina,France,0.0091,2190.0,2160.0,30.0,1,0,Cfa,Cfb,Temperate,Temperate,1,Argentina,France,0.5,0.5,28.0,0.0,0.0,Tier 3 (Weak)
Colombia,Norway,0.009,2083.0,1994.0,89.0,1,0,Af,Dfc,Tropical,Continental,1,Colombia,Norway,1.0,0.2,15.2,0.0,0.0,Tier 3 (Weak)
Argentina,Netherlands,0.009,2190.0,2006.0,184.0,1,0,Cfa,Cfb,Temperate,Temperate,1,Argentina,Netherlands,0.5,0.5,22.5,0.0,0.0,Tier 3 (Weak)
Turkey,Switzerland,0.0089,1998.0,1990.0,8.0,1,0,Csa,Cfb,Temperate,Temperate,1,Turkey,Switzerland,0.5,0.5,15.2,0.0,0.0,Tier 3 (Weak)
Tunisia,Czech Republic,0.0089,1777.0,1837.0,-60.0,1,0,BWh,Dfb,Arid,Continental,1,Tunisia,Czech Republic,0.9,0.2,28.3,0.7075,0.0226,Tier 3 (Weak)
Brazil,Bosnia and Herzegovina,0.0089,2081.0,1653.0,428.0,1,0,Am,Cfb,Tropical,Temperate,1,Brazil,Bosnia and Herzegovina,1.0,0.5,28.3,0.5054,0.0162,Tier 3 (Weak)
Curaçao,Czech Republic,0.0088,1595.0,1837.0,-242.0,1,0,BSh,Dfb,Arid,Continental,1,Curaçao,Czech Republic,0.9,0.2,17.6,0.0,0.0,Tier 3 (Weak)
United States,Netherlands,0.0088,1832.0,2006.0,-174.0,1,0,Cfa,Cfb,Temperate,Temperate,1,United States,Netherlands,0.5,0.5,17.1,0.0,0.0,Tier 3 (Weak)
Australia,Sweden,0.0088,1891.0,1793.0,98.0,1,0,BWh,Dfc,Arid,Continental,1,Australia,Sweden,0.9,0.2,17.1,0.0,0.0,Tier 3 (Weak)
Paraguay,Norway,0.0088,1937.0,1994.0,-57.0,1,0,Cfa,Dfc,Temperate,Continental,1,Paraguay,Norway,0.5,0.2,17.1,0.0,0.0,Tier 3 (Weak)
United States,Canada,0.0088,1832.0,1903.0,-71.0,1,0,Cfa,Dfc,Temperate,Continental,1,United States,Canada,0.5,0.2,17.1,0.0,0.0,Tier 3 (Weak)
Australia,Bosnia and Herzegovina,0.0088,1891.0,1653.0,238.0,1,0,BWh,Cfb,Arid,Temperate,1,Australia,Bosnia and Herzegovina,0.9,0.5,17.1,0.0,0.0,Tier 3 (Weak)
Iran,Germany,0.0088,1893.0,2032.0,-139.0,1,0,BWh,Cfb,Arid,Temperate,1,Iran,Germany,0.9,0.5,20.1,0.0,0.0,Tier 3 (Weak)
Colombia,Netherlands,0.0088,2083.0,2006.0,77.0,1,0,Af,Cfb,Tropical,Temperate,1,Colombia,Netherlands,1.0,0.5,15.2,0.0,0.0,Tier 3 (Weak)
Tunisia,South Korea,0.0088,1777.0,1895.0,-118.0,1,0,BWh,Dwa,Arid,Continental,1,Tunisia,South Korea,0.9,0.2,28.3,0.7075,0.0226,Tier 3 (Weak)
Ecuador,Belgium,0.0088,2033.0,2002.0,31.0,1,0,Af,Cfb,Tropical,Temperate,1,Ecuador,Belgium,1.0,0.5,17.1,0.0,0.0,Tier 3 (Weak)
Argentina,France,0.0088,2190.0,2160.0,30.0,1,0,Cfa,Cfb,Temperate,Temperate,1,Argentina,France,0.5,0.5,24.2,0.0,0.0,Tier 3 (Weak)
Portugal,England,0.0088,2049.0,2083.0,-34.0,1,0,Csa,Cfb,Temperate,Temperate,1,Portugal,England,0.5,0.5,25.4,0.0,0.0,Tier 3 (Weak)
Argentina,Germany,0.0088,2190.0,2032.0,158.0,1,0,Cfa,Cfb,Temperate,Temperate,1,Argentina,Germany,0.5,0.5,22.5,0.0,0.0,Tier 3 (Weak)
Jordan,Croatia,0.0087,1766.0,1979.0,-213.0,1,0,BWh,Cfb,Arid,Temperate,1,Jordan,Croatia,0.9,0.5,25.4,0.3629,0.0116,Tier 3 (Weak)
Ecuador,Czech Republic,0.0087,2033.0,1837.0,196.0,1,0,Af,Dfb,Tropical,Continental,1,Ecuador,Czech Republic,1.0,0.2,20.3,0.0,0.0,Tier 3 (Weak)
Spain,France,0.0087,2216.0,2160.0,56.0,1,0,Csa,Cfb,Temperate,Temperate,1,Spain,France,0.5,0.5,19.8,0.0,0.0,Tier 3 (Weak)
Iran,Austria,0.0086,1893.0,1929.0,-36.0,1,0,BWh,Dfb,Arid,Continental,1,Iran,Austria,0.9,0.2,20.1,0.0,0.0,Tier 3 (Weak)
United States,Switzerland,0.0086,1832.0,1990.0,-158.0,1,0,Cfa,Cfb,Temperate,Temperate,1,United States,Switzerland,0.5,0.5,15.2,0.0,0.0,Tier 3 (Weak)
Panama,South Korea,0.0086,1831.0,1895.0,-64.0,1,0,Am,Dwa,Tropical,Continental,1,Panama,South Korea,1.0,0.2,17.6,0.0,0.0,Tier 3 (Weak)
Cape Verde,Norway,0.0085,1660.0,1994.0,-334.0,1,0,BWh,Dfc,Arid,Continental,1,Cape Verde,Norway,0.9,0.2,28.5,0.7125,0.0228,Tier 3 (Weak)
Portugal,Croatia,0.0085,2049.0,1979.0,70.0,1,0,Csa,Cfb,Temperate,Temperate,1,Portugal,Croatia,0.5,0.5,25.4,0.0,0.0,Tier 3 (Weak)
Australia,Germany,0.0085,1891.0,2032.0,-141.0,1,0,BWh,Cfb,Arid,Temperate,1,Australia,Germany,0.9,0.5,17.1,0.0,0.0,Tier 3 (Weak)
Iran,Norway,0.0085,1893.0,1994.0,-101.0,1,0,BWh,Dfc,Arid,Continental,1,Iran,Norway,0.9,0.2,20.1,0.0,0.0,Tier 3 (Weak)
Uruguay,France,0.0085,1986.0,2160.0,-174.0,1,0,Cfa,Cfb,Temperate,Temperate,1,Uruguay,France,0.5,0.5,28.5,0.0,0.0,Tier 3 (Weak)
Algeria,Croatia,0.0084,1885.0,1979.0,-94.0,1,0,BWh,Cfb,Arid,Temperate,1,Algeria,Croatia,0.9,0.5,25.4,0.3629,0.0116,Tier 3 (Weak)
Australia,Switzerland,0.0084,1891.0,1990.0,-99.0,1,0,BWh,Cfb,Arid,Temperate,1,Australia,Switzerland,0.9,0.5,15.2,0.0,0.0,Tier 3 (Weak)
Colombia,Austria,0.0084,2083.0,1929.0,154.0,1,0,Af,Dfb,Tropical,Continental,1,Colombia,Austria,1.0,0.2,15.2,0.0,0.0,Tier 3 (Weak)
Ecuador,France,0.0084,2033.0,2160.0,-127.0,1,0,Af,Cfb,Tropical,Temperate,1,Ecuador,France,1.0,0.5,22.5,0.4018,0.0129,Tier 3 (Weak)
Spain,Scotland,0.0083,2216.0,1857.0,359.0,1,0,Csa,Cfb,Temperate,Temperate,1,Spain,Scotland,0.5,0.5,28.5,0.0,0.0,Tier 3 (Weak)
Brazil,France,0.0083,2081.0,2160.0,-79.0,1,0,Am,Cfb,Tropical,Temperate,1,Brazil,France,1.0,0.5,28.0,0.5,0.016,Tier 3 (Weak)
Paraguay,Canada,0.0082,1937.0,1903.0,34.0,1,0,Cfa,Dfc,Temperate,Continental,1,Paraguay,Canada,0.5,0.2,17.1,0.0,0.0,Tier 3 (Weak)
Paraguay,Netherlands,0.0082,1937.0,2006.0,-69.0,1,0,Cfa,Cfb,Temperate,Temperate,1,Paraguay,Netherlands,0.5,0.5,17.1,0.0,0.0,Tier 3 (Weak)
Japan,Bosnia and Herzegovina,0.0082,2008.0,1653.0,355.0,1,0,Cfa,Cfb,Temperate,Temperate,1,Japan,Bosnia and Herzegovina,0.5,0.5,28.3,0.0,0.0,Tier 3 (Weak)
Brazil,South Korea,0.0081,2081.0,1895.0,186.0,1,0,Am,Dwa,Tropical,Continental,1,Brazil,South Korea,1.0,0.2,17.6,0.0,0.0,Tier 3 (Weak)
Colombia,Sweden,0.0081,2083.0,1793.0,290.0,1,0,Af,Dfc,Tropical,Continental,1,Colombia,Sweden,1.0,0.2,15.2,0.0,0.0,Tier 3 (Weak)
Colombia,New Zealand,0.0081,2083.0,1710.0,373.0,1,0,Af,Cfb,Tropical,Temperate,1,Colombia,New Zealand,1.0,0.5,15.2,0.0,0.0,Tier 3 (Weak)
Colombia,Germany,0.0081,2083.0,2032.0,51.0,1,0,Af,Cfb,Tropical,Temperate,1,Colombia,Germany,1.0,0.5,25.4,0.4536,0.0145,Tier 3 (Weak)
Uruguay,Norway,0.008,1986.0,1994.0,-8.0,1,0,Cfa,Dfc,Temperate,Continental,1,Uruguay,Norway,0.5,0.2,28.5,0.3054,0.0098,Tier 3 (Weak)
Japan,Norway,0.008,2008.0,1994.0,14.0,1,0,Cfa,Dfc,Temperate,Continental,1,Japan,Norway,0.5,0.2,20.3,0.0,0.0,Tier 3 (Weak)
Senegal,France,0.008,1933.0,2160.0,-227.0,1,0,BSh,Cfb,Arid,Temperate,1,Senegal,France,0.9,0.5,28.0,0.4,0.0128,Tier 3 (Weak)
Spain,South Korea,0.008,2216.0,1895.0,321.0,1,0,Csa,Dwa,Temperate,Continental,1,Spain,South Korea,0.5,0.2,28.5,0.3054,0.0098,Tier 3 (Weak)
Argentina,Belgium,0.008,2190.0,2002.0,188.0,1,0,Cfa,Cfb,Temperate,Temperate,1,Argentina,Belgium,0.5,0.5,22.5,0.0,0.0,Tier 3 (Weak)
Spain,Canada,0.0079,2216.0,1903.0,313.0,1,0,Csa,Dfc,Temperate,Continental,1,Spain,Canada,0.5,0.2,24.2,0.2593,0.0083,Tier 3 (Weak)
Spain,Switzerland,0.0079,2216.0,1990.0,226.0,1,0,Csa,Cfb,Temperate,Temperate,1,Spain,Switzerland,0.5,0.5,22.5,0.0,0.0,Tier 3 (Weak)
Mexico,Netherlands,0.0078,1957.0,2006.0,-49.0,1,0,BSh,Cfb,Arid,Temperate,1,Mexico,Netherlands,0.9,0.5,28.0,0.4,0.0128,Tier 3 (Weak)
Ivory Coast,Norway,0.0077,1836.0,1994.0,-158.0,1,0,Aw,Dfc,Tropical,Continental,1,Ivory Coast,Norway,1.0,0.2,23.0,0.6571,0.021,Tier 3 (Weak)
Ivory Coast,Scotland,0.0077,1836.0,1857.0,-21.0,1,0,Aw,Cfb,Tropical,Temperate,1,Ivory Coast,Scotland,1.0,0.5,22.5,0.4018,0.0129,Tier 3 (Weak)
Argentina,Austria,0.0077,2190.0,1929.0,261.0,1,0,Cfa,Dfb,Temperate,Continental,1,Argentina,Austria,0.5,0.2,24.2,0.2593,0.0083,Tier 3 (Weak)
Paraguay,Switzerland,0.0077,1937.0,1990.0,-53.0,1,0,Cfa,Cfb,Temperate,Temperate,1,Paraguay,Switzerland,0.5,0.5,24.2,0.0,0.0,Tier 3 (Weak)
Japan,Netherlands,0.0077,2008.0,2006.0,2.0,1,0,Cfa,Cfb,Temperate,Temperate,1,Japan,Netherlands,0.5,0.5,20.3,0.0,0.0,Tier 3 (Weak)
Brazil,France,0.0077,2081.0,2160.0,-79.0,1,0,Am,Cfb,Tropical,Temperate,1,Brazil,France,1.0,0.5,28.0,0.5,0.016,Tier 3 (Weak)
Senegal,Norway,0.0077,1933.0,1994.0,-61.0,1,0,BSh,Dfc,Arid,Continental,1,Senegal,Norway,0.9,0.2,28.0,0.7,0.0224,Tier 3 (Weak)
Spain,France,0.0077,2216.0,2160.0,56.0,1,0,Csa,Cfb,Temperate,Temperate,1,Spain,France,0.5,0.5,25.4,0.0,0.0,Tier 3 (Weak)
Cape Verde,Czech Republic,0.0076,1660.0,1837.0,-177.0,1,0,BWh,Dfb,Arid,Continental,1,Cape Verde,Czech Republic,0.9,0.2,17.6,0.0,0.0,Tier 3 (Weak)
Spain,England,0.0076,2216.0,2083.0,133.0,1,0,Csa,Cfb,Temperate,Temperate,1,Spain,England,0.5,0.5,25.4,0.0,0.0,Tier 3 (Weak)
Australia,Austria,0.0076,1891.0,1929.0,-38.0,1,0,BWh,Dfb,Arid,Continental,1,Australia,Austria,0.9,0.2,17.1,0.0,0.0,Tier 3 (Weak)
Colombia,Belgium,0.0076,2083.0,2002.0,81.0,1,0,Af,Cfb,Tropical,Temperate,1,Colombia,Belgium,1.0,0.5,15.2,0.0,0.0,Tier 3 (Weak)
Jordan,England,0.0076,1766.0,2083.0,-317.0,1,0,BWh,Cfb,Arid,Temperate,1,Jordan,England,0.9,0.5,28.5,0.4071,0.013,Tier 3 (Weak)
Ecuador,Belgium,0.0076,2033.0,2002.0,31.0,1,0,Af,Cfb,Tropical,Temperate,1,Ecuador,Belgium,1.0,0.5,28.5,0.5089,0.0163,Tier 3 (Weak)
Australia,Norway,0.0075,1891.0,1994.0,-103.0,1,0,BWh,Dfc,Arid,Continental,1,Australia,Norway,0.9,0.2,17.1,0.0,0.0,Tier 3 (Weak)
South Africa,England,0.0075,1673.0,2083.0,-410.0,1,0,BSh,Cfb,Arid,Temperate,1,South Africa,England,0.9,0.5,17.6,0.0,0.0,Tier 3 (Weak)
Tunisia,France,0.0075,1777.0,2160.0,-383.0,1,0,BWh,Cfb,Arid,Temperate,1,Tunisia,France,0.9,0.5,20.3,0.0,0.0,Tier 3 (Weak)
Brazil,Norway,0.0075,2081.0,1994.0,87.0,1,0,Am,Dfc,Tropical,Continental,1,Brazil,Norway,1.0,0.2,28.0,0.8,0.0256,Tier 3 (Weak)
Ivory Coast,England,0.0074,1836.0,2083.0,-247.0,1,0,Aw,Cfb,Tropical,Temperate,1,Ivory Coast,England,1.0,0.5,28.0,0.5,0.016,Tier 3 (Weak)
Spain,Norway,0.0074,2216.0,1994.0,222.0,1,0,Csa,Dfc,Temperate,Continental,1,Spain,Norway,0.5,0.2,22.5,0.2411,0.0077,Tier 3 (Weak)
Haiti,South Korea,0.0073,1661.0,1895.0,-234.0,1,0,Aw,Dwa,Tropical,Continental,1,Haiti,South Korea,1.0,0.2,17.6,0.0,0.0,Tier 3 (Weak)
Iraq,Croatia,0.0073,1727.0,1979.0,-252.0,1,0,BWh,Cfb,Arid,Temperate,1,Iraq,Croatia,0.9,0.5,25.4,0.3629,0.0116,Tier 3 (Weak)
Ecuador,Switzerland,0.0073,2033.0,1990.0,43.0,1,0,Af,Cfb,Tropical,Temperate,1,Ecuador,Switzerland,1.0,0.5,15.2,0.0,0.0,Tier 3 (Weak)
Saudi Arabia,England,0.0073,1692.0,2083.0,-391.0,1,0,BWh,Cfb,Arid,Temperate,1,Saudi Arabia,England,0.9,0.5,17.6,0.0,0.0,Tier 3 (Weak)
Turkey,Austria,0.0073,1998.0,1929.0,69.0,1,0,Csa,Dfb,Temperate,Continental,1,Turkey,Austria,0.5,0.2,17.1,0.0,0.0,Tier 3 (Weak)
Turkey,Germany,0.0073,1998.0,2032.0,-34.0,1,0,Csa,Cfb,Temperate,Temperate,1,Turkey,Germany,0.5,0.5,17.1,0.0,0.0,Tier 3 (Weak)
Ivory Coast,Germany,0.0073,1836.0,2032.0,-196.0,1,0,Aw,Cfb,Tropical,Temperate,1,Ivory Coast,Germany,1.0,0.5,28.0,0.5,0.016,Tier 3 (Weak)
Iraq,South Korea,0.0072,1727.0,1895.0,-168.0,1,0,BWh,Dwa,Arid,Continental,1,Iraq,South Korea,0.9,0.2,17.6,0.0,0.0,Tier 3 (Weak)
Curaçao,South Korea,0.0072,1595.0,1895.0,-300.0,1,0,BSh,Dwa,Arid,Continental,1,Curaçao,South Korea,0.9,0.2,17.6,0.0,0.0,Tier 3 (Weak)
Uruguay,Czech Republic,0.0072,1986.0,1837.0,149.0,1,0,Cfa,Dfb,Temperate,Continental,1,Uruguay,Czech Republic,0.5,0.2,17.6,0.0,0.0,Tier 3 (Weak)
Mexico,New Zealand,0.0072,1957.0,1710.0,247.0,1,0,BSh,Cfb,Arid,Temperate,1,Mexico,New Zealand,0.9,0.5,20.1,0.0,0.0,Tier 3 (Weak)
Haiti,Canada,0.0072,1661.0,1903.0,-242.0,1,0,Aw,Dfc,Tropical,Continental,1,Haiti,Canada,1.0,0.2,28.3,0.8086,0.0259,Tier 3 (Weak)
Algeria,Belgium,0.0072,1885.0,2002.0,-117.0,1,0,BWh,Cfb,Arid,Temperate,1,Algeria,Belgium,0.9,0.5,17.1,0.0,0.0,Tier 3 (Weak)
Uruguay,England,0.0072,1986.0,2083.0,-97.0,1,0,Cfa,Cfb,Temperate,Temperate,1,Uruguay,England,0.5,0.5,25.4,0.0,0.0,Tier 3 (Weak)
Spain,Belgium,0.0071,2216.0,2002.0,214.0,1,0,Csa,Cfb,Temperate,Temperate,1,Spain,Belgium,0.5,0.5,20.1,0.0,0.0,Tier 3 (Weak)
Iran,Switzerland,0.0071,1893.0,1990.0,-97.0,1,0,BWh,Cfb,Arid,Temperate,1,Iran,Switzerland,0.9,0.5,24.2,0.3457,0.0111,Tier 3 (Weak)
Morocco,Netherlands,0.007,1988.0,2006.0,-18.0,1,0,Csa,Cfb,Temperate,Temperate,1,Morocco,Netherlands,0.5,0.5,20.3,0.0,0.0,Tier 3 (Weak)
Spain,New Zealand,0.007,2216.0,1710.0,506.0,1,0,Csa,Cfb,Temperate,Temperate,1,Spain,New Zealand,0.5,0.5,19.8,0.0,0.0,Tier 3 (Weak)
Ecuador,Germany,0.007,2033.0,2032.0,1.0,1,0,Af,Cfb,Tropical,Temperate,1,Ecuador,Germany,1.0,0.5,28.0,0.5,0.016,Tier 3 (Weak)
Cape Verde,South Korea,0.0069,1660.0,1895.0,-235.0,1,0,BWh,Dwa,Arid,Continental,1,Cape Verde,South Korea,0.9,0.2,17.6,0.0,0.0,Tier 3 (Weak)
Egypt,Austria,0.0069,1818.0,1929.0,-111.0,1,0,BWh,Dfb,Arid,Continental,1,Egypt,Austria,0.9,0.2,20.1,0.0,0.0,Tier 3 (Weak)
Morocco,Germany,0.0069,1988.0,2032.0,-44.0,1,0,Csa,Cfb,Temperate,Temperate,1,Morocco,Germany,0.5,0.5,23.0,0.0,0.0,Tier 3 (Weak)
Brazil,France,0.0069,2081.0,2160.0,-79.0,1,0,Am,Cfb,Tropical,Temperate,1,Brazil,France,1.0,0.5,23.0,0.4107,0.0131,Tier 3 (Weak)
Turkey,Norway,0.0069,1998.0,1994.0,4.0,1,0,Csa,Dfc,Temperate,Continental,1,Turkey,Norway,0.5,0.2,17.1,0.0,0.0,Tier 3 (Weak)
Tunisia,England,0.0069,1777.0,2083.0,-306.0,1,0,BWh,Cfb,Arid,Temperate,1,Tunisia,England,0.9,0.5,28.0,0.4,0.0128,Tier 3 (Weak)
Algeria,Belgium,0.0069,1885.0,2002.0,-117.0,1,0,BWh,Cfb,Arid,Temperate,1,Algeria,Belgium,0.9,0.5,19.8,0.0,0.0,Tier 3 (Weak)
Spain,South Korea,0.0069,2216.0,1895.0,321.0,1,0,Csa,Dwa,Temperate,Continental,1,Spain,South Korea,0.5,0.2,19.8,0.0,0.0,Tier 3 (Weak)
Haiti,Netherlands,0.0068,1661.0,2006.0,-345.0,1,0,Aw,Cfb,Tropical,Temperate,1,Haiti,Netherlands,1.0,0.5,28.8,0.5143,0.0165,Tier 3 (Weak)
Curaçao,Croatia,0.0068,1595.0,1979.0,-384.0,1,0,BSh,Cfb,Arid,Temperate,1,Curaçao,Croatia,0.9,0.5,25.4,0.3629,0.0116,Tier 3 (Weak)
Australia,Canada,0.0068,1891.0,1903.0,-12.0,1,0,BWh,Dfc,Arid,Continental,1,Australia,Canada,0.9,0.2,17.1,0.0,0.0,Tier 3 (Weak)
Ecuador,Scotland,0.0068,2033.0,1857.0,176.0,1,0,Af,Cfb,Tropical,Temperate,1,Ecuador,Scotland,1.0,0.5,23.0,0.4107,0.0131,Tier 3 (Weak)
Panama,Belgium,0.0068,1831.0,2002.0,-171.0,1,0,Am,Cfb,Tropical,Temperate,1,Panama,Belgium,1.0,0.5,19.8,0.0,0.0,Tier 3 (Weak)
Spain,Netherlands,0.0068,2216.0,2006.0,210.0,1,0,Csa,Cfb,Temperate,Temperate,1,Spain,Netherlands,0.5,0.5,22.5,0.0,0.0,Tier 3 (Weak)
Australia,Netherlands,0.0067,1891.0,2006.0,-115.0,1,0,BWh,Cfb,Arid,Temperate,1,Australia,Netherlands,0.9,0.5,17.1,0.0,0.0,Tier 3 (Weak)
Jordan,Belgium,0.0067,1766.0,2002.0,-236.0,1,0,BWh,Cfb,Arid,Temperate,1,Jordan,Belgium,0.9,0.5,17.1,0.0,0.0,Tier 3 (Weak)
Portugal,Belgium,0.0067,2049.0,2002.0,47.0,1,0,Csa,Cfb,Temperate,Temperate,1,Portugal,Belgium,0.5,0.5,24.2,0.0,0.0,Tier 3 (Weak)
Argentina,Croatia,0.0067,2190.0,1979.0,211.0,1,0,Cfa,Cfb,Temperate,Temperate,1,Argentina,Croatia,0.5,0.5,25.4,0.0,0.0,Tier 3 (Weak)
Ivory Coast,Czech Republic,0.0066,1836.0,1837.0,-1.0,1,0,Aw,Dfb,Tropical,Continental,1,Ivory Coast,Czech Republic,1.0,0.2,28.3,0.8086,0.0259,Tier 3 (Weak)
Haiti,Sweden,0.0066,1661.0,1793.0,-132.0,1,0,Aw,Dfc,Tropical,Continental,1,Haiti,Sweden,1.0,0.2,20.3,0.0,0.0,Tier 3 (Weak)
Spain,France,0.0066,2216.0,2160.0,56.0,1,0,Csa,Cfb,Temperate,Temperate,1,Spain,France,0.5,0.5,28.5,0.0,0.0,Tier 3 (Weak)
Cape Verde,Austria,0.0066,1660.0,1929.0,-269.0,1,0,BWh,Dfb,Arid,Continental,1,Cape Verde,Austria,0.9,0.2,28.5,0.7125,0.0228,Tier 3 (Weak)
Panama,Switzerland,0.0066,1831.0,1990.0,-159.0,1,0,Am,Cfb,Tropical,Temperate,1,Panama,Switzerland,1.0,0.5,15.2,0.0,0.0,Tier 3 (Weak)
Argentina,Croatia,0.0066,2190.0,1979.0,211.0,1,0,Cfa,Cfb,Temperate,Temperate,1,Argentina,Croatia,0.5,0.5,24.2,0.0,0.0,Tier 3 (Weak)
Argentina,England,0.0066,2190.0,2083.0,107.0,1,0,Cfa,Cfb,Temperate,Temperate,1,Argentina,England,0.5,0.5,22.5,0.0,0.0,Tier 3 (Weak)
Portugal,France,0.0066,2049.0,2160.0,-111.0,1,0,Csa,Cfb,Temperate,Temperate,1,Portugal,France,0.5,0.5,22.5,0.0,0.0,Tier 3 (Weak)
Colombia,Croatia,0.0065,2083.0,1979.0,104.0,1,0,Af,Cfb,Tropical,Temperate,1,Colombia,Croatia,1.0,0.5,25.4,0.4536,0.0145,Tier 3 (Weak)
South Africa,New Zealand,0.0065,1673.0,1710.0,-37.0,1,0,BSh,Cfb,Arid,Temperate,1,South Africa,New Zealand,0.9,0.5,20.1,0.0,0.0,Tier 3 (Weak)
South Africa,Scotland,0.0065,1673.0,1857.0,-184.0,1,0,BSh,Cfb,Arid,Temperate,1,South Africa,Scotland,0.9,0.5,28.3,0.4043,0.0129,Tier 3 (Weak)
Morocco,Scotland,0.0065,1988.0,1857.0,131.0,1,0,Csa,Cfb,Temperate,Temperate,1,Morocco,Scotland,0.5,0.5,20.3,0.0,0.0,Tier 3 (Weak)
Mexico,Norway,0.0065,1957.0,1994.0,-37.0,1,0,BSh,Dfc,Arid,Continental,1,Mexico,Norway,0.9,0.2,20.3,0.0,0.0,Tier 3 (Weak)
Mexico,Austria,0.0064,1957.0,1929.0,28.0,1,0,BSh,Dfb,Arid,Continental,1,Mexico,Austria,0.9,0.2,17.6,0.0,0.0,Tier 3 (Weak)
Uruguay,Canada,0.0064,1986.0,1903.0,83.0,1,0,Cfa,Dfc,Temperate,Continental,1,Uruguay,Canada,0.5,0.2,24.2,0.2593,0.0083,Tier 3 (Weak)
Ecuador,France,0.0064,2033.0,2160.0,-127.0,1,0,Af,Cfb,Tropical,Temperate,1,Ecuador,France,1.0,0.5,28.0,0.5,0.016,Tier 3 (Weak)
Colombia,Norway,0.0064,2083.0,1994.0,89.0,1,0,Af,Dfc,Tropical,Continental,1,Colombia,Norway,1.0,0.2,25.4,0.7257,0.0232,Tier 3 (Weak)
Ivory Coast,South Korea,0.0063,1836.0,1895.0,-59.0,1,0,Aw,Dwa,Tropical,Continental,1,Ivory Coast,South Korea,1.0,0.2,28.3,0.8086,0.0259,Tier 3 (Weak)
Saudi Arabia,New Zealand,0.0063,1692.0,1710.0,-18.0,1,0,BWh,Cfb,Arid,Temperate,1,Saudi Arabia,New Zealand,0.9,0.5,20.1,0.0,0.0,Tier 3 (Weak)
Ecuador,New Zealand,0.0063,2033.0,1710.0,323.0,1,0,Af,Cfb,Tropical,Temperate,1,Ecuador,New Zealand,1.0,0.5,20.1,0.0,0.0,Tier 3 (Weak)
Egypt,Germany,0.0063,1818.0,2032.0,-214.0,1,0,BWh,Cfb,Arid,Temperate,1,Egypt,Germany,0.9,0.5,20.1,0.0,0.0,Tier 3 (Weak)
Uzbekistan,Austria,0.0063,1823.0,1929.0,-106.0,1,0,BWk,Dfb,Arid,Continental,1,Uzbekistan,Austria,0.4,0.2,28.5,0.2036,0.0065,Tier 3 (Weak)
Turkey,Austria,0.0063,1998.0,1929.0,69.0,1,0,Csa,Dfb,Temperate,Continental,1,Turkey,Austria,0.5,0.2,19.8,0.0,0.0,Tier 3 (Weak)
Spain,Germany,0.0063,2216.0,2032.0,184.0,1,0,Csa,Cfb,Temperate,Temperate,1,Spain,Germany,0.5,0.5,25.4,0.0,0.0,Tier 3 (Weak)
Ecuador,France,0.0063,2033.0,2160.0,-127.0,1,0,Af,Cfb,Tropical,Temperate,1,Ecuador,France,1.0,0.5,28.0,0.5,0.016,Tier 3 (Weak)
Spain,England,0.0063,2216.0,2083.0,133.0,1,0,Csa,Cfb,Temperate,Temperate,1,Spain,England,0.5,0.5,28.0,0.0,0.0,Tier 3 (Weak)
Australia,Switzerland,0.0062,1891.0,1990.0,-99.0,1,0,BWh,Cfb,Arid,Temperate,1,Australia,Switzerland,0.9,0.5,24.2,0.3457,0.0111,Tier 3 (Weak)
Iraq,England,0.0061,1727.0,2083.0,-356.0,1,0,BWh,Cfb,Arid,Temperate,1,Iraq,England,0.9,0.5,17.6,0.0,0.0,Tier 3 (Weak)
Mexico,Germany,0.0061,1957.0,2032.0,-75.0,1,0,BSh,Cfb,Arid,Temperate,1,Mexico,Germany,0.9,0.5,17.6,0.0,0.0,Tier 3 (Weak)
Spain,Czech Republic,0.0061,2216.0,1837.0,379.0,1,0,Csa,Dfb,Temperate,Continental,1,Spain,Czech Republic,0.5,0.2,28.5,0.3054,0.0098,Tier 3 (Weak)
Cape Verde,Croatia,0.006,1660.0,1979.0,-319.0,1,0,BWh,Cfb,Arid,Temperate,1,Cape Verde,Croatia,0.9,0.5,25.4,0.3629,0.0116,Tier 3 (Weak)
Jordan,New Zealand,0.006,1766.0,1710.0,56.0,1,0,BWh,Cfb,Arid,Temperate,1,Jordan,New Zealand,0.9,0.5,20.1,0.0,0.0,Tier 3 (Weak)
Colombia,Bosnia and Herzegovina,0.006,2083.0,1653.0,430.0,1,0,Af,Cfb,Tropical,Temperate,1,Colombia,Bosnia and Herzegovina,1.0,0.5,15.2,0.0,0.0,Tier 3 (Weak)
Mexico,Norway,0.006,1957.0,1994.0,-37.0,1,0,BSh,Dfc,Arid,Continental,1,Mexico,Norway,0.9,0.2,17.6,0.0,0.0,Tier 3 (Weak)
Portugal,Netherlands,0.006,2049.0,2006.0,43.0,1,0,Csa,Cfb,Temperate,Temperate,1,Portugal,Netherlands,0.5,0.5,28.5,0.0,0.0,Tier 3 (Weak)
Uruguay,South Korea,0.0059,1986.0,1895.0,91.0,1,0,Cfa,Dwa,Temperate,Continental,1,Uruguay,South Korea,0.5,0.2,17.6,0.0,0.0,Tier 3 (Weak)
Panama,France,0.0059,1831.0,2160.0,-329.0,1,0,Am,Cfb,Tropical,Temperate,1,Panama,France,1.0,0.5,25.4,0.4536,0.0145,Tier 3 (Weak)
Paraguay,Germany,0.0059,1937.0,2032.0,-95.0,1,0,Cfa,Cfb,Temperate,Temperate,1,Paraguay,Germany,0.5,0.5,23.0,0.0,0.0,Tier 3 (Weak)
Spain,Belgium,0.0059,2216.0,2002.0,214.0,1,0,Csa,Cfb,Temperate,Temperate,1,Spain,Belgium,0.5,0.5,22.5,0.0,0.0,Tier 3 (Weak)
Uruguay,Croatia,0.0058,1986.0,1979.0,7.0,1,0,Cfa,Cfb,Temperate,Temperate,1,Uruguay,Croatia,0.5,0.5,25.4,0.0,0.0,Tier 3 (Weak)
United States,France,0.0058,1832.0,2160.0,-328.0,1,0,Cfa,Cfb,Temperate,Temperate,1,United States,France,0.5,0.5,17.1,0.0,0.0,Tier 3 (Weak)
Egypt,Norway,0.0058,1818.0,1994.0,-176.0,1,0,BWh,Dfc,Arid,Continental,1,Egypt,Norway,0.9,0.2,20.1,0.0,0.0,Tier 3 (Weak)
United States,Germany,0.0058,1832.0,2032.0,-200.0,1,0,Cfa,Cfb,Temperate,Temperate,1,United States,Germany,0.5,0.5,23.0,0.0,0.0,Tier 3 (Weak)
Japan,Germany,0.0058,2008.0,2032.0,-24.0,1,0,Cfa,Cfb,Temperate,Temperate,1,Japan,Germany,0.5,0.5,23.0,0.0,0.0,Tier 3 (Weak)
Portugal,Germany,0.0058,2049.0,2032.0,17.0,1,0,Csa,Cfb,Temperate,Temperate,1,Portugal,Germany,0.5,0.5,15.2,0.0,0.0,Tier 3 (Weak)
Uruguay,England,0.0058,1986.0,2083.0,-97.0,1,0,Cfa,Cfb,Temperate,Temperate,1,Uruguay,England,0.5,0.5,17.6,0.0,0.0,Tier 3 (Weak)
Brazil,Netherlands,0.0058,2081.0,2006.0,75.0,1,0,Am,Cfb,Tropical,Temperate,1,Brazil,Netherlands,1.0,0.5,20.3,0.0,0.0,Tier 3 (Weak)
Argentina,Norway,0.0058,2190.0,1994.0,196.0,1,0,Cfa,Dfc,Temperate,Continental,1,Argentina,Norway,0.5,0.2,22.5,0.2411,0.0077,Tier 3 (Weak)
Ivory Coast,Scotland,0.0057,1836.0,1857.0,-21.0,1,0,Aw,Cfb,Tropical,Temperate,1,Ivory Coast,Scotland,1.0,0.5,28.3,0.5054,0.0162,Tier 3 (Weak)
United States,Switzerland,0.0057,1832.0,1990.0,-158.0,1,0,Cfa,Cfb,Temperate,Temperate,1,United States,Switzerland,0.5,0.5,17.1,0.0,0.0,Tier 3 (Weak)
Algeria,New Zealand,0.0057,1885.0,1710.0,175.0,1,0,BWh,Cfb,Arid,Temperate,1,Algeria,New Zealand,0.9,0.5,20.1,0.0,0.0,Tier 3 (Weak)
Australia,Germany,0.0057,1891.0,2032.0,-141.0,1,0,BWh,Cfb,Arid,Temperate,1,Australia,Germany,0.9,0.5,23.0,0.3286,0.0105,Tier 3 (Weak)
United States,Switzerland,0.0057,1832.0,1990.0,-158.0,1,0,Cfa,Cfb,Temperate,Temperate,1,United States,Switzerland,0.5,0.5,24.2,0.0,0.0,Tier 3 (Weak)
Spain,Czech Republic,0.0057,2216.0,1837.0,379.0,1,0,Csa,Dfb,Temperate,Continental,1,Spain,Czech Republic,0.5,0.2,19.8,0.0,0.0,Tier 3 (Weak)
Brazil,Belgium,0.0057,2081.0,2002.0,79.0,1,0,Am,Cfb,Tropical,Temperate,1,Brazil,Belgium,1.0,0.5,28.5,0.5089,0.0163,Tier 3 (Weak)
Ecuador,Germany,0.0056,2033.0,2032.0,1.0,1,0,Af,Cfb,Tropical,Temperate,1,Ecuador,Germany,1.0,0.5,28.0,0.5,0.016,Tier 3 (Weak)
Spain,Netherlands,0.0056,2216.0,2006.0,210.0,1,0,Csa,Cfb,Temperate,Temperate,1,Spain,Netherlands,0.5,0.5,19.8,0.0,0.0,Tier 3 (Weak)
Turkey,Netherlands,0.0056,1998.0,2006.0,-8.0,1,0,Csa,Cfb,Temperate,Temperate,1,Turkey,Netherlands,0.5,0.5,28.5,0.0,0.0,Tier 3 (Weak)
Portugal,France,0.0056,2049.0,2160.0,-111.0,1,0,Csa,Cfb,Temperate,Temperate,1,Portugal,France,0.5,0.5,25.4,0.0,0.0,Tier 3 (Weak)
Spain,Germany,0.0056,2216.0,2032.0,184.0,1,0,Csa,Cfb,Temperate,Temperate,1,Spain,Germany,0.5,0.5,28.0,0.0,0.0,Tier 3 (Weak)
Japan,France,0.0056,2008.0,2160.0,-152.0,1,0,Cfa,Cfb,Temperate,Temperate,1,Japan,France,0.5,0.5,22.5,0.0,0.0,Tier 3 (Weak)
Qatar,Scotland,0.0055,1552.0,1857.0,-305.0,1,0,BWh,Cfb,Arid,Temperate,1,Qatar,Scotland,0.9,0.5,28.3,0.4043,0.0129,Tier 3 (Weak)
Ecuador,Norway,0.0055,2033.0,1994.0,39.0,1,0,Af,Dfc,Tropical,Continental,1,Ecuador,Norway,1.0,0.2,28.0,0.8,0.0256,Tier 3 (Weak)
Paraguay,France,0.0054,1937.0,2160.0,-223.0,1,0,Cfa,Cfb,Temperate,Temperate,1,Paraguay,France,0.5,0.5,17.1,0.0,0.0,Tier 3 (Weak)
Colombia,France,0.0054,2083.0,2160.0,-77.0,1,0,Af,Cfb,Tropical,Temperate,1,Colombia,France,1.0,0.5,15.2,0.0,0.0,Tier 3 (Weak)
Senegal,Sweden,0.0054,1933.0,1793.0,140.0,1,0,BSh,Dfc,Arid,Continental,1,Senegal,Sweden,0.9,0.2,22.5,0.5625,0.018,Tier 3 (Weak)
Senegal,Germany,0.0054,1933.0,2032.0,-99.0,1,0,BSh,Cfb,Arid,Temperate,1,Senegal,Germany,0.9,0.5,28.0,0.4,0.0128,Tier 3 (Weak)
Spain,France,0.0054,2216.0,2160.0,56.0,1,0,Csa,Cfb,Temperate,Temperate,1,Spain,France,0.5,0.5,28.0,0.0,0.0,Tier 3 (Weak)
Argentina,Netherlands,0.0054,2190.0,2006.0,184.0,1,0,Cfa,Cfb,Temperate,Temperate,1,Argentina,Netherlands,0.5,0.5,28.0,0.0,0.0,Tier 3 (Weak)
Morocco,Norway,0.0053,1988.0,1994.0,-6.0,1,0,Csa,Dfc,Temperate,Continental,1,Morocco,Norway,0.5,0.2,23.0,0.2464,0.0079,Tier 3 (Weak)
Turkey,Germany,0.0053,1998.0,2032.0,-34.0,1,0,Csa,Cfb,Temperate,Temperate,1,Turkey,Germany,0.5,0.5,23.0,0.0,0.0,Tier 3 (Weak)
Portugal,Netherlands,0.0053,2049.0,2006.0,43.0,1,0,Csa,Cfb,Temperate,Temperate,1,Portugal,Netherlands,0.5,0.5,15.2,0.0,0.0,Tier 3 (Weak)
Algeria,Switzerland,0.0053,1885.0,1990.0,-105.0,1,0,BWh,Cfb,Arid,Temperate,1,Algeria,Switzerland,0.9,0.5,15.2,0.0,0.0,Tier 3 (Weak)
Argentina,Belgium,0.0053,2190.0,2002.0,188.0,1,0,Cfa,Cfb,Temperate,Temperate,1,Argentina,Belgium,0.5,0.5,24.2,0.0,0.0,Tier 3 (Weak)
Argentina,Scotland,0.0053,2190.0,1857.0,333.0,1,0,Cfa,Cfb,Temperate,Temperate,1,Argentina,Scotland,0.5,0.5,25.4,0.0,0.0,Tier 3 (Weak)
Argentina,Germany,0.0053,2190.0,2032.0,158.0,1,0,Cfa,Cfb,Temperate,Temperate,1,Argentina,Germany,0.5,0.5,28.0,0.0,0.0,Tier 3 (Weak)
Ecuador,Germany,0.0053,2033.0,2032.0,1.0,1,0,Af,Cfb,Tropical,Temperate,1,Ecuador,Germany,1.0,0.5,22.5,0.4018,0.0129,Tier 3 (Weak)
Ecuador,Belgium,0.0052,2033.0,2002.0,31.0,1,0,Af,Cfb,Tropical,Temperate,1,Ecuador,Belgium,1.0,0.5,23.0,0.4107,0.0131,Tier 3 (Weak)
South Africa,France,0.0052,1673.0,2160.0,-487.0,1,0,BSh,Cfb,Arid,Temperate,1,South Africa,France,0.9,0.5,23.0,0.3286,0.0105,Tier 3 (Weak)
Ivory Coast,Canada,0.0052,1836.0,1903.0,-67.0,1,0,Aw,Dfc,Tropical,Continental,1,Ivory Coast,Canada,1.0,0.2,15.2,0.0,0.0,Tier 3 (Weak)
Iraq,Belgium,0.0052,1727.0,2002.0,-275.0,1,0,BWh,Cfb,Arid,Temperate,1,Iraq,Belgium,0.9,0.5,17.1,0.0,0.0,Tier 3 (Weak)
Argentina,Netherlands,0.0052,2190.0,2006.0,184.0,1,0,Cfa,Cfb,Temperate,Temperate,1,Argentina,Netherlands,0.5,0.5,24.2,0.0,0.0,Tier 3 (Weak)
Paraguay,Switzerland,0.0051,1937.0,1990.0,-53.0,1,0,Cfa,Cfb,Temperate,Temperate,1,Paraguay,Switzerland,0.5,0.5,17.1,0.0,0.0,Tier 3 (Weak)
Iran,Germany,0.0051,1893.0,2032.0,-139.0,1,0,BWh,Cfb,Arid,Temperate,1,Iran,Germany,0.9,0.5,23.0,0.3286,0.0105,Tier 3 (Weak)
Jordan,Switzerland,0.0051,1766.0,1990.0,-224.0,1,0,BWh,Cfb,Arid,Temperate,1,Jordan,Switzerland,0.9,0.5,15.2,0.0,0.0,Tier 3 (Weak)
Egypt,Switzerland,0.0051,1818.0,1990.0,-172.0,1,0,BWh,Cfb,Arid,Temperate,1,Egypt,Switzerland,0.9,0.5,24.2,0.3457,0.0111,Tier 3 (Weak)
Morocco,Belgium,0.0051,1988.0,2002.0,-14.0,1,0,Csa,Cfb,Temperate,Temperate,1,Morocco,Belgium,0.5,0.5,28.5,0.0,0.0,Tier 3 (Weak)
Argentina,Canada,0.005,2190.0,1903.0,287.0,1,0,Cfa,Dfc,Temperate,Continental,1,Argentina,Canada,0.5,0.2,15.2,0.0,0.0,Tier 3 (Weak)
Paraguay,Norway,0.005,1937.0,1994.0,-57.0,1,0,Cfa,Dfc,Temperate,Continental,1,Paraguay,Norway,0.5,0.2,23.0,0.2464,0.0079,Tier 3 (Weak)
Portugal,Norway,0.005,2049.0,1994.0,55.0,1,0,Csa,Dfc,Temperate,Continental,1,Portugal,Norway,0.5,0.2,15.2,0.0,0.0,Tier 3 (Weak)
Curaçao,England,0.005,1595.0,2083.0,-488.0,1,0,BSh,Cfb,Arid,Temperate,1,Curaçao,England,0.9,0.5,17.6,0.0,0.0,Tier 3 (Weak)
Ivory Coast,Czech Republic,0.005,1836.0,1837.0,-1.0,1,0,Aw,Dfb,Tropical,Continental,1,Ivory Coast,Czech Republic,1.0,0.2,17.6,0.0,0.0,Tier 3 (Weak)
Ecuador,Croatia,0.005,2033.0,1979.0,54.0,1,0,Af,Cfb,Tropical,Temperate,1,Ecuador,Croatia,1.0,0.5,28.0,0.5,0.016,Tier 3 (Weak)
Japan,Germany,0.005,2008.0,2032.0,-24.0,1,0,Cfa,Cfb,Temperate,Temperate,1,Japan,Germany,0.5,0.5,28.0,0.0,0.0,Tier 3 (Weak)
Japan,Belgium,0.005,2008.0,2002.0,6.0,1,0,Cfa,Cfb,Temperate,Temperate,1,Japan,Belgium,0.5,0.5,28.5,0.0,0.0,Tier 3 (Weak)
Iran,France,0.0049,1893.0,2160.0,-267.0,1,0,BWh,Cfb,Arid,Temperate,1,Iran,France,0.9,0.5,20.1,0.0,0.0,Tier 3 (Weak)
Ecuador,Netherlands,0.0049,2033.0,2006.0,27.0,1,0,Af,Cfb,Tropical,Temperate,1,Ecuador,Netherlands,1.0,0.5,23.0,0.4107,0.0131,Tier 3 (Weak)
Portugal,New Zealand,0.0049,2049.0,1710.0,339.0,1,0,Csa,Cfb,Temperate,Temperate,1,Portugal,New Zealand,0.5,0.5,15.2,0.0,0.0,Tier 3 (Weak)
DR Congo,Switzerland,0.0049,1774.0,1990.0,-216.0,1,0,Am,Cfb,Tropical,Temperate,1,DR Congo,Switzerland,1.0,0.5,15.2,0.0,0.0,Tier 3 (Weak)
Colombia,Netherlands,0.0049,2083.0,2006.0,77.0,1,0,Af,Cfb,Tropical,Temperate,1,Colombia,Netherlands,1.0,0.5,28.5,0.5089,0.0163,Tier 3 (Weak)
Argentina,South Korea,0.0049,2190.0,1895.0,295.0,1,0,Cfa,Dwa,Temperate,Continental,1,Argentina,South Korea,0.5,0.2,25.4,0.2721,0.0087,Tier 3 (Weak)
Turkey,England,0.0049,1998.0,2083.0,-85.0,1,0,Csa,Cfb,Temperate,Temperate,1,Turkey,England,0.5,0.5,25.4,0.0,0.0,Tier 3 (Weak)
Ecuador,England,0.0049,2033.0,2083.0,-50.0,1,0,Af,Cfb,Tropical,Temperate,1,Ecuador,England,1.0,0.5,22.5,0.4018,0.0129,Tier 3 (Weak)
Brazil,England,0.0049,2081.0,2083.0,-2.0,1,0,Am,Cfb,Tropical,Temperate,1,Brazil,England,1.0,0.5,22.5,0.4018,0.0129,Tier 3 (Weak)
Portugal,Belgium,0.0048,2049.0,2002.0,47.0,1,0,Csa,Cfb,Temperate,Temperate,1,Portugal,Belgium,0.5,0.5,15.2,0.0,0.0,Tier 3 (Weak)
Portugal,Austria,0.0048,2049.0,1929.0,120.0,1,0,Csa,Dfb,Temperate,Continental,1,Portugal,Austria,0.5,0.2,15.2,0.0,0.0,Tier 3 (Weak)
Haiti,England,0.0048,1661.0,2083.0,-422.0,1,0,Aw,Cfb,Tropical,Temperate,1,Haiti,England,1.0,0.5,17.6,0.0,0.0,Tier 3 (Weak)
Cape Verde,England,0.0048,1660.0,2083.0,-423.0,1,0,BWh,Cfb,Arid,Temperate,1,Cape Verde,England,0.9,0.5,17.6,0.0,0.0,Tier 3 (Weak)
Spain,Norway,0.0048,2216.0,1994.0,222.0,1,0,Csa,Dfc,Temperate,Continental,1,Spain,Norway,0.5,0.2,25.4,0.2721,0.0087,Tier 3 (Weak)
Japan,France,0.0048,2008.0,2160.0,-152.0,1,0,Cfa,Cfb,Temperate,Temperate,1,Japan,France,0.5,0.5,28.0,0.0,0.0,Tier 3 (Weak)
Brazil,Netherlands,0.0048,2081.0,2006.0,75.0,1,0,Am,Cfb,Tropical,Temperate,1,Brazil,Netherlands,1.0,0.5,28.0,0.5,0.016,Tier 3 (Weak)
Colombia,France,0.0048,2083.0,2160.0,-77.0,1,0,Af,Cfb,Tropical,Temperate,1,Colombia,France,1.0,0.5,28.0,0.5,0.016,Tier 3 (Weak)
Brazil,Germany,0.0048,2081.0,2032.0,49.0,1,0,Am,Cfb,Tropical,Temperate,1,Brazil,Germany,1.0,0.5,28.0,0.5,0.016,Tier 3 (Weak)
Argentina,Switzerland,0.0048,2190.0,1990.0,200.0,1,0,Cfa,Cfb,Temperate,Temperate,1,Argentina,Switzerland,0.5,0.5,22.5,0.0,0.0,Tier 3 (Weak)
Curaçao,New Zealand,0.0047,1595.0,1710.0,-115.0,1,0,BSh,Cfb,Arid,Temperate,1,Curaçao,New Zealand,0.9,0.5,20.1,0.0,0.0,Tier 3 (Weak)
Ivory Coast,Bosnia and Herzegovina,0.0047,1836.0,1653.0,183.0,1,0,Aw,Cfb,Tropical,Temperate,1,Ivory Coast,Bosnia and Herzegovina,1.0,0.5,15.2,0.0,0.0,Tier 3 (Weak)
Tunisia,Germany,0.0047,1777.0,2032.0,-255.0,1,0,BWh,Cfb,Arid,Temperate,1,Tunisia,Germany,0.9,0.5,23.0,0.3286,0.0105,Tier 3 (Weak)
Paraguay,New Zealand,0.0047,1937.0,1710.0,227.0,1,0,Cfa,Cfb,Temperate,Temperate,1,Paraguay,New Zealand,0.5,0.5,17.1,0.0,0.0,Tier 3 (Weak)
Panama,France,0.0047,1831.0,2160.0,-329.0,1,0,Am,Cfb,Tropical,Temperate,1,Panama,France,1.0,0.5,28.0,0.5,0.016,Tier 3 (Weak)
Ivory Coast,France,0.0047,1836.0,2160.0,-324.0,1,0,Aw,Cfb,Tropical,Temperate,1,Ivory Coast,France,1.0,0.5,28.0,0.5,0.016,Tier 3 (Weak)
Turkey,Germany,0.0047,1998.0,2032.0,-34.0,1,0,Csa,Cfb,Temperate,Temperate,1,Turkey,Germany,0.5,0.5,28.5,0.0,0.0,Tier 3 (Weak)
Uruguay,France,0.0047,1986.0,2160.0,-174.0,1,0,Cfa,Cfb,Temperate,Temperate,1,Uruguay,France,0.5,0.5,25.4,0.0,0.0,Tier 3 (Weak)
Iraq,New Zealand,0.0046,1727.0,1710.0,17.0,1,0,BWh,Cfb,Arid,Temperate,1,Iraq,New Zealand,0.9,0.5,20.1,0.0,0.0,Tier 3 (Weak)
Paraguay,Canada,0.0046,1937.0,1903.0,34.0,1,0,Cfa,Dfc,Temperate,Continental,1,Paraguay,Canada,0.5,0.2,15.2,0.0,0.0,Tier 3 (Weak)
Qatar,Belgium,0.0046,1552.0,2002.0,-450.0,1,0,BWh,Cfb,Arid,Temperate,1,Qatar,Belgium,0.9,0.5,17.1,0.0,0.0,Tier 3 (Weak)
Turkey,Austria,0.0046,1998.0,1929.0,69.0,1,0,Csa,Dfb,Temperate,Continental,1,Turkey,Austria,0.5,0.2,25.4,0.2721,0.0087,Tier 3 (Weak)
Ecuador,Switzerland,0.0046,2033.0,1990.0,43.0,1,0,Af,Cfb,Tropical,Temperate,1,Ecuador,Switzerland,1.0,0.5,25.4,0.4536,0.0145,Tier 3 (Weak)
Colombia,Netherlands,0.0046,2083.0,2006.0,77.0,1,0,Af,Cfb,Tropical,Temperate,1,Colombia,Netherlands,1.0,0.5,25.4,0.4536,0.0145,Tier 3 (Weak)
Argentina,Belgium,0.0046,2190.0,2002.0,188.0,1,0,Cfa,Cfb,Temperate,Temperate,1,Argentina,Belgium,0.5,0.5,28.0,0.0,0.0,Tier 3 (Weak)
Senegal,Scotland,0.0045,1933.0,1857.0,76.0,1,0,BSh,Cfb,Arid,Temperate,1,Senegal,Scotland,0.9,0.5,28.5,0.4071,0.013,Tier 3 (Weak)
Senegal,Canada,0.0045,1933.0,1903.0,30.0,1,0,BSh,Dfc,Arid,Continental,1,Senegal,Canada,0.9,0.2,15.2,0.0,0.0,Tier 3 (Weak)
Haiti,Switzerland,0.0045,1661.0,1990.0,-329.0,1,0,Aw,Cfb,Tropical,Temperate,1,Haiti,Switzerland,1.0,0.5,28.3,0.5054,0.0162,Tier 3 (Weak)
South Africa,France,0.0045,1673.0,2160.0,-487.0,1,0,BSh,Cfb,Arid,Temperate,1,South Africa,France,0.9,0.5,20.3,0.0,0.0,Tier 3 (Weak)
Panama,Germany,0.0045,1831.0,2032.0,-201.0,1,0,Am,Cfb,Tropical,Temperate,1,Panama,Germany,1.0,0.5,28.0,0.5,0.016,Tier 3 (Weak)
Ecuador,England,0.0045,2033.0,2083.0,-50.0,1,0,Af,Cfb,Tropical,Temperate,1,Ecuador,England,1.0,0.5,28.0,0.5,0.016,Tier 3 (Weak)
Uruguay,France,0.0045,1986.0,2160.0,-174.0,1,0,Cfa,Cfb,Temperate,Temperate,1,Uruguay,France,0.5,0.5,22.5,0.0,0.0,Tier 3 (Weak)
Australia,France,0.0044,1891.0,2160.0,-269.0,1,0,BWh,Cfb,Arid,Temperate,1,Australia,France,0.9,0.5,17.1,0.0,0.0,Tier 3 (Weak)
Ecuador,Sweden,0.0044,2033.0,1793.0,240.0,1,0,Af,Dfc,Tropical,Continental,1,Ecuador,Sweden,1.0,0.2,23.0,0.6571,0.021,Tier 3 (Weak)
Haiti,South Korea,0.0044,1661.0,1895.0,-234.0,1,0,Aw,Dwa,Tropical,Continental,1,Haiti,South Korea,1.0,0.2,28.3,0.8086,0.0259,Tier 3 (Weak)
United States,New Zealand,0.0044,1832.0,1710.0,122.0,1,0,Cfa,Cfb,Temperate,Temperate,1,United States,New Zealand,0.5,0.5,17.1,0.0,0.0,Tier 3 (Weak)
Argentina,England,0.0044,2190.0,2083.0,107.0,1,0,Cfa,Cfb,Temperate,Temperate,1,Argentina,England,0.5,0.5,24.2,0.0,0.0,Tier 3 (Weak)
Japan,France,0.0044,2008.0,2160.0,-152.0,1,0,Cfa,Cfb,Temperate,Temperate,1,Japan,France,0.5,0.5,28.0,0.0,0.0,Tier 3 (Weak)
Ecuador,France,0.0044,2033.0,2160.0,-127.0,1,0,Af,Cfb,Tropical,Temperate,1,Ecuador,France,1.0,0.5,28.5,0.5089,0.0163,Tier 3 (Weak)
Uruguay,Netherlands,0.0044,1986.0,2006.0,-20.0,1,0,Cfa,Cfb,Temperate,Temperate,1,Uruguay,Netherlands,0.5,0.5,28.5,0.0,0.0,Tier 3 (Weak)
Portugal,Germany,0.0044,2049.0,2032.0,17.0,1,0,Csa,Cfb,Temperate,Temperate,1,Portugal,Germany,0.5,0.5,25.4,0.0,0.0,Tier 3 (Weak)
Ivory Coast,Bosnia and Herzegovina,0.0043,1836.0,1653.0,183.0,1,0,Aw,Cfb,Tropical,Temperate,1,Ivory Coast,Bosnia and Herzegovina,1.0,0.5,28.3,0.5054,0.0162,Tier 3 (Weak)
Australia,Switzerland,0.0043,1891.0,1990.0,-99.0,1,0,BWh,Cfb,Arid,Temperate,1,Australia,Switzerland,0.9,0.5,17.1,0.0,0.0,Tier 3 (Weak)
United States,Norway,0.0043,1832.0,1994.0,-162.0,1,0,Cfa,Dfc,Temperate,Continental,1,United States,Norway,0.5,0.2,23.0,0.2464,0.0079,Tier 3 (Weak)
Ecuador,New Zealand,0.0043,2033.0,1710.0,323.0,1,0,Af,Cfb,Tropical,Temperate,1,Ecuador,New Zealand,1.0,0.5,23.0,0.4107,0.0131,Tier 3 (Weak)
Portugal,Sweden,0.0043,2049.0,1793.0,256.0,1,0,Csa,Dfc,Temperate,Continental,1,Portugal,Sweden,0.5,0.2,15.2,0.0,0.0,Tier 3 (Weak)
Uzbekistan,Canada,0.0043,1823.0,1903.0,-80.0,1,0,BWk,Dfc,Arid,Continental,1,Uzbekistan,Canada,0.4,0.2,15.2,0.0,0.0,Tier 3 (Weak)
DR Congo,Austria,0.0043,1774.0,1929.0,-155.0,1,0,Am,Dfb,Tropical,Continental,1,DR Congo,Austria,1.0,0.2,28.5,0.8143,0.0261,Tier 3 (Weak)
Mexico,Sweden,0.0043,1957.0,1793.0,164.0,1,0,BSh,Dfc,Arid,Continental,1,Mexico,Sweden,0.9,0.2,28.3,0.7075,0.0226,Tier 3 (Weak)
United States,Austria,0.0043,1832.0,1929.0,-97.0,1,0,Cfa,Dfb,Temperate,Continental,1,United States,Austria,0.5,0.2,25.4,0.2721,0.0087,Tier 3 (Weak)
Paraguay,Austria,0.0043,1937.0,1929.0,8.0,1,0,Cfa,Dfb,Temperate,Continental,1,Paraguay,Austria,0.5,0.2,25.4,0.2721,0.0087,Tier 3 (Weak)
Ivory Coast,Sweden,0.0043,1836.0,1793.0,43.0,1,0,Aw,Dfc,Tropical,Continental,1,Ivory Coast,Sweden,1.0,0.2,22.5,0.6429,0.0206,Tier 3 (Weak)
Brazil,Netherlands,0.0043,2081.0,2006.0,75.0,1,0,Am,Cfb,Tropical,Temperate,1,Brazil,Netherlands,1.0,0.5,28.0,0.5,0.016,Tier 3 (Weak)
Ecuador,Czech Republic,0.0043,2033.0,1837.0,196.0,1,0,Af,Dfb,Tropical,Continental,1,Ecuador,Czech Republic,1.0,0.2,28.0,0.8,0.0256,Tier 3 (Weak)
Portugal,Germany,0.0043,2049.0,2032.0,17.0,1,0,Csa,Cfb,Temperate,Temperate,1,Portugal,Germany,0.5,0.5,28.5,0.0,0.0,Tier 3 (Weak)
Brazil,Belgium,0.0043,2081.0,2002.0,79.0,1,0,Am,Cfb,Tropical,Temperate,1,Brazil,Belgium,1.0,0.5,25.4,0.4536,0.0145,Tier 3 (Weak)
Portugal,France,0.0043,2049.0,2160.0,-111.0,1,0,Csa,Cfb,Temperate,Temperate,1,Portugal,France,0.5,0.5,28.0,0.0,0.0,Tier 3 (Weak)
Turkey,France,0.0043,1998.0,2160.0,-162.0,1,0,Csa,Cfb,Temperate,Temperate,1,Turkey,France,0.5,0.5,22.5,0.0,0.0,Tier 3 (Weak)
Brazil,Germany,0.0043,2081.0,2032.0,49.0,1,0,Am,Cfb,Tropical,Temperate,1,Brazil,Germany,1.0,0.5,22.5,0.4018,0.0129,Tier 3 (Weak)
Turkey,France,0.0042,1998.0,2160.0,-162.0,1,0,Csa,Cfb,Temperate,Temperate,1,Turkey,France,0.5,0.5,17.1,0.0,0.0,Tier 3 (Weak)
Curaçao,Belgium,0.0042,1595.0,2002.0,-407.0,1,0,BSh,Cfb,Arid,Temperate,1,Curaçao,Belgium,0.9,0.5,17.1,0.0,0.0,Tier 3 (Weak)
Colombia,New Zealand,0.0042,2083.0,1710.0,373.0,1,0,Af,Cfb,Tropical,Temperate,1,Colombia,New Zealand,1.0,0.5,24.2,0.4321,0.0138,Tier 3 (Weak)
Paraguay,Netherlands,0.0042,1937.0,2006.0,-69.0,1,0,Cfa,Cfb,Temperate,Temperate,1,Paraguay,Netherlands,0.5,0.5,20.3,0.0,0.0,Tier 3 (Weak)
Brazil,Scotland,0.0042,2081.0,1857.0,224.0,1,0,Am,Cfb,Tropical,Temperate,1,Brazil,Scotland,1.0,0.5,20.3,0.0,0.0,Tier 3 (Weak)
Japan,Croatia,0.0042,2008.0,1979.0,29.0,1,0,Cfa,Cfb,Temperate,Temperate,1,Japan,Croatia,0.5,0.5,28.0,0.0,0.0,Tier 3 (Weak)
Spain,Canada,0.0042,2216.0,1903.0,313.0,1,0,Csa,Dfc,Temperate,Continental,1,Spain,Canada,0.5,0.2,19.8,0.0,0.0,Tier 3 (Weak)
Spain,Norway,0.0042,2216.0,1994.0,222.0,1,0,Csa,Dfc,Temperate,Continental,1,Spain,Norway,0.5,0.2,28.0,0.3,0.0096,Tier 3 (Weak)
Senegal,France,0.0042,1933.0,2160.0,-227.0,1,0,BSh,Cfb,Arid,Temperate,1,Senegal,France,0.9,0.5,28.0,0.4,0.0128,Tier 3 (Weak)
Spain,Switzerland,0.0042,2216.0,1990.0,226.0,1,0,Csa,Cfb,Temperate,Temperate,1,Spain,Switzerland,0.5,0.5,28.0,0.0,0.0,Tier 3 (Weak)
South Africa,Scotland,0.0041,1673.0,1857.0,-184.0,1,0,BSh,Cfb,Arid,Temperate,1,South Africa,Scotland,0.9,0.5,17.6,0.0,0.0,Tier 3 (Weak)
Australia,Norway,0.0041,1891.0,1994.0,-103.0,1,0,BWh,Dfc,Arid,Continental,1,Australia,Norway,0.9,0.2,23.0,0.575,0.0184,Tier 3 (Weak)
Egypt,Germany,0.0041,1818.0,2032.0,-214.0,1,0,BWh,Cfb,Arid,Temperate,1,Egypt,Germany,0.9,0.5,23.0,0.3286,0.0105,Tier 3 (Weak)
Ivory Coast,Croatia,0.0041,1836.0,1979.0,-143.0,1,0,Aw,Cfb,Tropical,Temperate,1,Ivory Coast,Croatia,1.0,0.5,17.6,0.0,0.0,Tier 3 (Weak)
Morocco,Croatia,0.0041,1988.0,1979.0,9.0,1,0,Csa,Cfb,Temperate,Temperate,1,Morocco,Croatia,0.5,0.5,17.6,0.0,0.0,Tier 3 (Weak)
Haiti,Czech Republic,0.0041,1661.0,1837.0,-176.0,1,0,Aw,Dfb,Tropical,Continental,1,Haiti,Czech Republic,1.0,0.2,28.3,0.8086,0.0259,Tier 3 (Weak)
Iran,Austria,0.0041,1893.0,1929.0,-36.0,1,0,BWh,Dfb,Arid,Continental,1,Iran,Austria,0.9,0.2,25.4,0.635,0.0203,Tier 3 (Weak)
Iraq,Netherlands,0.0041,1727.0,2006.0,-279.0,1,0,BWh,Cfb,Arid,Temperate,1,Iraq,Netherlands,0.9,0.5,22.5,0.3214,0.0103,Tier 3 (Weak)
Ecuador,South Korea,0.0041,2033.0,1895.0,138.0,1,0,Af,Dwa,Tropical,Continental,1,Ecuador,South Korea,1.0,0.2,28.0,0.8,0.0256,Tier 3 (Weak)
Morocco,Germany,0.0041,1988.0,2032.0,-44.0,1,0,Csa,Cfb,Temperate,Temperate,1,Morocco,Germany,0.5,0.5,28.0,0.0,0.0,Tier 3 (Weak)
Argentina,Netherlands,0.0041,2190.0,2006.0,184.0,1,0,Cfa,Cfb,Temperate,Temperate,1,Argentina,Netherlands,0.5,0.5,28.5,0.0,0.0,Tier 3 (Weak)
Algeria,France,0.0041,1885.0,2160.0,-275.0,1,0,BWh,Cfb,Arid,Temperate,1,Algeria,France,0.9,0.5,28.5,0.4071,0.013,Tier 3 (Weak)
Argentina,Czech Republic,0.0041,2190.0,1837.0,353.0,1,0,Cfa,Dfb,Temperate,Continental,1,Argentina,Czech Republic,0.5,0.2,25.4,0.2721,0.0087,Tier 3 (Weak)
Mexico,France,0.0041,1957.0,2160.0,-203.0,1,0,BSh,Cfb,Arid,Temperate,1,Mexico,France,0.9,0.5,28.0,0.4,0.0128,Tier 3 (Weak)
Uruguay,France,0.0041,1986.0,2160.0,-174.0,1,0,Cfa,Cfb,Temperate,Temperate,1,Uruguay,France,0.5,0.5,28.0,0.0,0.0,Tier 3 (Weak)
Colombia,England,0.0041,2083.0,2083.0,0.0,1,0,Af,Cfb,Tropical,Temperate,1,Colombia,England,1.0,0.5,22.5,0.4018,0.0129,Tier 3 (Weak)
Senegal,New Zealand,0.004,1933.0,1710.0,223.0,1,0,BSh,Cfb,Arid,Temperate,1,Senegal,New Zealand,0.9,0.5,28.5,0.4071,0.013,Tier 3 (Weak)
Qatar,France,0.004,1552.0,2160.0,-608.0,1,0,BWh,Cfb,Arid,Temperate,1,Qatar,France,0.9,0.5,23.0,0.3286,0.0105,Tier 3 (Weak)
Turkey,Norway,0.004,1998.0,1994.0,4.0,1,0,Csa,Dfc,Temperate,Continental,1,Turkey,Norway,0.5,0.2,23.0,0.2464,0.0079,Tier 3 (Weak)
Iraq,Switzerland,0.004,1727.0,1990.0,-263.0,1,0,BWh,Cfb,Arid,Temperate,1,Iraq,Switzerland,0.9,0.5,15.2,0.0,0.0,Tier 3 (Weak)
Turkey,Canada,0.004,1998.0,1903.0,95.0,1,0,Csa,Dfc,Temperate,Continental,1,Turkey,Canada,0.5,0.2,15.2,0.0,0.0,Tier 3 (Weak)
Ivory Coast,South Korea,0.004,1836.0,1895.0,-59.0,1,0,Aw,Dwa,Tropical,Continental,1,Ivory Coast,South Korea,1.0,0.2,17.6,0.0,0.0,Tier 3 (Weak)
Brazil,Scotland,0.004,2081.0,1857.0,224.0,1,0,Am,Cfb,Tropical,Temperate,1,Brazil,Scotland,1.0,0.5,28.0,0.5,0.016,Tier 3 (Weak)
Mexico,Scotland,0.004,1957.0,1857.0,100.0,1,0,BSh,Cfb,Arid,Temperate,1,Mexico,Scotland,0.9,0.5,28.0,0.4,0.0128,Tier 3 (Weak)
Portugal,Germany,0.004,2049.0,2032.0,17.0,1,0,Csa,Cfb,Temperate,Temperate,1,Portugal,Germany,0.5,0.5,19.8,0.0,0.0,Tier 3 (Weak)
Mexico,Switzerland,0.004,1957.0,1990.0,-33.0,1,0,BSh,Cfb,Arid,Temperate,1,Mexico,Switzerland,0.9,0.5,25.4,0.3629,0.0116,Tier 3 (Weak)
Argentina,Norway,0.004,2190.0,1994.0,196.0,1,0,Cfa,Dfc,Temperate,Continental,1,Argentina,Norway,0.5,0.2,28.0,0.3,0.0096,Tier 3 (Weak)
Mexico,France,0.004,1957.0,2160.0,-203.0,1,0,BSh,Cfb,Arid,Temperate,1,Mexico,France,0.9,0.5,22.5,0.3214,0.0103,Tier 3 (Weak)
Brazil,Netherlands,0.004,2081.0,2006.0,75.0,1,0,Am,Cfb,Tropical,Temperate,1,Brazil,Netherlands,1.0,0.5,22.5,0.4018,0.0129,Tier 3 (Weak)
Haiti,France,0.0039,1661.0,2160.0,-499.0,1,0,Aw,Cfb,Tropical,Temperate,1,Haiti,France,1.0,0.5,23.0,0.4107,0.0131,Tier 3 (Weak)
Japan,Norway,0.0039,2008.0,1994.0,14.0,1,0,Cfa,Dfc,Temperate,Continental,1,Japan,Norway,0.5,0.2,23.0,0.2464,0.0079,Tier 3 (Weak)
Senegal,Czech Republic,0.0039,1933.0,1837.0,96.0,1,0,BSh,Dfb,Arid,Continental,1,Senegal,Czech Republic,0.9,0.2,17.6,0.0,0.0,Tier 3 (Weak)
Australia,New Zealand,0.0039,1891.0,1710.0,181.0,1,0,BWh,Cfb,Arid,Temperate,1,Australia,New Zealand,0.9,0.5,17.1,0.0,0.0,Tier 3 (Weak)
Morocco,France,0.0039,1988.0,2160.0,-172.0,1,0,Csa,Cfb,Temperate,Temperate,1,Morocco,France,0.5,0.5,28.0,0.0,0.0,Tier 3 (Weak)
Japan,Norway,0.0039,2008.0,1994.0,14.0,1,0,Cfa,Dfc,Temperate,Continental,1,Japan,Norway,0.5,0.2,28.0,0.3,0.0096,Tier 3 (Weak)
Jordan,Belgium,0.0039,1766.0,2002.0,-236.0,1,0,BWh,Cfb,Arid,Temperate,1,Jordan,Belgium,0.9,0.5,19.8,0.0,0.0,Tier 3 (Weak)
Paraguay,France,0.0039,1937.0,2160.0,-223.0,1,0,Cfa,Cfb,Temperate,Temperate,1,Paraguay,France,0.5,0.5,28.5,0.0,0.0,Tier 3 (Weak)
Colombia,Germany,0.0039,2083.0,2032.0,51.0,1,0,Af,Cfb,Tropical,Temperate,1,Colombia,Germany,1.0,0.5,22.5,0.4018,0.0129,Tier 3 (Weak)
Colombia,Netherlands,0.0039,2083.0,2006.0,77.0,1,0,Af,Cfb,Tropical,Temperate,1,Colombia,Netherlands,1.0,0.5,22.5,0.4018,0.0129,Tier 3 (Weak)
Ivory Coast,Sweden,0.0038,1836.0,1793.0,43.0,1,0,Aw,Dfc,Tropical,Continental,1,Ivory Coast,Sweden,1.0,0.2,28.3,0.8086,0.0259,Tier 3 (Weak)
Senegal,Sweden,0.0038,1933.0,1793.0,140.0,1,0,BSh,Dfc,Arid,Continental,1,Senegal,Sweden,0.9,0.2,28.5,0.7125,0.0228,Tier 3 (Weak)
Cape Verde,New Zealand,0.0038,1660.0,1710.0,-50.0,1,0,BWh,Cfb,Arid,Temperate,1,Cape Verde,New Zealand,0.9,0.5,20.1,0.0,0.0,Tier 3 (Weak)
Egypt,France,0.0038,1818.0,2160.0,-342.0,1,0,BWh,Cfb,Arid,Temperate,1,Egypt,France,0.9,0.5,20.1,0.0,0.0,Tier 3 (Weak)
Saudi Arabia,Austria,0.0038,1692.0,1929.0,-237.0,1,0,BWh,Dfb,Arid,Continental,1,Saudi Arabia,Austria,0.9,0.2,19.4,0.0,0.0,Tier 3 (Weak)
Uzbekistan,Croatia,0.0038,1823.0,1979.0,-156.0,1,0,BWk,Cfb,Arid,Temperate,1,Uzbekistan,Croatia,0.4,0.5,28.0,0.0,0.0,Tier 3 (Weak)
Brazil,Germany,0.0038,2081.0,2032.0,49.0,1,0,Am,Cfb,Tropical,Temperate,1,Brazil,Germany,1.0,0.5,23.0,0.4107,0.0131,Tier 3 (Weak)
Australia,Canada,0.0038,1891.0,1903.0,-12.0,1,0,BWh,Dfc,Arid,Continental,1,Australia,Canada,0.9,0.2,15.2,0.0,0.0,Tier 3 (Weak)
Paraguay,South Korea,0.0038,1937.0,1895.0,42.0,1,0,Cfa,Dwa,Temperate,Continental,1,Paraguay,South Korea,0.5,0.2,17.1,0.0,0.0,Tier 3 (Weak)
Paraguay,Czech Republic,0.0038,1937.0,1837.0,100.0,1,0,Cfa,Dfb,Temperate,Continental,1,Paraguay,Czech Republic,0.5,0.2,17.1,0.0,0.0,Tier 3 (Weak)
Australia,Netherlands,0.0038,1891.0,2006.0,-115.0,1,0,BWh,Cfb,Arid,Temperate,1,Australia,Netherlands,0.9,0.5,20.3,0.0,0.0,Tier 3 (Weak)
Turkey,Netherlands,0.0038,1998.0,2006.0,-8.0,1,0,Csa,Cfb,Temperate,Temperate,1,Turkey,Netherlands,0.5,0.5,20.3,0.0,0.0,Tier 3 (Weak)
Ivory Coast,Norway,0.0038,1836.0,1994.0,-158.0,1,0,Aw,Dfc,Tropical,Continental,1,Ivory Coast,Norway,1.0,0.2,28.0,0.8,0.0256,Tier 3 (Weak)
Uzbekistan,Belgium,0.0038,1823.0,2002.0,-179.0,1,0,BWk,Cfb,Arid,Temperate,1,Uzbekistan,Belgium,0.4,0.5,19.8,0.0,0.0,Tier 3 (Weak)
Ecuador,England,0.0038,2033.0,2083.0,-50.0,1,0,Af,Cfb,Tropical,Temperate,1,Ecuador,England,1.0,0.5,28.5,0.5089,0.0163,Tier 3 (Weak)
Brazil,England,0.0038,2081.0,2083.0,-2.0,1,0,Am,Cfb,Tropical,Temperate,1,Brazil,England,1.0,0.5,28.0,0.5,0.016,Tier 3 (Weak)
Ecuador,Netherlands,0.0038,2033.0,2006.0,27.0,1,0,Af,Cfb,Tropical,Temperate,1,Ecuador,Netherlands,1.0,0.5,28.0,0.5,0.016,Tier 3 (Weak)
Brazil,Belgium,0.0038,2081.0,2002.0,79.0,1,0,Am,Cfb,Tropical,Temperate,1,Brazil,Belgium,1.0,0.5,22.5,0.4018,0.0129,Tier 3 (Weak)
Spain,Croatia,0.0038,2216.0,1979.0,237.0,1,0,Csa,Cfb,Temperate,Temperate,1,Spain,Croatia,0.5,0.5,22.5,0.0,0.0,Tier 3 (Weak)
Ivory Coast,Netherlands,0.0037,1836.0,2006.0,-170.0,1,0,Aw,Cfb,Tropical,Temperate,1,Ivory Coast,Netherlands,1.0,0.5,28.3,0.5054,0.0162,Tier 3 (Weak)
Mexico,Norway,0.0037,1957.0,1994.0,-37.0,1,0,BSh,Dfc,Arid,Continental,1,Mexico,Norway,0.9,0.2,23.0,0.575,0.0184,Tier 3 (Weak)
Tunisia,Netherlands,0.0037,1777.0,2006.0,-229.0,1,0,BWh,Cfb,Arid,Temperate,1,Tunisia,Netherlands,0.9,0.5,20.3,0.0,0.0,Tier 3 (Weak)
Panama,Norway,0.0037,1831.0,1994.0,-163.0,1,0,Am,Dfc,Tropical,Continental,1,Panama,Norway,1.0,0.2,28.0,0.8,0.0256,Tier 3 (Weak)
Portugal,Norway,0.0037,2049.0,1994.0,55.0,1,0,Csa,Dfc,Temperate,Continental,1,Portugal,Norway,0.5,0.2,25.4,0.2721,0.0087,Tier 3 (Weak)
Brazil,Norway,0.0037,2081.0,1994.0,87.0,1,0,Am,Dfc,Tropical,Continental,1,Brazil,Norway,1.0,0.2,28.0,0.8,0.0256,Tier 3 (Weak)
Haiti,Sweden,0.0036,1661.0,1793.0,-132.0,1,0,Aw,Dfc,Tropical,Continental,1,Haiti,Sweden,1.0,0.2,28.8,0.8229,0.0263,Tier 3 (Weak)
Spain,Norway,0.0036,2216.0,1994.0,222.0,1,0,Csa,Dfc,Temperate,Continental,1,Spain,Norway,0.5,0.2,28.5,0.3054,0.0098,Tier 3 (Weak)
Uruguay,New Zealand,0.0036,1986.0,1710.0,276.0,1,0,Cfa,Cfb,Temperate,Temperate,1,Uruguay,New Zealand,0.5,0.5,20.1,0.0,0.0,Tier 3 (Weak)
Tunisia,Norway,0.0036,1777.0,1994.0,-217.0,1,0,BWh,Dfc,Arid,Continental,1,Tunisia,Norway,0.9,0.2,23.0,0.575,0.0184,Tier 3 (Weak)
United States,Canada,0.0036,1832.0,1903.0,-71.0,1,0,Cfa,Dfc,Temperate,Continental,1,United States,Canada,0.5,0.2,15.2,0.0,0.0,Tier 3 (Weak)
Portugal,Bosnia and Herzegovina,0.0036,2049.0,1653.0,396.0,1,0,Csa,Cfb,Temperate,Temperate,1,Portugal,Bosnia and Herzegovina,0.5,0.5,15.2,0.0,0.0,Tier 3 (Weak)
Japan,Croatia,0.0036,2008.0,1979.0,29.0,1,0,Cfa,Cfb,Temperate,Temperate,1,Japan,Croatia,0.5,0.5,17.6,0.0,0.0,Tier 3 (Weak)
Turkey,Canada,0.0036,1998.0,1903.0,95.0,1,0,Csa,Dfc,Temperate,Continental,1,Turkey,Canada,0.5,0.2,24.2,0.2593,0.0083,Tier 3 (Weak)
Mexico,Netherlands,0.0036,1957.0,2006.0,-49.0,1,0,BSh,Cfb,Arid,Temperate,1,Mexico,Netherlands,0.9,0.5,20.3,0.0,0.0,Tier 3 (Weak)
Brazil,Belgium,0.0036,2081.0,2002.0,79.0,1,0,Am,Cfb,Tropical,Temperate,1,Brazil,Belgium,1.0,0.5,28.0,0.5,0.016,Tier 3 (Weak)
Senegal,France,0.0036,1933.0,2160.0,-227.0,1,0,BSh,Cfb,Arid,Temperate,1,Senegal,France,0.9,0.5,22.5,0.3214,0.0103,Tier 3 (Weak)
Portugal,England,0.0036,2049.0,2083.0,-34.0,1,0,Csa,Cfb,Temperate,Temperate,1,Portugal,England,0.5,0.5,22.5,0.0,0.0,Tier 3 (Weak)
Senegal,Croatia,0.0035,1933.0,1979.0,-46.0,1,0,BSh,Cfb,Arid,Temperate,1,Senegal,Croatia,0.9,0.5,17.6,0.0,0.0,Tier 3 (Weak)
Saudi Arabia,Belgium,0.0035,1692.0,2002.0,-310.0,1,0,BWh,Cfb,Arid,Temperate,1,Saudi Arabia,Belgium,0.9,0.5,25.4,0.3629,0.0116,Tier 3 (Weak)
Colombia,Austria,0.0035,2083.0,1929.0,154.0,1,0,Af,Dfb,Tropical,Continental,1,Colombia,Austria,1.0,0.2,24.2,0.6914,0.0221,Tier 3 (Weak)
Japan,Czech Republic,0.0035,2008.0,1837.0,171.0,1,0,Cfa,Dfb,Temperate,Continental,1,Japan,Czech Republic,0.5,0.2,28.0,0.3,0.0096,Tier 3 (Weak)
Spain,Sweden,0.0035,2216.0,1793.0,423.0,1,0,Csa,Dfc,Temperate,Continental,1,Spain,Sweden,0.5,0.2,19.8,0.0,0.0,Tier 3 (Weak)
Ecuador,Germany,0.0035,2033.0,2032.0,1.0,1,0,Af,Cfb,Tropical,Temperate,1,Ecuador,Germany,1.0,0.5,28.5,0.5089,0.0163,Tier 3 (Weak)
Paraguay,England,0.0035,1937.0,2083.0,-146.0,1,0,Cfa,Cfb,Temperate,Temperate,1,Paraguay,England,0.5,0.5,25.4,0.0,0.0,Tier 3 (Weak)
Uruguay,Germany,0.0035,1986.0,2032.0,-46.0,1,0,Cfa,Cfb,Temperate,Temperate,1,Uruguay,Germany,0.5,0.5,25.4,0.0,0.0,Tier 3 (Weak)
Japan,Netherlands,0.0035,2008.0,2006.0,2.0,1,0,Cfa,Cfb,Temperate,Temperate,1,Japan,Netherlands,0.5,0.5,28.0,0.0,0.0,Tier 3 (Weak)
Spain,Netherlands,0.0035,2216.0,2006.0,210.0,1,0,Csa,Cfb,Temperate,Temperate,1,Spain,Netherlands,0.5,0.5,28.0,0.0,0.0,Tier 3 (Weak)
Ivory Coast,Canada,0.0034,1836.0,1903.0,-67.0,1,0,Aw,Dfc,Tropical,Continental,1,Ivory Coast,Canada,1.0,0.2,28.3,0.8086,0.0259,Tier 3 (Weak)
United States,South Korea,0.0034,1832.0,1895.0,-63.0,1,0,Cfa,Dwa,Temperate,Continental,1,United States,South Korea,0.5,0.2,17.1,0.0,0.0,Tier 3 (Weak)
Jordan,Belgium,0.0034,1766.0,2002.0,-236.0,1,0,BWh,Cfb,Arid,Temperate,1,Jordan,Belgium,0.9,0.5,25.4,0.3629,0.0116,Tier 3 (Weak)
Spain,Germany,0.0034,2216.0,2032.0,184.0,1,0,Csa,Cfb,Temperate,Temperate,1,Spain,Germany,0.5,0.5,24.2,0.0,0.0,Tier 3 (Weak)
Morocco,Canada,0.0034,1988.0,1903.0,85.0,1,0,Csa,Dfc,Temperate,Continental,1,Morocco,Canada,0.5,0.2,20.3,0.0,0.0,Tier 3 (Weak)
Argentina,Germany,0.0034,2190.0,2032.0,158.0,1,0,Cfa,Cfb,Temperate,Temperate,1,Argentina,Germany,0.5,0.5,28.5,0.0,0.0,Tier 3 (Weak)
Colombia,Germany,0.0034,2083.0,2032.0,51.0,1,0,Af,Cfb,Tropical,Temperate,1,Colombia,Germany,1.0,0.5,28.5,0.5089,0.0163,Tier 3 (Weak)
Argentina,Canada,0.0034,2190.0,1903.0,287.0,1,0,Cfa,Dfc,Temperate,Continental,1,Argentina,Canada,0.5,0.2,28.0,0.3,0.0096,Tier 3 (Weak)
Morocco,France,0.0034,1988.0,2160.0,-172.0,1,0,Csa,Cfb,Temperate,Temperate,1,Morocco,France,0.5,0.5,28.0,0.0,0.0,Tier 3 (Weak)
Ecuador,Norway,0.0034,2033.0,1994.0,39.0,1,0,Af,Dfc,Tropical,Continental,1,Ecuador,Norway,1.0,0.2,28.0,0.8,0.0256,Tier 3 (Weak)
Argentina,Croatia,0.0034,2190.0,1979.0,211.0,1,0,Cfa,Cfb,Temperate,Temperate,1,Argentina,Croatia,0.5,0.5,22.5,0.0,0.0,Tier 3 (Weak)
Morocco,France,0.0034,1988.0,2160.0,-172.0,1,0,Csa,Cfb,Temperate,Temperate,1,Morocco,France,0.5,0.5,22.5,0.0,0.0,Tier 3 (Weak)
Colombia,Belgium,0.0034,2083.0,2002.0,81.0,1,0,Af,Cfb,Tropical,Temperate,1,Colombia,Belgium,1.0,0.5,22.5,0.4018,0.0129,Tier 3 (Weak)
Panama,Canada,0.0033,1831.0,1903.0,-72.0,1,0,Am,Dfc,Tropical,Continental,1,Panama,Canada,1.0,0.2,15.2,0.0,0.0,Tier 3 (Weak)
Mexico,France,0.0033,1957.0,2160.0,-203.0,1,0,BSh,Cfb,Arid,Temperate,1,Mexico,France,0.9,0.5,17.6,0.0,0.0,Tier 3 (Weak)
Uzbekistan,Czech Republic,0.0033,1823.0,1837.0,-14.0,1,0,BWk,Dfb,Arid,Continental,1,Uzbekistan,Czech Republic,0.4,0.2,17.6,0.0,0.0,Tier 3 (Weak)
Senegal,South Korea,0.0033,1933.0,1895.0,38.0,1,0,BSh,Dwa,Arid,Continental,1,Senegal,South Korea,0.9,0.2,17.6,0.0,0.0,Tier 3 (Weak)
Senegal,Netherlands,0.0033,1933.0,2006.0,-73.0,1,0,BSh,Cfb,Arid,Temperate,1,Senegal,Netherlands,0.9,0.5,20.3,0.0,0.0,Tier 3 (Weak)
Ecuador,Netherlands,0.0033,2033.0,2006.0,27.0,1,0,Af,Cfb,Tropical,Temperate,1,Ecuador,Netherlands,1.0,0.5,28.0,0.5,0.016,Tier 3 (Weak)
Morocco,Norway,0.0033,1988.0,1994.0,-6.0,1,0,Csa,Dfc,Temperate,Continental,1,Morocco,Norway,0.5,0.2,28.0,0.3,0.0096,Tier 3 (Weak)
Paraguay,England,0.0033,1937.0,2083.0,-146.0,1,0,Cfa,Cfb,Temperate,Temperate,1,Paraguay,England,0.5,0.5,19.8,0.0,0.0,Tier 3 (Weak)
Uruguay,Germany,0.0033,1986.0,2032.0,-46.0,1,0,Cfa,Cfb,Temperate,Temperate,1,Uruguay,Germany,0.5,0.5,28.5,0.0,0.0,Tier 3 (Weak)
Turkey,Norway,0.0033,1998.0,1994.0,4.0,1,0,Csa,Dfc,Temperate,Continental,1,Turkey,Norway,0.5,0.2,28.5,0.3054,0.0098,Tier 3 (Weak)
Japan,Switzerland,0.0033,2008.0,1990.0,18.0,1,0,Cfa,Cfb,Temperate,Temperate,1,Japan,Switzerland,0.5,0.5,25.4,0.0,0.0,Tier 3 (Weak)
Turkey,France,0.0033,1998.0,2160.0,-162.0,1,0,Csa,Cfb,Temperate,Temperate,1,Turkey,France,0.5,0.5,25.4,0.0,0.0,Tier 3 (Weak)
Brazil,Canada,0.0033,2081.0,1903.0,178.0,1,0,Am,Dfc,Tropical,Continental,1,Brazil,Canada,1.0,0.2,25.4,0.7257,0.0232,Tier 3 (Weak)
Colombia,Netherlands,0.0033,2083.0,2006.0,77.0,1,0,Af,Cfb,Tropical,Temperate,1,Colombia,Netherlands,1.0,0.5,28.0,0.5,0.016,Tier 3 (Weak)
Turkey,England,0.0033,1998.0,2083.0,-85.0,1,0,Csa,Cfb,Temperate,Temperate,1,Turkey,England,0.5,0.5,28.0,0.0,0.0,Tier 3 (Weak)
Argentina,Croatia,0.0032,2190.0,1979.0,211.0,1,0,Cfa,Cfb,Temperate,Temperate,1,Argentina,Croatia,0.5,0.5,25.4,0.0,0.0,Tier 3 (Weak)
Senegal,Bosnia and Herzegovina,0.0032,1933.0,1653.0,280.0,1,0,BSh,Cfb,Arid,Temperate,1,Senegal,Bosnia and Herzegovina,0.9,0.5,15.2,0.0,0.0,Tier 3 (Weak)
Australia,Austria,0.0032,1891.0,1929.0,-38.0,1,0,BWh,Dfb,Arid,Continental,1,Australia,Austria,0.9,0.2,25.4,0.635,0.0203,Tier 3 (Weak)
Argentina,Sweden,0.0032,2190.0,1793.0,397.0,1,0,Cfa,Dfc,Temperate,Continental,1,Argentina,Sweden,0.5,0.2,24.2,0.2593,0.0083,Tier 3 (Weak)
Japan,South Korea,0.0032,2008.0,1895.0,113.0,1,0,Cfa,Dwa,Temperate,Continental,1,Japan,South Korea,0.5,0.2,28.0,0.3,0.0096,Tier 3 (Weak)
Portugal,Norway,0.0032,2049.0,1994.0,55.0,1,0,Csa,Dfc,Temperate,Continental,1,Portugal,Norway,0.5,0.2,19.8,0.0,0.0,Tier 3 (Weak)
Brazil,England,0.0032,2081.0,2083.0,-2.0,1,0,Am,Cfb,Tropical,Temperate,1,Brazil,England,1.0,0.5,28.5,0.5089,0.0163,Tier 3 (Weak)
Ecuador,Croatia,0.0032,2033.0,1979.0,54.0,1,0,Af,Cfb,Tropical,Temperate,1,Ecuador,Croatia,1.0,0.5,28.5,0.5089,0.0163,Tier 3 (Weak)
Spain,Netherlands,0.0032,2216.0,2006.0,210.0,1,0,Csa,Cfb,Temperate,Temperate,1,Spain,Netherlands,0.5,0.5,25.4,0.0,0.0,Tier 3 (Weak)
Uzbekistan,Germany,0.0031,1823.0,2032.0,-209.0,1,0,BWk,Cfb,Arid,Temperate,1,Uzbekistan,Germany,0.4,0.5,28.0,0.0,0.0,Tier 3 (Weak)
Portugal,Czech Republic,0.0031,2049.0,1837.0,212.0,1,0,Csa,Dfb,Temperate,Continental,1,Portugal,Czech Republic,0.5,0.2,17.6,0.0,0.0,Tier 3 (Weak)
United States,Czech Republic,0.0031,1832.0,1837.0,-5.0,1,0,Cfa,Dfb,Temperate,Continental,1,United States,Czech Republic,0.5,0.2,17.1,0.0,0.0,Tier 3 (Weak)
Egypt,Austria,0.0031,1818.0,1929.0,-111.0,1,0,BWh,Dfb,Arid,Continental,1,Egypt,Austria,0.9,0.2,25.4,0.635,0.0203,Tier 3 (Weak)
Paraguay,Canada,0.0031,1937.0,1903.0,34.0,1,0,Cfa,Dfc,Temperate,Continental,1,Paraguay,Canada,0.5,0.2,24.2,0.2593,0.0083,Tier 3 (Weak)
Haiti,France,0.0031,1661.0,2160.0,-499.0,1,0,Aw,Cfb,Tropical,Temperate,1,Haiti,France,1.0,0.5,20.3,0.0,0.0,Tier 3 (Weak)
Tunisia,Germany,0.0031,1777.0,2032.0,-255.0,1,0,BWh,Cfb,Arid,Temperate,1,Tunisia,Germany,0.9,0.5,20.3,0.0,0.0,Tier 3 (Weak)
Japan,Canada,0.0031,2008.0,1903.0,105.0,1,0,Cfa,Dfc,Temperate,Continental,1,Japan,Canada,0.5,0.2,20.3,0.0,0.0,Tier 3 (Weak)
Mexico,Belgium,0.0031,1957.0,2002.0,-45.0,1,0,BSh,Cfb,Arid,Temperate,1,Mexico,Belgium,0.9,0.5,28.5,0.4071,0.013,Tier 3 (Weak)
Portugal,Norway,0.0031,2049.0,1994.0,55.0,1,0,Csa,Dfc,Temperate,Continental,1,Portugal,Norway,0.5,0.2,28.5,0.3054,0.0098,Tier 3 (Weak)
Senegal,France,0.0031,1933.0,2160.0,-227.0,1,0,BSh,Cfb,Arid,Temperate,1,Senegal,France,0.9,0.5,28.5,0.4071,0.013,Tier 3 (Weak)
Uruguay,Norway,0.0031,1986.0,1994.0,-8.0,1,0,Cfa,Dfc,Temperate,Continental,1,Uruguay,Norway,0.5,0.2,25.4,0.2721,0.0087,Tier 3 (Weak)
Iran,England,0.0031,1893.0,2083.0,-190.0,1,0,BWh,Cfb,Arid,Temperate,1,Iran,England,0.9,0.5,25.4,0.3629,0.0116,Tier 3 (Weak)
Turkey,France,0.0031,1998.0,2160.0,-162.0,1,0,Csa,Cfb,Temperate,Temperate,1,Turkey,France,0.5,0.5,28.0,0.0,0.0,Tier 3 (Weak)
Ecuador,Switzerland,0.0031,2033.0,1990.0,43.0,1,0,Af,Cfb,Tropical,Temperate,1,Ecuador,Switzerland,1.0,0.5,28.0,0.5,0.016,Tier 3 (Weak)
Argentina,Switzerland,0.0031,2190.0,1990.0,200.0,1,0,Cfa,Cfb,Temperate,Temperate,1,Argentina,Switzerland,0.5,0.5,28.0,0.0,0.0,Tier 3 (Weak)
Brazil,Norway,0.0031,2081.0,1994.0,87.0,1,0,Am,Dfc,Tropical,Continental,1,Brazil,Norway,1.0,0.2,22.5,0.6429,0.0206,Tier 3 (Weak)
Senegal,Netherlands,0.003,1933.0,2006.0,-73.0,1,0,BSh,Cfb,Arid,Temperate,1,Senegal,Netherlands,0.9,0.5,28.5,0.4071,0.013,Tier 3 (Weak)
Spain,Czech Republic,0.003,2216.0,1837.0,379.0,1,0,Csa,Dfb,Temperate,Continental,1,Spain,Czech Republic,0.5,0.2,17.6,0.0,0.0,Tier 3 (Weak)
Iran,Bosnia and Herzegovina,0.003,1893.0,1653.0,240.0,1,0,BWh,Cfb,Arid,Temperate,1,Iran,Bosnia and Herzegovina,0.9,0.5,15.2,0.0,0.0,Tier 3 (Weak)
Uzbekistan,Austria,0.003,1823.0,1929.0,-106.0,1,0,BWk,Dfb,Arid,Continental,1,Uzbekistan,Austria,0.4,0.2,28.0,0.2,0.0064,Tier 3 (Weak)
Portugal,France,0.003,2049.0,2160.0,-111.0,1,0,Csa,Cfb,Temperate,Temperate,1,Portugal,France,0.5,0.5,15.2,0.0,0.0,Tier 3 (Weak)
Iraq,Scotland,0.003,1727.0,1857.0,-130.0,1,0,BWh,Cfb,Arid,Temperate,1,Iraq,Scotland,0.9,0.5,22.5,0.3214,0.0103,Tier 3 (Weak)
Japan,Scotland,0.003,2008.0,1857.0,151.0,1,0,Cfa,Cfb,Temperate,Temperate,1,Japan,Scotland,0.5,0.5,20.3,0.0,0.0,Tier 3 (Weak)
Spain,Switzerland,0.003,2216.0,1990.0,226.0,1,0,Csa,Cfb,Temperate,Temperate,1,Spain,Switzerland,0.5,0.5,19.8,0.0,0.0,Tier 3 (Weak)
Iran,France,0.003,1893.0,2160.0,-267.0,1,0,BWh,Cfb,Arid,Temperate,1,Iran,France,0.9,0.5,28.5,0.4071,0.013,Tier 3 (Weak)
Panama,France,0.003,1831.0,2160.0,-329.0,1,0,Am,Cfb,Tropical,Temperate,1,Panama,France,1.0,0.5,28.5,0.5089,0.0163,Tier 3 (Weak)
Colombia,Germany,0.003,2083.0,2032.0,51.0,1,0,Af,Cfb,Tropical,Temperate,1,Colombia,Germany,1.0,0.5,28.0,0.5,0.016,Tier 3 (Weak)
Brazil,Switzerland,0.003,2081.0,1990.0,91.0,1,0,Am,Cfb,Tropical,Temperate,1,Brazil,Switzerland,1.0,0.5,28.0,0.5,0.016,Tier 3 (Weak)
Tunisia,Bosnia and Herzegovina,0.0029,1777.0,1653.0,124.0,1,0,BWh,Cfb,Arid,Temperate,1,Tunisia,Bosnia and Herzegovina,0.9,0.5,15.2,0.0,0.0,Tier 3 (Weak)
Uzbekistan,Norway,0.0029,1823.0,1994.0,-171.0,1,0,BWk,Dfc,Arid,Continental,1,Uzbekistan,Norway,0.4,0.2,28.0,0.2,0.0064,Tier 3 (Weak)
Panama,Scotland,0.0029,1831.0,1857.0,-26.0,1,0,Am,Cfb,Tropical,Temperate,1,Panama,Scotland,1.0,0.5,17.6,0.0,0.0,Tier 3 (Weak)
Uzbekistan,South Korea,0.0029,1823.0,1895.0,-72.0,1,0,BWk,Dwa,Arid,Continental,1,Uzbekistan,South Korea,0.4,0.2,17.6,0.0,0.0,Tier 3 (Weak)
Tunisia,Bosnia and Herzegovina,0.0029,1777.0,1653.0,124.0,1,0,BWh,Cfb,Arid,Temperate,1,Tunisia,Bosnia and Herzegovina,0.9,0.5,28.3,0.4043,0.0129,Tier 3 (Weak)
Australia,South Korea,0.0029,1891.0,1895.0,-4.0,1,0,BWh,Dwa,Arid,Continental,1,Australia,South Korea,0.9,0.2,17.1,0.0,0.0,Tier 3 (Weak)
Algeria,Belgium,0.0029,1885.0,2002.0,-117.0,1,0,BWh,Cfb,Arid,Temperate,1,Algeria,Belgium,0.9,0.5,25.4,0.3629,0.0116,Tier 3 (Weak)
Brazil,Canada,0.0029,2081.0,1903.0,178.0,1,0,Am,Dfc,Tropical,Continental,1,Brazil,Canada,1.0,0.2,20.3,0.0,0.0,Tier 3 (Weak)
Qatar,France,0.0029,1552.0,2160.0,-608.0,1,0,BWh,Cfb,Arid,Temperate,1,Qatar,France,0.9,0.5,20.3,0.0,0.0,Tier 3 (Weak)
Paraguay,Croatia,0.0029,1937.0,1979.0,-42.0,1,0,Cfa,Cfb,Temperate,Temperate,1,Paraguay,Croatia,0.5,0.5,19.8,0.0,0.0,Tier 3 (Weak)
Portugal,Canada,0.0029,2049.0,1903.0,146.0,1,0,Csa,Dfc,Temperate,Continental,1,Portugal,Canada,0.5,0.2,28.5,0.3054,0.0098,Tier 3 (Weak)
Japan,England,0.0029,2008.0,2083.0,-75.0,1,0,Cfa,Cfb,Temperate,Temperate,1,Japan,England,0.5,0.5,28.0,0.0,0.0,Tier 3 (Weak)
Colombia,Belgium,0.0029,2083.0,2002.0,81.0,1,0,Af,Cfb,Tropical,Temperate,1,Colombia,Belgium,1.0,0.5,28.0,0.5,0.016,Tier 3 (Weak)
Portugal,England,0.0029,2049.0,2083.0,-34.0,1,0,Csa,Cfb,Temperate,Temperate,1,Portugal,England,0.5,0.5,28.0,0.0,0.0,Tier 3 (Weak)
Morocco,England,0.0029,1988.0,2083.0,-95.0,1,0,Csa,Cfb,Temperate,Temperate,1,Morocco,England,0.5,0.5,28.0,0.0,0.0,Tier 3 (Weak)
Turkey,England,0.0029,1998.0,2083.0,-85.0,1,0,Csa,Cfb,Temperate,Temperate,1,Turkey,England,0.5,0.5,22.5,0.0,0.0,Tier 3 (Weak)
Spain,Canada,0.0029,2216.0,1903.0,313.0,1,0,Csa,Dfc,Temperate,Continental,1,Spain,Canada,0.5,0.2,22.5,0.2411,0.0077,Tier 3 (Weak)
Argentina,Canada,0.0029,2190.0,1903.0,287.0,1,0,Cfa,Dfc,Temperate,Continental,1,Argentina,Canada,0.5,0.2,22.5,0.2411,0.0077,Tier 3 (Weak)
South Africa,Sweden,0.0028,1673.0,1793.0,-120.0,1,0,BSh,Dfc,Arid,Continental,1,South Africa,Sweden,0.9,0.2,17.6,0.0,0.0,Tier 3 (Weak)
South Africa,Germany,0.0028,1673.0,2032.0,-359.0,1,0,BSh,Cfb,Arid,Temperate,1,South Africa,Germany,0.9,0.5,17.6,0.0,0.0,Tier 3 (Weak)
South Africa,Netherlands,0.0028,1673.0,2006.0,-333.0,1,0,BSh,Cfb,Arid,Temperate,1,South Africa,Netherlands,0.9,0.5,17.6,0.0,0.0,Tier 3 (Weak)
Japan,Bosnia and Herzegovina,0.0028,2008.0,1653.0,355.0,1,0,Cfa,Cfb,Temperate,Temperate,1,Japan,Bosnia and Herzegovina,0.5,0.5,15.2,0.0,0.0,Tier 3 (Weak)
Ecuador,Canada,0.0028,2033.0,1903.0,130.0,1,0,Af,Dfc,Tropical,Continental,1,Ecuador,Canada,1.0,0.2,15.2,0.0,0.0,Tier 3 (Weak)
Ghana,Austria,0.0028,1662.0,1929.0,-267.0,1,0,Aw,Dfb,Tropical,Continental,1,Ghana,Austria,1.0,0.2,28.5,0.8143,0.0261,Tier 3 (Weak)
Colombia,Czech Republic,0.0028,2083.0,1837.0,246.0,1,0,Af,Dfb,Tropical,Continental,1,Colombia,Czech Republic,1.0,0.2,17.6,0.0,0.0,Tier 3 (Weak)
Australia,Czech Republic,0.0028,1891.0,1837.0,54.0,1,0,BWh,Dfb,Arid,Continental,1,Australia,Czech Republic,0.9,0.2,17.1,0.0,0.0,Tier 3 (Weak)
United States,Netherlands,0.0028,1832.0,2006.0,-174.0,1,0,Cfa,Cfb,Temperate,Temperate,1,United States,Netherlands,0.5,0.5,20.3,0.0,0.0,Tier 3 (Weak)
Morocco,South Korea,0.0028,1988.0,1895.0,93.0,1,0,Csa,Dwa,Temperate,Continental,1,Morocco,South Korea,0.5,0.2,20.3,0.0,0.0,Tier 3 (Weak)
Senegal,Netherlands,0.0028,1933.0,2006.0,-73.0,1,0,BSh,Cfb,Arid,Temperate,1,Senegal,Netherlands,0.9,0.5,28.0,0.4,0.0128,Tier 3 (Weak)
Senegal,Croatia,0.0028,1933.0,1979.0,-46.0,1,0,BSh,Cfb,Arid,Temperate,1,Senegal,Croatia,0.9,0.5,28.0,0.4,0.0128,Tier 3 (Weak)
Brazil,Austria,0.0028,2081.0,1929.0,152.0,1,0,Am,Dfb,Tropical,Continental,1,Brazil,Austria,1.0,0.2,28.0,0.8,0.0256,Tier 3 (Weak)
Portugal,France,0.0028,2049.0,2160.0,-111.0,1,0,Csa,Cfb,Temperate,Temperate,1,Portugal,France,0.5,0.5,19.8,0.0,0.0,Tier 3 (Weak)
Australia,France,0.0028,1891.0,2160.0,-269.0,1,0,BWh,Cfb,Arid,Temperate,1,Australia,France,0.9,0.5,28.5,0.4071,0.013,Tier 3 (Weak)
Turkey,Canada,0.0028,1998.0,1903.0,95.0,1,0,Csa,Dfc,Temperate,Continental,1,Turkey,Canada,0.5,0.2,28.5,0.3054,0.0098,Tier 3 (Weak)
Senegal,Switzerland,0.0028,1933.0,1990.0,-57.0,1,0,BSh,Cfb,Arid,Temperate,1,Senegal,Switzerland,0.9,0.5,25.4,0.3629,0.0116,Tier 3 (Weak)
Spain,Belgium,0.0028,2216.0,2002.0,214.0,1,0,Csa,Cfb,Temperate,Temperate,1,Spain,Belgium,0.5,0.5,28.0,0.0,0.0,Tier 3 (Weak)
Japan,England,0.0028,2008.0,2083.0,-75.0,1,0,Cfa,Cfb,Temperate,Temperate,1,Japan,England,0.5,0.5,22.5,0.0,0.0,Tier 3 (Weak)
Argentina,South Korea,0.0028,2190.0,1895.0,295.0,1,0,Cfa,Dwa,Temperate,Continental,1,Argentina,South Korea,0.5,0.2,22.5,0.2411,0.0077,Tier 3 (Weak)
Portugal,Germany,0.0028,2049.0,2032.0,17.0,1,0,Csa,Cfb,Temperate,Temperate,1,Portugal,Germany,0.5,0.5,22.5,0.0,0.0,Tier 3 (Weak)
Cape Verde,Austria,0.0027,1660.0,1929.0,-269.0,1,0,BWh,Dfb,Arid,Continental,1,Cape Verde,Austria,0.9,0.2,19.4,0.0,0.0,Tier 3 (Weak)
Saudi Arabia,Germany,0.0027,1692.0,2032.0,-340.0,1,0,BWh,Cfb,Arid,Temperate,1,Saudi Arabia,Germany,0.9,0.5,23.0,0.3286,0.0105,Tier 3 (Weak)
Ghana,Switzerland,0.0027,1662.0,1990.0,-328.0,1,0,Aw,Cfb,Tropical,Temperate,1,Ghana,Switzerland,1.0,0.5,15.2,0.0,0.0,Tier 3 (Weak)
Tunisia,Croatia,0.0027,1777.0,1979.0,-202.0,1,0,BWh,Cfb,Arid,Temperate,1,Tunisia,Croatia,0.9,0.5,17.6,0.0,0.0,Tier 3 (Weak)
Curaçao,Netherlands,0.0027,1595.0,2006.0,-411.0,1,0,BSh,Cfb,Arid,Temperate,1,Curaçao,Netherlands,0.9,0.5,22.5,0.3214,0.0103,Tier 3 (Weak)
Argentina,New Zealand,0.0027,2190.0,1710.0,480.0,1,0,Cfa,Cfb,Temperate,Temperate,1,Argentina,New Zealand,0.5,0.5,24.2,0.0,0.0,Tier 3 (Weak)
Uruguay,Germany,0.0027,1986.0,2032.0,-46.0,1,0,Cfa,Cfb,Temperate,Temperate,1,Uruguay,Germany,0.5,0.5,24.2,0.0,0.0,Tier 3 (Weak)
Iran,Canada,0.0027,1893.0,1903.0,-10.0,1,0,BWh,Dfc,Arid,Continental,1,Iran,Canada,0.9,0.2,24.2,0.605,0.0194,Tier 3 (Weak)
Morocco,Switzerland,0.0027,1988.0,1990.0,-2.0,1,0,Csa,Cfb,Temperate,Temperate,1,Morocco,Switzerland,0.5,0.5,20.3,0.0,0.0,Tier 3 (Weak)
Iraq,England,0.0027,1727.0,2083.0,-356.0,1,0,BWh,Cfb,Arid,Temperate,1,Iraq,England,0.9,0.5,28.0,0.4,0.0128,Tier 3 (Weak)
Uruguay,Germany,0.0027,1986.0,2032.0,-46.0,1,0,Cfa,Cfb,Temperate,Temperate,1,Uruguay,Germany,0.5,0.5,19.8,0.0,0.0,Tier 3 (Weak)
Portugal,Austria,0.0027,2049.0,1929.0,120.0,1,0,Csa,Dfb,Temperate,Continental,1,Portugal,Austria,0.5,0.2,19.8,0.0,0.0,Tier 3 (Weak)
Colombia,Germany,0.0027,2083.0,2032.0,51.0,1,0,Af,Cfb,Tropical,Temperate,1,Colombia,Germany,1.0,0.5,19.8,0.0,0.0,Tier 3 (Weak)
Brazil,Croatia,0.0027,2081.0,1979.0,102.0,1,0,Am,Cfb,Tropical,Temperate,1,Brazil,Croatia,1.0,0.5,28.5,0.5089,0.0163,Tier 3 (Weak)
Japan,France,0.0027,2008.0,2160.0,-152.0,1,0,Cfa,Cfb,Temperate,Temperate,1,Japan,France,0.5,0.5,28.5,0.0,0.0,Tier 3 (Weak)
Australia,England,0.0027,1891.0,2083.0,-192.0,1,0,BWh,Cfb,Arid,Temperate,1,Australia,England,0.9,0.5,25.4,0.3629,0.0116,Tier 3 (Weak)
Japan,Germany,0.0027,2008.0,2032.0,-24.0,1,0,Cfa,Cfb,Temperate,Temperate,1,Japan,Germany,0.5,0.5,28.0,0.0,0.0,Tier 3 (Weak)
Portugal,Germany,0.0027,2049.0,2032.0,17.0,1,0,Csa,Cfb,Temperate,Temperate,1,Portugal,Germany,0.5,0.5,28.0,0.0,0.0,Tier 3 (Weak)
Spain,Austria,0.0027,2216.0,1929.0,287.0,1,0,Csa,Dfb,Temperate,Continental,1,Spain,Austria,0.5,0.2,22.5,0.2411,0.0077,Tier 3 (Weak)
Japan,Netherlands,0.0027,2008.0,2006.0,2.0,1,0,Cfa,Cfb,Temperate,Temperate,1,Japan,Netherlands,0.5,0.5,22.5,0.0,0.0,Tier 3 (Weak)
South Africa,Norway,0.0026,1673.0,1994.0,-321.0,1,0,BSh,Dfc,Arid,Continental,1,South Africa,Norway,0.9,0.2,17.6,0.0,0.0,Tier 3 (Weak)
Spain,South Korea,0.0026,2216.0,1895.0,321.0,1,0,Csa,Dwa,Temperate,Continental,1,Spain,South Korea,0.5,0.2,17.6,0.0,0.0,Tier 3 (Weak)
Curaçao,France,0.0026,1595.0,2160.0,-565.0,1,0,BSh,Cfb,Arid,Temperate,1,Curaçao,France,0.9,0.5,23.0,0.3286,0.0105,Tier 3 (Weak)
Curaçao,Switzerland,0.0026,1595.0,1990.0,-395.0,1,0,BSh,Cfb,Arid,Temperate,1,Curaçao,Switzerland,0.9,0.5,15.2,0.0,0.0,Tier 3 (Weak)
Portugal,South Korea,0.0026,2049.0,1895.0,154.0,1,0,Csa,Dwa,Temperate,Continental,1,Portugal,South Korea,0.5,0.2,17.6,0.0,0.0,Tier 3 (Weak)
Colombia,South Korea,0.0026,2083.0,1895.0,188.0,1,0,Af,Dwa,Tropical,Continental,1,Colombia,South Korea,1.0,0.2,17.6,0.0,0.0,Tier 3 (Weak)
Brazil,Croatia,0.0026,2081.0,1979.0,102.0,1,0,Am,Cfb,Tropical,Temperate,1,Brazil,Croatia,1.0,0.5,17.6,0.0,0.0,Tier 3 (Weak)
Ecuador,Czech Republic,0.0026,2033.0,1837.0,196.0,1,0,Af,Dfb,Tropical,Continental,1,Ecuador,Czech Republic,1.0,0.2,17.6,0.0,0.0,Tier 3 (Weak)
Argentina,Belgium,0.0026,2190.0,2002.0,188.0,1,0,Cfa,Cfb,Temperate,Temperate,1,Argentina,Belgium,0.5,0.5,17.1,0.0,0.0,Tier 3 (Weak)
Paraguay,Germany,0.0026,1937.0,2032.0,-95.0,1,0,Cfa,Cfb,Temperate,Temperate,1,Paraguay,Germany,0.5,0.5,17.1,0.0,0.0,Tier 3 (Weak)
Spain,Norway,0.0026,2216.0,1994.0,222.0,1,0,Csa,Dfc,Temperate,Continental,1,Spain,Norway,0.5,0.2,24.2,0.2593,0.0083,Tier 3 (Weak)
Australia,Canada,0.0026,1891.0,1903.0,-12.0,1,0,BWh,Dfc,Arid,Continental,1,Australia,Canada,0.9,0.2,24.2,0.605,0.0194,Tier 3 (Weak)
Turkey,Canada,0.0026,1998.0,1903.0,95.0,1,0,Csa,Dfc,Temperate,Continental,1,Turkey,Canada,0.5,0.2,20.3,0.0,0.0,Tier 3 (Weak)
Brazil,South Korea,0.0026,2081.0,1895.0,186.0,1,0,Am,Dwa,Tropical,Continental,1,Brazil,South Korea,1.0,0.2,20.3,0.0,0.0,Tier 3 (Weak)
Ivory Coast,Netherlands,0.0026,1836.0,2006.0,-170.0,1,0,Aw,Cfb,Tropical,Temperate,1,Ivory Coast,Netherlands,1.0,0.5,28.0,0.5,0.016,Tier 3 (Weak)
Argentina,Austria,0.0026,2190.0,1929.0,261.0,1,0,Cfa,Dfb,Temperate,Continental,1,Argentina,Austria,0.5,0.2,19.8,0.0,0.0,Tier 3 (Weak)
Portugal,Switzerland,0.0026,2049.0,1990.0,59.0,1,0,Csa,Cfb,Temperate,Temperate,1,Portugal,Switzerland,0.5,0.5,28.5,0.0,0.0,Tier 3 (Weak)
Morocco,England,0.0026,1988.0,2083.0,-95.0,1,0,Csa,Cfb,Temperate,Temperate,1,Morocco,England,0.5,0.5,28.5,0.0,0.0,Tier 3 (Weak)
Colombia,Norway,0.0026,2083.0,1994.0,89.0,1,0,Af,Dfc,Tropical,Continental,1,Colombia,Norway,1.0,0.2,28.5,0.8143,0.0261,Tier 3 (Weak)
Turkey,Germany,0.0026,1998.0,2032.0,-34.0,1,0,Csa,Cfb,Temperate,Temperate,1,Turkey,Germany,0.5,0.5,25.4,0.0,0.0,Tier 3 (Weak)
Colombia,Croatia,0.0026,2083.0,1979.0,104.0,1,0,Af,Cfb,Tropical,Temperate,1,Colombia,Croatia,1.0,0.5,25.4,0.4536,0.0145,Tier 3 (Weak)
Brazil,Canada,0.0026,2081.0,1903.0,178.0,1,0,Am,Dfc,Tropical,Continental,1,Brazil,Canada,1.0,0.2,28.0,0.8,0.0256,Tier 3 (Weak)
Ivory Coast,France,0.0026,1836.0,2160.0,-324.0,1,0,Aw,Cfb,Tropical,Temperate,1,Ivory Coast,France,1.0,0.5,28.0,0.5,0.016,Tier 3 (Weak)
Colombia,Norway,0.0026,2083.0,1994.0,89.0,1,0,Af,Dfc,Tropical,Continental,1,Colombia,Norway,1.0,0.2,28.0,0.8,0.0256,Tier 3 (Weak)
Brazil,Scotland,0.0026,2081.0,1857.0,224.0,1,0,Am,Cfb,Tropical,Temperate,1,Brazil,Scotland,1.0,0.5,28.0,0.5,0.016,Tier 3 (Weak)
Argentina,Austria,0.0026,2190.0,1929.0,261.0,1,0,Cfa,Dfb,Temperate,Continental,1,Argentina,Austria,0.5,0.2,22.5,0.2411,0.0077,Tier 3 (Weak)
Senegal,Belgium,0.0025,1933.0,2002.0,-69.0,1,0,BSh,Cfb,Arid,Temperate,1,Senegal,Belgium,0.9,0.5,28.5,0.4071,0.013,Tier 3 (Weak)
Uruguay,Germany,0.0025,1986.0,2032.0,-46.0,1,0,Cfa,Cfb,Temperate,Temperate,1,Uruguay,Germany,0.5,0.5,23.0,0.0,0.0,Tier 3 (Weak)
Spain,France,0.0025,2216.0,2160.0,56.0,1,0,Csa,Cfb,Temperate,Temperate,1,Spain,France,0.5,0.5,24.2,0.0,0.0,Tier 3 (Weak)
United States,Canada,0.0025,1832.0,1903.0,-71.0,1,0,Cfa,Dfc,Temperate,Continental,1,United States,Canada,0.5,0.2,24.2,0.2593,0.0083,Tier 3 (Weak)
Paraguay,Canada,0.0025,1937.0,1903.0,34.0,1,0,Cfa,Dfc,Temperate,Continental,1,Paraguay,Canada,0.5,0.2,20.3,0.0,0.0,Tier 3 (Weak)
Ivory Coast,Netherlands,0.0025,1836.0,2006.0,-170.0,1,0,Aw,Cfb,Tropical,Temperate,1,Ivory Coast,Netherlands,1.0,0.5,20.3,0.0,0.0,Tier 3 (Weak)
Ivory Coast,Croatia,0.0025,1836.0,1979.0,-143.0,1,0,Aw,Cfb,Tropical,Temperate,1,Ivory Coast,Croatia,1.0,0.5,19.8,0.0,0.0,Tier 3 (Weak)
Iran,England,0.0025,1893.0,2083.0,-190.0,1,0,BWh,Cfb,Arid,Temperate,1,Iran,England,0.9,0.5,19.8,0.0,0.0,Tier 3 (Weak)
Colombia,Norway,0.0025,2083.0,1994.0,89.0,1,0,Af,Dfc,Tropical,Continental,1,Colombia,Norway,1.0,0.2,19.8,0.0,0.0,Tier 3 (Weak)
DR Congo,Belgium,0.0025,1774.0,2002.0,-228.0,1,0,Am,Cfb,Tropical,Temperate,1,DR Congo,Belgium,1.0,0.5,19.8,0.0,0.0,Tier 3 (Weak)
United States,England,0.0025,1832.0,2083.0,-251.0,1,0,Cfa,Cfb,Temperate,Temperate,1,United States,England,0.5,0.5,19.8,0.0,0.0,Tier 3 (Weak)
Ivory Coast,England,0.0025,1836.0,2083.0,-247.0,1,0,Aw,Cfb,Tropical,Temperate,1,Ivory Coast,England,1.0,0.5,19.8,0.0,0.0,Tier 3 (Weak)
Ecuador,Austria,0.0025,2033.0,1929.0,104.0,1,0,Af,Dfb,Tropical,Continental,1,Ecuador,Austria,1.0,0.2,28.5,0.8143,0.0261,Tier 3 (Weak)
United States,France,0.0025,1832.0,2160.0,-328.0,1,0,Cfa,Cfb,Temperate,Temperate,1,United States,France,0.5,0.5,28.5,0.0,0.0,Tier 3 (Weak)
Mexico,Germany,0.0025,1957.0,2032.0,-75.0,1,0,BSh,Cfb,Arid,Temperate,1,Mexico,Germany,0.9,0.5,28.0,0.4,0.0128,Tier 3 (Weak)
Argentina,England,0.0025,2190.0,2083.0,107.0,1,0,Cfa,Cfb,Temperate,Temperate,1,Argentina,England,0.5,0.5,28.0,0.0,0.0,Tier 3 (Weak)
Ecuador,Belgium,0.0025,2033.0,2002.0,31.0,1,0,Af,Cfb,Tropical,Temperate,1,Ecuador,Belgium,1.0,0.5,28.0,0.5,0.016,Tier 3 (Weak)
Uruguay,Germany,0.0025,1986.0,2032.0,-46.0,1,0,Cfa,Cfb,Temperate,Temperate,1,Uruguay,Germany,0.5,0.5,28.0,0.0,0.0,Tier 3 (Weak)
Ecuador,Netherlands,0.0025,2033.0,2006.0,27.0,1,0,Af,Cfb,Tropical,Temperate,1,Ecuador,Netherlands,1.0,0.5,22.5,0.4018,0.0129,Tier 3 (Weak)
Ivory Coast,Switzerland,0.0024,1836.0,1990.0,-154.0,1,0,Aw,Cfb,Tropical,Temperate,1,Ivory Coast,Switzerland,1.0,0.5,28.3,0.5054,0.0162,Tier 3 (Weak)
Qatar,New Zealand,0.0024,1552.0,1710.0,-158.0,1,0,BWh,Cfb,Arid,Temperate,1,Qatar,New Zealand,0.9,0.5,15.2,0.0,0.0,Tier 3 (Weak)
DR Congo,Croatia,0.0024,1774.0,1979.0,-205.0,1,0,Am,Cfb,Tropical,Temperate,1,DR Congo,Croatia,1.0,0.5,28.0,0.5,0.016,Tier 3 (Weak)
Brazil,Norway,0.0024,2081.0,1994.0,87.0,1,0,Am,Dfc,Tropical,Continental,1,Brazil,Norway,1.0,0.2,23.0,0.6571,0.021,Tier 3 (Weak)
DR Congo,Canada,0.0024,1774.0,1903.0,-129.0,1,0,Am,Dfc,Tropical,Continental,1,DR Congo,Canada,1.0,0.2,15.2,0.0,0.0,Tier 3 (Weak)
Jordan,Canada,0.0024,1766.0,1903.0,-137.0,1,0,BWh,Dfc,Arid,Continental,1,Jordan,Canada,0.9,0.2,15.2,0.0,0.0,Tier 3 (Weak)
Spain,England,0.0024,2216.0,2083.0,133.0,1,0,Csa,Cfb,Temperate,Temperate,1,Spain,England,0.5,0.5,17.6,0.0,0.0,Tier 3 (Weak)
DR Congo,Czech Republic,0.0024,1774.0,1837.0,-63.0,1,0,Am,Dfb,Tropical,Continental,1,DR Congo,Czech Republic,1.0,0.2,17.6,0.0,0.0,Tier 3 (Weak)
Panama,Germany,0.0024,1831.0,2032.0,-201.0,1,0,Am,Cfb,Tropical,Temperate,1,Panama,Germany,1.0,0.5,17.6,0.0,0.0,Tier 3 (Weak)
Paraguay,Austria,0.0024,1937.0,1929.0,8.0,1,0,Cfa,Dfb,Temperate,Continental,1,Paraguay,Austria,0.5,0.2,17.1,0.0,0.0,Tier 3 (Weak)
United States,Norway,0.0024,1832.0,1994.0,-162.0,1,0,Cfa,Dfc,Temperate,Continental,1,United States,Norway,0.5,0.2,17.1,0.0,0.0,Tier 3 (Weak)
Brazil,Switzerland,0.0024,2081.0,1990.0,91.0,1,0,Am,Cfb,Tropical,Temperate,1,Brazil,Switzerland,1.0,0.5,20.3,0.0,0.0,Tier 3 (Weak)
Japan,South Korea,0.0024,2008.0,1895.0,113.0,1,0,Cfa,Dwa,Temperate,Continental,1,Japan,South Korea,0.5,0.2,20.3,0.0,0.0,Tier 3 (Weak)
Ecuador,Bosnia and Herzegovina,0.0024,2033.0,1653.0,380.0,1,0,Af,Cfb,Tropical,Temperate,1,Ecuador,Bosnia and Herzegovina,1.0,0.5,20.3,0.0,0.0,Tier 3 (Weak)
Japan,Netherlands,0.0024,2008.0,2006.0,2.0,1,0,Cfa,Cfb,Temperate,Temperate,1,Japan,Netherlands,0.5,0.5,28.0,0.0,0.0,Tier 3 (Weak)
Morocco,Scotland,0.0024,1988.0,1857.0,131.0,1,0,Csa,Cfb,Temperate,Temperate,1,Morocco,Scotland,0.5,0.5,28.0,0.0,0.0,Tier 3 (Weak)
Iran,Croatia,0.0024,1893.0,1979.0,-86.0,1,0,BWh,Cfb,Arid,Temperate,1,Iran,Croatia,0.9,0.5,19.8,0.0,0.0,Tier 3 (Weak)
Spain,Bosnia and Herzegovina,0.0024,2216.0,1653.0,563.0,1,0,Csa,Cfb,Temperate,Temperate,1,Spain,Bosnia and Herzegovina,0.5,0.5,19.8,0.0,0.0,Tier 3 (Weak)
Colombia,France,0.0024,2083.0,2160.0,-77.0,1,0,Af,Cfb,Tropical,Temperate,1,Colombia,France,1.0,0.5,19.8,0.0,0.0,Tier 3 (Weak)
Senegal,Croatia,0.0024,1933.0,1979.0,-46.0,1,0,BSh,Cfb,Arid,Temperate,1,Senegal,Croatia,0.9,0.5,19.8,0.0,0.0,Tier 3 (Weak)
Uruguay,Austria,0.0024,1986.0,1929.0,57.0,1,0,Cfa,Dfb,Temperate,Continental,1,Uruguay,Austria,0.5,0.2,19.8,0.0,0.0,Tier 3 (Weak)
Morocco,Switzerland,0.0024,1988.0,1990.0,-2.0,1,0,Csa,Cfb,Temperate,Temperate,1,Morocco,Switzerland,0.5,0.5,25.4,0.0,0.0,Tier 3 (Weak)
Portugal,Netherlands,0.0024,2049.0,2006.0,43.0,1,0,Csa,Cfb,Temperate,Temperate,1,Portugal,Netherlands,0.5,0.5,25.4,0.0,0.0,Tier 3 (Weak)
Portugal,Norway,0.0024,2049.0,1994.0,55.0,1,0,Csa,Dfc,Temperate,Continental,1,Portugal,Norway,0.5,0.2,28.0,0.3,0.0096,Tier 3 (Weak)
Colombia,England,0.0024,2083.0,2083.0,0.0,1,0,Af,Cfb,Tropical,Temperate,1,Colombia,England,1.0,0.5,28.0,0.5,0.016,Tier 3 (Weak)
Uruguay,England,0.0024,1986.0,2083.0,-97.0,1,0,Cfa,Cfb,Temperate,Temperate,1,Uruguay,England,0.5,0.5,28.0,0.0,0.0,Tier 3 (Weak)
Colombia,Switzerland,0.0024,2083.0,1990.0,93.0,1,0,Af,Cfb,Tropical,Temperate,1,Colombia,Switzerland,1.0,0.5,28.0,0.5,0.016,Tier 3 (Weak)
Portugal,Netherlands,0.0024,2049.0,2006.0,43.0,1,0,Csa,Cfb,Temperate,Temperate,1,Portugal,Netherlands,0.5,0.5,28.0,0.0,0.0,Tier 3 (Weak)
Morocco,England,0.0024,1988.0,2083.0,-95.0,1,0,Csa,Cfb,Temperate,Temperate,1,Morocco,England,0.5,0.5,22.5,0.0,0.0,Tier 3 (Weak)
Colombia,Norway,0.0024,2083.0,1994.0,89.0,1,0,Af,Dfc,Tropical,Continental,1,Colombia,Norway,1.0,0.2,22.5,0.6429,0.0206,Tier 3 (Weak)
Brazil,Switzerland,0.0024,2081.0,1990.0,91.0,1,0,Am,Cfb,Tropical,Temperate,1,Brazil,Switzerland,1.0,0.5,22.5,0.4018,0.0129,Tier 3 (Weak)
Ecuador,Belgium,0.0024,2033.0,2002.0,31.0,1,0,Af,Cfb,Tropical,Temperate,1,Ecuador,Belgium,1.0,0.5,22.5,0.4018,0.0129,Tier 3 (Weak)
Ecuador,Norway,0.0024,2033.0,1994.0,39.0,1,0,Af,Dfc,Tropical,Continental,1,Ecuador,Norway,1.0,0.2,22.5,0.6429,0.0206,Tier 3 (Weak)
Haiti,Germany,0.0023,1661.0,2032.0,-371.0,1,0,Aw,Cfb,Tropical,Temperate,1,Haiti,Germany,1.0,0.5,23.0,0.4107,0.0131,Tier 3 (Weak)
Panama,Netherlands,0.0023,1831.0,2006.0,-175.0,1,0,Am,Cfb,Tropical,Temperate,1,Panama,Netherlands,1.0,0.5,17.6,0.0,0.0,Tier 3 (Weak)
Ecuador,Croatia,0.0023,2033.0,1979.0,54.0,1,0,Af,Cfb,Tropical,Temperate,1,Ecuador,Croatia,1.0,0.5,17.6,0.0,0.0,Tier 3 (Weak)
United States,Austria,0.0023,1832.0,1929.0,-97.0,1,0,Cfa,Dfb,Temperate,Continental,1,United States,Austria,0.5,0.2,17.1,0.0,0.0,Tier 3 (Weak)
Iran,Germany,0.0023,1893.0,2032.0,-139.0,1,0,BWh,Cfb,Arid,Temperate,1,Iran,Germany,0.9,0.5,17.1,0.0,0.0,Tier 3 (Weak)
Saudi Arabia,New Zealand,0.0023,1692.0,1710.0,-18.0,1,0,BWh,Cfb,Arid,Temperate,1,Saudi Arabia,New Zealand,0.9,0.5,25.4,0.3629,0.0116,Tier 3 (Weak)
Morocco,Croatia,0.0023,1988.0,1979.0,9.0,1,0,Csa,Cfb,Temperate,Temperate,1,Morocco,Croatia,0.5,0.5,28.0,0.0,0.0,Tier 3 (Weak)
Panama,Netherlands,0.0023,1831.0,2006.0,-175.0,1,0,Am,Cfb,Tropical,Temperate,1,Panama,Netherlands,1.0,0.5,28.0,0.5,0.016,Tier 3 (Weak)
Senegal,England,0.0023,1933.0,2083.0,-150.0,1,0,BSh,Cfb,Arid,Temperate,1,Senegal,England,0.9,0.5,19.8,0.0,0.0,Tier 3 (Weak)
Australia,England,0.0023,1891.0,2083.0,-192.0,1,0,BWh,Cfb,Arid,Temperate,1,Australia,England,0.9,0.5,19.8,0.0,0.0,Tier 3 (Weak)
United States,Croatia,0.0023,1832.0,1979.0,-147.0,1,0,Cfa,Cfb,Temperate,Temperate,1,United States,Croatia,0.5,0.5,19.8,0.0,0.0,Tier 3 (Weak)
Turkey,Switzerland,0.0023,1998.0,1990.0,8.0,1,0,Csa,Cfb,Temperate,Temperate,1,Turkey,Switzerland,0.5,0.5,28.5,0.0,0.0,Tier 3 (Weak)
Paraguay,France,0.0023,1937.0,2160.0,-223.0,1,0,Cfa,Cfb,Temperate,Temperate,1,Paraguay,France,0.5,0.5,25.4,0.0,0.0,Tier 3 (Weak)
Argentina,Sweden,0.0023,2190.0,1793.0,397.0,1,0,Cfa,Dfc,Temperate,Continental,1,Argentina,Sweden,0.5,0.2,25.4,0.2721,0.0087,Tier 3 (Weak)
Colombia,Scotland,0.0023,2083.0,1857.0,226.0,1,0,Af,Cfb,Tropical,Temperate,1,Colombia,Scotland,1.0,0.5,25.4,0.4536,0.0145,Tier 3 (Weak)
Spain,Croatia,0.0023,2216.0,1979.0,237.0,1,0,Csa,Cfb,Temperate,Temperate,1,Spain,Croatia,0.5,0.5,25.4,0.0,0.0,Tier 3 (Weak)
Turkey,Germany,0.0023,1998.0,2032.0,-34.0,1,0,Csa,Cfb,Temperate,Temperate,1,Turkey,Germany,0.5,0.5,28.0,0.0,0.0,Tier 3 (Weak)
Mexico,Belgium,0.0023,1957.0,2002.0,-45.0,1,0,BSh,Cfb,Arid,Temperate,1,Mexico,Belgium,0.9,0.5,28.0,0.4,0.0128,Tier 3 (Weak)
Uruguay,Netherlands,0.0023,1986.0,2006.0,-20.0,1,0,Cfa,Cfb,Temperate,Temperate,1,Uruguay,Netherlands,0.5,0.5,28.0,0.0,0.0,Tier 3 (Weak)
Mexico,England,0.0023,1957.0,2083.0,-126.0,1,0,BSh,Cfb,Arid,Temperate,1,Mexico,England,0.9,0.5,28.0,0.4,0.0128,Tier 3 (Weak)
Ecuador,Switzerland,0.0023,2033.0,1990.0,43.0,1,0,Af,Cfb,Tropical,Temperate,1,Ecuador,Switzerland,1.0,0.5,22.5,0.4018,0.0129,Tier 3 (Weak)
Paraguay,France,0.0023,1937.0,2160.0,-223.0,1,0,Cfa,Cfb,Temperate,Temperate,1,Paraguay,France,0.5,0.5,22.5,0.0,0.0,Tier 3 (Weak)
Spain,Croatia,0.0022,2216.0,1979.0,237.0,1,0,Csa,Cfb,Temperate,Temperate,1,Spain,Croatia,0.5,0.5,25.4,0.0,0.0,Tier 3 (Weak)
Ecuador,Bosnia and Herzegovina,0.0022,2033.0,1653.0,380.0,1,0,Af,Cfb,Tropical,Temperate,1,Ecuador,Bosnia and Herzegovina,1.0,0.5,15.2,0.0,0.0,Tier 3 (Weak)
Egypt,Bosnia and Herzegovina,0.0022,1818.0,1653.0,165.0,1,0,BWh,Cfb,Arid,Temperate,1,Egypt,Bosnia and Herzegovina,0.9,0.5,15.2,0.0,0.0,Tier 3 (Weak)
Uzbekistan,England,0.0022,1823.0,2083.0,-260.0,1,0,BWk,Cfb,Arid,Temperate,1,Uzbekistan,England,0.4,0.5,28.0,0.0,0.0,Tier 3 (Weak)
Algeria,Canada,0.0022,1885.0,1903.0,-18.0,1,0,BWh,Dfc,Arid,Continental,1,Algeria,Canada,0.9,0.2,15.2,0.0,0.0,Tier 3 (Weak)
Ivory Coast,New Zealand,0.0022,1836.0,1710.0,126.0,1,0,Aw,Cfb,Tropical,Temperate,1,Ivory Coast,New Zealand,1.0,0.5,17.1,0.0,0.0,Tier 3 (Weak)
Paraguay,Norway,0.0022,1937.0,1994.0,-57.0,1,0,Cfa,Dfc,Temperate,Continental,1,Paraguay,Norway,0.5,0.2,17.1,0.0,0.0,Tier 3 (Weak)
United States,Germany,0.0022,1832.0,2032.0,-200.0,1,0,Cfa,Cfb,Temperate,Temperate,1,United States,Germany,0.5,0.5,17.1,0.0,0.0,Tier 3 (Weak)
Jordan,New Zealand,0.0022,1766.0,1710.0,56.0,1,0,BWh,Cfb,Arid,Temperate,1,Jordan,New Zealand,0.9,0.5,25.4,0.3629,0.0116,Tier 3 (Weak)
Cape Verde,Belgium,0.0022,1660.0,2002.0,-342.0,1,0,BWh,Cfb,Arid,Temperate,1,Cape Verde,Belgium,0.9,0.5,25.4,0.3629,0.0116,Tier 3 (Weak)
Portugal,New Zealand,0.0022,2049.0,1710.0,339.0,1,0,Csa,Cfb,Temperate,Temperate,1,Portugal,New Zealand,0.5,0.5,24.2,0.0,0.0,Tier 3 (Weak)
Japan,Switzerland,0.0022,2008.0,1990.0,18.0,1,0,Cfa,Cfb,Temperate,Temperate,1,Japan,Switzerland,0.5,0.5,20.3,0.0,0.0,Tier 3 (Weak)
Morocco,Czech Republic,0.0022,1988.0,1837.0,151.0,1,0,Csa,Dfb,Temperate,Continental,1,Morocco,Czech Republic,0.5,0.2,20.3,0.0,0.0,Tier 3 (Weak)
Japan,Czech Republic,0.0022,2008.0,1837.0,171.0,1,0,Cfa,Dfb,Temperate,Continental,1,Japan,Czech Republic,0.5,0.2,20.3,0.0,0.0,Tier 3 (Weak)
Ecuador,Scotland,0.0022,2033.0,1857.0,176.0,1,0,Af,Cfb,Tropical,Temperate,1,Ecuador,Scotland,1.0,0.5,28.0,0.5,0.016,Tier 3 (Weak)
Australia,Croatia,0.0022,1891.0,1979.0,-88.0,1,0,BWh,Cfb,Arid,Temperate,1,Australia,Croatia,0.9,0.5,19.8,0.0,0.0,Tier 3 (Weak)
Uruguay,France,0.0022,1986.0,2160.0,-174.0,1,0,Cfa,Cfb,Temperate,Temperate,1,Uruguay,France,0.5,0.5,19.8,0.0,0.0,Tier 3 (Weak)
Ivory Coast,France,0.0022,1836.0,2160.0,-324.0,1,0,Aw,Cfb,Tropical,Temperate,1,Ivory Coast,France,1.0,0.5,28.5,0.5089,0.0163,Tier 3 (Weak)
United States,England,0.0022,1832.0,2083.0,-251.0,1,0,Cfa,Cfb,Temperate,Temperate,1,United States,England,0.5,0.5,25.4,0.0,0.0,Tier 3 (Weak)
Argentina,Austria,0.0022,2190.0,1929.0,261.0,1,0,Cfa,Dfb,Temperate,Continental,1,Argentina,Austria,0.5,0.2,28.0,0.3,0.0096,Tier 3 (Weak)
Argentina,South Korea,0.0022,2190.0,1895.0,295.0,1,0,Cfa,Dwa,Temperate,Continental,1,Argentina,South Korea,0.5,0.2,28.0,0.3,0.0096,Tier 3 (Weak)
Spain,Canada,0.0022,2216.0,1903.0,313.0,1,0,Csa,Dfc,Temperate,Continental,1,Spain,Canada,0.5,0.2,28.0,0.3,0.0096,Tier 3 (Weak)
Portugal,Netherlands,0.0022,2049.0,2006.0,43.0,1,0,Csa,Cfb,Temperate,Temperate,1,Portugal,Netherlands,0.5,0.5,22.5,0.0,0.0,Tier 3 (Weak)
Japan,Germany,0.0022,2008.0,2032.0,-24.0,1,0,Cfa,Cfb,Temperate,Temperate,1,Japan,Germany,0.5,0.5,22.5,0.0,0.0,Tier 3 (Weak)
Argentina,New Zealand,0.0021,2190.0,1710.0,480.0,1,0,Cfa,Cfb,Temperate,Temperate,1,Argentina,New Zealand,0.5,0.5,20.1,0.0,0.0,Tier 3 (Weak)
Iraq,Germany,0.0021,1727.0,2032.0,-305.0,1,0,BWh,Cfb,Arid,Temperate,1,Iraq,Germany,0.9,0.5,23.0,0.3286,0.0105,Tier 3 (Weak)
South Africa,Norway,0.0021,1673.0,1994.0,-321.0,1,0,BSh,Dfc,Arid,Continental,1,South Africa,Norway,0.9,0.2,23.0,0.575,0.0184,Tier 3 (Weak)
Argentina,Switzerland,0.0021,2190.0,1990.0,200.0,1,0,Cfa,Cfb,Temperate,Temperate,1,Argentina,Switzerland,0.5,0.5,15.2,0.0,0.0,Tier 3 (Weak)
DR Congo,South Korea,0.0021,1774.0,1895.0,-121.0,1,0,Am,Dwa,Tropical,Continental,1,DR Congo,South Korea,1.0,0.2,17.6,0.0,0.0,Tier 3 (Weak)
Ecuador,South Korea,0.0021,2033.0,1895.0,138.0,1,0,Af,Dwa,Tropical,Continental,1,Ecuador,South Korea,1.0,0.2,17.6,0.0,0.0,Tier 3 (Weak)
Saudi Arabia,Croatia,0.0021,1692.0,1979.0,-287.0,1,0,BWh,Cfb,Arid,Temperate,1,Saudi Arabia,Croatia,0.9,0.5,17.6,0.0,0.0,Tier 3 (Weak)
Algeria,Czech Republic,0.0021,1885.0,1837.0,48.0,1,0,BWh,Dfb,Arid,Continental,1,Algeria,Czech Republic,0.9,0.2,17.6,0.0,0.0,Tier 3 (Weak)
Panama,Norway,0.0021,1831.0,1994.0,-163.0,1,0,Am,Dfc,Tropical,Continental,1,Panama,Norway,1.0,0.2,17.6,0.0,0.0,Tier 3 (Weak)
Japan,South Korea,0.0021,2008.0,1895.0,113.0,1,0,Cfa,Dwa,Temperate,Continental,1,Japan,South Korea,0.5,0.2,17.1,0.0,0.0,Tier 3 (Weak)
Iran,Netherlands,0.0021,1893.0,2006.0,-113.0,1,0,BWh,Cfb,Arid,Temperate,1,Iran,Netherlands,0.9,0.5,17.1,0.0,0.0,Tier 3 (Weak)
Algeria,New Zealand,0.0021,1885.0,1710.0,175.0,1,0,BWh,Cfb,Arid,Temperate,1,Algeria,New Zealand,0.9,0.5,25.4,0.3629,0.0116,Tier 3 (Weak)
Uruguay,Norway,0.0021,1986.0,1994.0,-8.0,1,0,Cfa,Dfc,Temperate,Continental,1,Uruguay,Norway,0.5,0.2,24.2,0.2593,0.0083,Tier 3 (Weak)
Spain,Austria,0.0021,2216.0,1929.0,287.0,1,0,Csa,Dfb,Temperate,Continental,1,Spain,Austria,0.5,0.2,24.2,0.2593,0.0083,Tier 3 (Weak)
Tunisia,Norway,0.0021,1777.0,1994.0,-217.0,1,0,BWh,Dfc,Arid,Continental,1,Tunisia,Norway,0.9,0.2,20.3,0.0,0.0,Tier 3 (Weak)
Brazil,Sweden,0.0021,2081.0,1793.0,288.0,1,0,Am,Dfc,Tropical,Continental,1,Brazil,Sweden,1.0,0.2,28.0,0.8,0.0256,Tier 3 (Weak)
Senegal,South Korea,0.0021,1933.0,1895.0,38.0,1,0,BSh,Dwa,Arid,Continental,1,Senegal,South Korea,0.9,0.2,28.0,0.7,0.0224,Tier 3 (Weak)
Morocco,South Korea,0.0021,1988.0,1895.0,93.0,1,0,Csa,Dwa,Temperate,Continental,1,Morocco,South Korea,0.5,0.2,28.0,0.3,0.0096,Tier 3 (Weak)
Algeria,Austria,0.0021,1885.0,1929.0,-44.0,1,0,BWh,Dfb,Arid,Continental,1,Algeria,Austria,0.9,0.2,19.8,0.0,0.0,Tier 3 (Weak)
Portugal,South Korea,0.0021,2049.0,1895.0,154.0,1,0,Csa,Dwa,Temperate,Continental,1,Portugal,South Korea,0.5,0.2,19.8,0.0,0.0,Tier 3 (Weak)
Uruguay,Norway,0.0021,1986.0,1994.0,-8.0,1,0,Cfa,Dfc,Temperate,Continental,1,Uruguay,Norway,0.5,0.2,19.8,0.0,0.0,Tier 3 (Weak)
Colombia,Austria,0.0021,2083.0,1929.0,154.0,1,0,Af,Dfb,Tropical,Continental,1,Colombia,Austria,1.0,0.2,19.8,0.0,0.0,Tier 3 (Weak)
Portugal,South Korea,0.0021,2049.0,1895.0,154.0,1,0,Csa,Dwa,Temperate,Continental,1,Portugal,South Korea,0.5,0.2,28.5,0.3054,0.0098,Tier 3 (Weak)
Colombia,Canada,0.0021,2083.0,1903.0,180.0,1,0,Af,Dfc,Tropical,Continental,1,Colombia,Canada,1.0,0.2,28.5,0.8143,0.0261,Tier 3 (Weak)
Uruguay,Norway,0.0021,1986.0,1994.0,-8.0,1,0,Cfa,Dfc,Temperate,Continental,1,Uruguay,Norway,0.5,0.2,28.0,0.3,0.0096,Tier 3 (Weak)
Paraguay,France,0.0021,1937.0,2160.0,-223.0,1,0,Cfa,Cfb,Temperate,Temperate,1,Paraguay,France,0.5,0.5,28.0,0.0,0.0,Tier 3 (Weak)
Mexico,Netherlands,0.0021,1957.0,2006.0,-49.0,1,0,BSh,Cfb,Arid,Temperate,1,Mexico,Netherlands,0.9,0.5,28.0,0.4,0.0128,Tier 3 (Weak)
Morocco,Germany,0.0021,1988.0,2032.0,-44.0,1,0,Csa,Cfb,Temperate,Temperate,1,Morocco,Germany,0.5,0.5,28.0,0.0,0.0,Tier 3 (Weak)
Argentina,Scotland,0.0021,2190.0,1857.0,333.0,1,0,Cfa,Cfb,Temperate,Temperate,1,Argentina,Scotland,0.5,0.5,28.0,0.0,0.0,Tier 3 (Weak)
Japan,Switzerland,0.0021,2008.0,1990.0,18.0,1,0,Cfa,Cfb,Temperate,Temperate,1,Japan,Switzerland,0.5,0.5,28.0,0.0,0.0,Tier 3 (Weak)
Turkey,Germany,0.0021,1998.0,2032.0,-34.0,1,0,Csa,Cfb,Temperate,Temperate,1,Turkey,Germany,0.5,0.5,22.5,0.0,0.0,Tier 3 (Weak)
Argentina,Scotland,0.0021,2190.0,1857.0,333.0,1,0,Cfa,Cfb,Temperate,Temperate,1,Argentina,Scotland,0.5,0.5,22.5,0.0,0.0,Tier 3 (Weak)
Jordan,Czech Republic,0.002,1766.0,1837.0,-71.0,1,0,BWh,Dfb,Arid,Continental,1,Jordan,Czech Republic,0.9,0.2,17.6,0.0,0.0,Tier 3 (Weak)
Saudi Arabia,South Korea,0.002,1692.0,1895.0,-203.0,1,0,BWh,Dwa,Arid,Continental,1,Saudi Arabia,South Korea,0.9,0.2,17.6,0.0,0.0,Tier 3 (Weak)
Japan,Czech Republic,0.002,2008.0,1837.0,171.0,1,0,Cfa,Dfb,Temperate,Continental,1,Japan,Czech Republic,0.5,0.2,17.1,0.0,0.0,Tier 3 (Weak)
Jordan,Switzerland,0.002,1766.0,1990.0,-224.0,1,0,BWh,Cfb,Arid,Temperate,1,Jordan,Switzerland,0.9,0.5,24.2,0.3457,0.0111,Tier 3 (Weak)
Ivory Coast,Canada,0.002,1836.0,1903.0,-67.0,1,0,Aw,Dfc,Tropical,Continental,1,Ivory Coast,Canada,1.0,0.2,20.3,0.0,0.0,Tier 3 (Weak)
Paraguay,Switzerland,0.002,1937.0,1990.0,-53.0,1,0,Cfa,Cfb,Temperate,Temperate,1,Paraguay,Switzerland,0.5,0.5,20.3,0.0,0.0,Tier 3 (Weak)
Brazil,Czech Republic,0.002,2081.0,1837.0,244.0,1,0,Am,Dfb,Tropical,Continental,1,Brazil,Czech Republic,1.0,0.2,20.3,0.0,0.0,Tier 3 (Weak)
Portugal,France,0.002,2049.0,2160.0,-111.0,1,0,Csa,Cfb,Temperate,Temperate,1,Portugal,France,0.5,0.5,28.0,0.0,0.0,Tier 3 (Weak)
Morocco,Netherlands,0.002,1988.0,2006.0,-18.0,1,0,Csa,Cfb,Temperate,Temperate,1,Morocco,Netherlands,0.5,0.5,28.0,0.0,0.0,Tier 3 (Weak)
Tunisia,France,0.002,1777.0,2160.0,-383.0,1,0,BWh,Cfb,Arid,Temperate,1,Tunisia,France,0.9,0.5,28.0,0.4,0.0128,Tier 3 (Weak)
Tunisia,Germany,0.002,1777.0,2032.0,-255.0,1,0,BWh,Cfb,Arid,Temperate,1,Tunisia,Germany,0.9,0.5,28.0,0.4,0.0128,Tier 3 (Weak)
Ecuador,Croatia,0.002,2033.0,1979.0,54.0,1,0,Af,Cfb,Tropical,Temperate,1,Ecuador,Croatia,1.0,0.5,19.8,0.0,0.0,Tier 3 (Weak)
Ecuador,England,0.002,2033.0,2083.0,-50.0,1,0,Af,Cfb,Tropical,Temperate,1,Ecuador,England,1.0,0.5,19.8,0.0,0.0,Tier 3 (Weak)
Portugal,Scotland,0.002,2049.0,1857.0,192.0,1,0,Csa,Cfb,Temperate,Temperate,1,Portugal,Scotland,0.5,0.5,28.5,0.0,0.0,Tier 3 (Weak)
Mexico,France,0.002,1957.0,2160.0,-203.0,1,0,BSh,Cfb,Arid,Temperate,1,Mexico,France,0.9,0.5,28.5,0.4071,0.013,Tier 3 (Weak)
Argentina,Norway,0.002,2190.0,1994.0,196.0,1,0,Cfa,Dfc,Temperate,Continental,1,Argentina,Norway,0.5,0.2,28.5,0.3054,0.0098,Tier 3 (Weak)
Jordan,France,0.002,1766.0,2160.0,-394.0,1,0,BWh,Cfb,Arid,Temperate,1,Jordan,France,0.9,0.5,28.5,0.4071,0.013,Tier 3 (Weak)
Brazil,Austria,0.002,2081.0,1929.0,152.0,1,0,Am,Dfb,Tropical,Continental,1,Brazil,Austria,1.0,0.2,28.5,0.8143,0.0261,Tier 3 (Weak)
Japan,England,0.002,2008.0,2083.0,-75.0,1,0,Cfa,Cfb,Temperate,Temperate,1,Japan,England,0.5,0.5,28.5,0.0,0.0,Tier 3 (Weak)
Colombia,Switzerland,0.002,2083.0,1990.0,93.0,1,0,Af,Cfb,Tropical,Temperate,1,Colombia,Switzerland,1.0,0.5,28.5,0.5089,0.0163,Tier 3 (Weak)
Spain,Sweden,0.002,2216.0,1793.0,423.0,1,0,Csa,Dfc,Temperate,Continental,1,Spain,Sweden,0.5,0.2,28.5,0.3054,0.0098,Tier 3 (Weak)
Uruguay,Norway,0.002,1986.0,1994.0,-8.0,1,0,Cfa,Dfc,Temperate,Continental,1,Uruguay,Norway,0.5,0.2,28.5,0.3054,0.0098,Tier 3 (Weak)
Turkey,Scotland,0.002,1998.0,1857.0,141.0,1,0,Csa,Cfb,Temperate,Temperate,1,Turkey,Scotland,0.5,0.5,28.5,0.0,0.0,Tier 3 (Weak)
Turkey,Norway,0.002,1998.0,1994.0,4.0,1,0,Csa,Dfc,Temperate,Continental,1,Turkey,Norway,0.5,0.2,25.4,0.2721,0.0087,Tier 3 (Weak)
Colombia,South Korea,0.002,2083.0,1895.0,188.0,1,0,Af,Dwa,Tropical,Continental,1,Colombia,South Korea,1.0,0.2,25.4,0.7257,0.0232,Tier 3 (Weak)
Argentina,Czech Republic,0.002,2190.0,1837.0,353.0,1,0,Cfa,Dfb,Temperate,Continental,1,Argentina,Czech Republic,0.5,0.2,28.0,0.3,0.0096,Tier 3 (Weak)
Morocco,Netherlands,0.002,1988.0,2006.0,-18.0,1,0,Csa,Cfb,Temperate,Temperate,1,Morocco,Netherlands,0.5,0.5,28.0,0.0,0.0,Tier 3 (Weak)
Brazil,Croatia,0.002,2081.0,1979.0,102.0,1,0,Am,Cfb,Tropical,Temperate,1,Brazil,Croatia,1.0,0.5,28.0,0.5,0.016,Tier 3 (Weak)
Japan,Norway,0.002,2008.0,1994.0,14.0,1,0,Cfa,Dfc,Temperate,Continental,1,Japan,Norway,0.5,0.2,28.0,0.3,0.0096,Tier 3 (Weak)
Turkey,Norway,0.002,1998.0,1994.0,4.0,1,0,Csa,Dfc,Temperate,Continental,1,Turkey,Norway,0.5,0.2,28.0,0.3,0.0096,Tier 3 (Weak)
Mexico,Norway,0.002,1957.0,1994.0,-37.0,1,0,BSh,Dfc,Arid,Continental,1,Mexico,Norway,0.9,0.2,28.0,0.7,0.0224,Tier 3 (Weak)
Morocco,Switzerland,0.002,1988.0,1990.0,-2.0,1,0,Csa,Cfb,Temperate,Temperate,1,Morocco,Switzerland,0.5,0.5,28.0,0.0,0.0,Tier 3 (Weak)
Colombia,Switzerland,0.002,2083.0,1990.0,93.0,1,0,Af,Cfb,Tropical,Temperate,1,Colombia,Switzerland,1.0,0.5,22.5,0.4018,0.0129,Tier 3 (Weak)
Mexico,England,0.002,1957.0,2083.0,-126.0,1,0,BSh,Cfb,Arid,Temperate,1,Mexico,England,0.9,0.5,22.5,0.3214,0.0103,Tier 3 (Weak)
Ivory Coast,France,0.002,1836.0,2160.0,-324.0,1,0,Aw,Cfb,Tropical,Temperate,1,Ivory Coast,France,1.0,0.5,22.5,0.4018,0.0129,Tier 3 (Weak)
Portugal,Switzerland,0.002,2049.0,1990.0,59.0,1,0,Csa,Cfb,Temperate,Temperate,1,Portugal,Switzerland,0.5,0.5,22.5,0.0,0.0,Tier 3 (Weak)
Portugal,Belgium,0.002,2049.0,2002.0,47.0,1,0,Csa,Cfb,Temperate,Temperate,1,Portugal,Belgium,0.5,0.5,22.5,0.0,0.0,Tier 3 (Weak)
Jordan,Bosnia and Herzegovina,0.0019,1766.0,1653.0,113.0,1,0,BWh,Cfb,Arid,Temperate,1,Jordan,Bosnia and Herzegovina,0.9,0.5,15.2,0.0,0.0,Tier 3 (Weak)
Qatar,Norway,0.0019,1552.0,1994.0,-442.0,1,0,BWh,Dfc,Arid,Continental,1,Qatar,Norway,0.9,0.2,15.2,0.0,0.0,Tier 3 (Weak)
Algeria,Bosnia and Herzegovina,0.0019,1885.0,1653.0,232.0,1,0,BWh,Cfb,Arid,Temperate,1,Algeria,Bosnia and Herzegovina,0.9,0.5,15.2,0.0,0.0,Tier 3 (Weak)
South Africa,Croatia,0.0019,1673.0,1979.0,-306.0,1,0,BSh,Cfb,Arid,Temperate,1,South Africa,Croatia,0.9,0.5,17.6,0.0,0.0,Tier 3 (Weak)
Algeria,South Korea,0.0019,1885.0,1895.0,-10.0,1,0,BWh,Dwa,Arid,Continental,1,Algeria,South Korea,0.9,0.2,17.6,0.0,0.0,Tier 3 (Weak)
Saudi Arabia,Czech Republic,0.0019,1692.0,1837.0,-145.0,1,0,BWh,Dfb,Arid,Continental,1,Saudi Arabia,Czech Republic,0.9,0.2,17.6,0.0,0.0,Tier 3 (Weak)
Jordan,South Korea,0.0019,1766.0,1895.0,-129.0,1,0,BWh,Dwa,Arid,Continental,1,Jordan,South Korea,0.9,0.2,17.6,0.0,0.0,Tier 3 (Weak)
Australia,Austria,0.0019,1891.0,1929.0,-38.0,1,0,BWh,Dfb,Arid,Continental,1,Australia,Austria,0.9,0.2,17.1,0.0,0.0,Tier 3 (Weak)
Japan,New Zealand,0.0019,2008.0,1710.0,298.0,1,0,Cfa,Cfb,Temperate,Temperate,1,Japan,New Zealand,0.5,0.5,17.1,0.0,0.0,Tier 3 (Weak)
Australia,Germany,0.0019,1891.0,2032.0,-141.0,1,0,BWh,Cfb,Arid,Temperate,1,Australia,Germany,0.9,0.5,17.1,0.0,0.0,Tier 3 (Weak)
Curaçao,Scotland,0.0019,1595.0,1857.0,-262.0,1,0,BSh,Cfb,Arid,Temperate,1,Curaçao,Scotland,0.9,0.5,22.5,0.3214,0.0103,Tier 3 (Weak)
Uruguay,Austria,0.0019,1986.0,1929.0,57.0,1,0,Cfa,Dfb,Temperate,Continental,1,Uruguay,Austria,0.5,0.2,24.2,0.2593,0.0083,Tier 3 (Weak)
Egypt,Canada,0.0019,1818.0,1903.0,-85.0,1,0,BWh,Dfc,Arid,Continental,1,Egypt,Canada,0.9,0.2,24.2,0.605,0.0194,Tier 3 (Weak)
Portugal,Austria,0.0019,2049.0,1929.0,120.0,1,0,Csa,Dfb,Temperate,Continental,1,Portugal,Austria,0.5,0.2,24.2,0.2593,0.0083,Tier 3 (Weak)
Mexico,Scotland,0.0019,1957.0,1857.0,100.0,1,0,BSh,Cfb,Arid,Temperate,1,Mexico,Scotland,0.9,0.5,20.3,0.0,0.0,Tier 3 (Weak)
Ecuador,Sweden,0.0019,2033.0,1793.0,240.0,1,0,Af,Dfc,Tropical,Continental,1,Ecuador,Sweden,1.0,0.2,20.3,0.0,0.0,Tier 3 (Weak)
Mexico,Sweden,0.0019,1957.0,1793.0,164.0,1,0,BSh,Dfc,Arid,Continental,1,Mexico,Sweden,0.9,0.2,28.0,0.7,0.0224,Tier 3 (Weak)
Japan,Scotland,0.0019,2008.0,1857.0,151.0,1,0,Cfa,Cfb,Temperate,Temperate,1,Japan,Scotland,0.5,0.5,28.0,0.0,0.0,Tier 3 (Weak)
Senegal,Scotland,0.0019,1933.0,1857.0,76.0,1,0,BSh,Cfb,Arid,Temperate,1,Senegal,Scotland,0.9,0.5,28.0,0.4,0.0128,Tier 3 (Weak)
Uruguay,Germany,0.0019,1986.0,2032.0,-46.0,1,0,Cfa,Cfb,Temperate,Temperate,1,Uruguay,Germany,0.5,0.5,28.0,0.0,0.0,Tier 3 (Weak)
Morocco,Croatia,0.0019,1988.0,1979.0,9.0,1,0,Csa,Cfb,Temperate,Temperate,1,Morocco,Croatia,0.5,0.5,28.5,0.0,0.0,Tier 3 (Weak)
Ecuador,Netherlands,0.0019,2033.0,2006.0,27.0,1,0,Af,Cfb,Tropical,Temperate,1,Ecuador,Netherlands,1.0,0.5,28.5,0.5089,0.0163,Tier 3 (Weak)
Uruguay,Canada,0.0019,1986.0,1903.0,83.0,1,0,Cfa,Dfc,Temperate,Continental,1,Uruguay,Canada,0.5,0.2,28.5,0.3054,0.0098,Tier 3 (Weak)
Ivory Coast,Switzerland,0.0019,1836.0,1990.0,-154.0,1,0,Aw,Cfb,Tropical,Temperate,1,Ivory Coast,Switzerland,1.0,0.5,25.4,0.4536,0.0145,Tier 3 (Weak)
Iran,France,0.0019,1893.0,2160.0,-267.0,1,0,BWh,Cfb,Arid,Temperate,1,Iran,France,0.9,0.5,25.4,0.3629,0.0116,Tier 3 (Weak)
Uruguay,Netherlands,0.0019,1986.0,2006.0,-20.0,1,0,Cfa,Cfb,Temperate,Temperate,1,Uruguay,Netherlands,0.5,0.5,25.4,0.0,0.0,Tier 3 (Weak)
Ecuador,Canada,0.0019,2033.0,1903.0,130.0,1,0,Af,Dfc,Tropical,Continental,1,Ecuador,Canada,1.0,0.2,28.0,0.8,0.0256,Tier 3 (Weak)
Spain,Croatia,0.0019,2216.0,1979.0,237.0,1,0,Csa,Cfb,Temperate,Temperate,1,Spain,Croatia,0.5,0.5,28.0,0.0,0.0,Tier 3 (Weak)
Argentina,Croatia,0.0019,2190.0,1979.0,211.0,1,0,Cfa,Cfb,Temperate,Temperate,1,Argentina,Croatia,0.5,0.5,28.0,0.0,0.0,Tier 3 (Weak)
Mexico,Switzerland,0.0019,1957.0,1990.0,-33.0,1,0,BSh,Cfb,Arid,Temperate,1,Mexico,Switzerland,0.9,0.5,28.0,0.4,0.0128,Tier 3 (Weak)
Portugal,Belgium,0.0019,2049.0,2002.0,47.0,1,0,Csa,Cfb,Temperate,Temperate,1,Portugal,Belgium,0.5,0.5,28.0,0.0,0.0,Tier 3 (Weak)
Senegal,Germany,0.0019,1933.0,2032.0,-99.0,1,0,BSh,Cfb,Arid,Temperate,1,Senegal,Germany,0.9,0.5,28.0,0.4,0.0128,Tier 3 (Weak)
Spain,Scotland,0.0019,2216.0,1857.0,359.0,1,0,Csa,Cfb,Temperate,Temperate,1,Spain,Scotland,0.5,0.5,22.5,0.0,0.0,Tier 3 (Weak)
Uruguay,England,0.0019,1986.0,2083.0,-97.0,1,0,Cfa,Cfb,Temperate,Temperate,1,Uruguay,England,0.5,0.5,22.5,0.0,0.0,Tier 3 (Weak)
Qatar,Germany,0.0018,1552.0,2032.0,-480.0,1,0,BWh,Cfb,Arid,Temperate,1,Qatar,Germany,0.9,0.5,15.2,0.0,0.0,Tier 3 (Weak)
Uzbekistan,France,0.0018,1823.0,2160.0,-337.0,1,0,BWk,Cfb,Arid,Temperate,1,Uzbekistan,France,0.4,0.5,28.0,0.0,0.0,Tier 3 (Weak)
DR Congo,Norway,0.0018,1774.0,1994.0,-220.0,1,0,Am,Dfc,Tropical,Continental,1,DR Congo,Norway,1.0,0.2,28.0,0.8,0.0256,Tier 3 (Weak)
Spain,Germany,0.0018,2216.0,2032.0,184.0,1,0,Csa,Cfb,Temperate,Temperate,1,Spain,Germany,0.5,0.5,23.0,0.0,0.0,Tier 3 (Weak)
Qatar,Norway,0.0018,1552.0,1994.0,-442.0,1,0,BWh,Dfc,Arid,Continental,1,Qatar,Norway,0.9,0.2,23.0,0.575,0.0184,Tier 3 (Weak)
Panama,Sweden,0.0018,1831.0,1793.0,38.0,1,0,Am,Dfc,Tropical,Continental,1,Panama,Sweden,1.0,0.2,17.6,0.0,0.0,Tier 3 (Weak)
Haiti,Bosnia and Herzegovina,0.0018,1661.0,1653.0,8.0,1,0,Aw,Cfb,Tropical,Temperate,1,Haiti,Bosnia and Herzegovina,1.0,0.5,28.3,0.5054,0.0162,Tier 3 (Weak)
Iran,Canada,0.0018,1893.0,1903.0,-10.0,1,0,BWh,Dfc,Arid,Continental,1,Iran,Canada,0.9,0.2,17.1,0.0,0.0,Tier 3 (Weak)
Iran,Norway,0.0018,1893.0,1994.0,-101.0,1,0,BWh,Dfc,Arid,Continental,1,Iran,Norway,0.9,0.2,17.1,0.0,0.0,Tier 3 (Weak)
Iran,Austria,0.0018,1893.0,1929.0,-36.0,1,0,BWh,Dfb,Arid,Continental,1,Iran,Austria,0.9,0.2,17.1,0.0,0.0,Tier 3 (Weak)
Iran,Sweden,0.0018,1893.0,1793.0,100.0,1,0,BWh,Dfc,Arid,Continental,1,Iran,Sweden,0.9,0.2,17.1,0.0,0.0,Tier 3 (Weak)
Haiti,Norway,0.0018,1661.0,1994.0,-333.0,1,0,Aw,Dfc,Tropical,Continental,1,Haiti,Norway,1.0,0.2,22.5,0.6429,0.0206,Tier 3 (Weak)
Uruguay,France,0.0018,1986.0,2160.0,-174.0,1,0,Cfa,Cfb,Temperate,Temperate,1,Uruguay,France,0.5,0.5,24.2,0.0,0.0,Tier 3 (Weak)
Spain,Croatia,0.0018,2216.0,1979.0,237.0,1,0,Csa,Cfb,Temperate,Temperate,1,Spain,Croatia,0.5,0.5,24.2,0.0,0.0,Tier 3 (Weak)
Argentina,Bosnia and Herzegovina,0.0018,2190.0,1653.0,537.0,1,0,Cfa,Cfb,Temperate,Temperate,1,Argentina,Bosnia and Herzegovina,0.5,0.5,24.2,0.0,0.0,Tier 3 (Weak)
Algeria,Switzerland,0.0018,1885.0,1990.0,-105.0,1,0,BWh,Cfb,Arid,Temperate,1,Algeria,Switzerland,0.9,0.5,24.2,0.3457,0.0111,Tier 3 (Weak)
South Africa,Germany,0.0018,1673.0,2032.0,-359.0,1,0,BSh,Cfb,Arid,Temperate,1,South Africa,Germany,0.9,0.5,20.3,0.0,0.0,Tier 3 (Weak)
United States,Canada,0.0018,1832.0,1903.0,-71.0,1,0,Cfa,Dfc,Temperate,Continental,1,United States,Canada,0.5,0.2,20.3,0.0,0.0,Tier 3 (Weak)
Senegal,Canada,0.0018,1933.0,1903.0,30.0,1,0,BSh,Dfc,Arid,Continental,1,Senegal,Canada,0.9,0.2,20.3,0.0,0.0,Tier 3 (Weak)
Australia,Canada,0.0018,1891.0,1903.0,-12.0,1,0,BWh,Dfc,Arid,Continental,1,Australia,Canada,0.9,0.2,20.3,0.0,0.0,Tier 3 (Weak)
Mexico,South Korea,0.0018,1957.0,1895.0,62.0,1,0,BSh,Dwa,Arid,Continental,1,Mexico,South Korea,0.9,0.2,20.3,0.0,0.0,Tier 3 (Weak)
Uruguay,France,0.0018,1986.0,2160.0,-174.0,1,0,Cfa,Cfb,Temperate,Temperate,1,Uruguay,France,0.5,0.5,28.0,0.0,0.0,Tier 3 (Weak)
Portugal,Germany,0.0018,2049.0,2032.0,17.0,1,0,Csa,Cfb,Temperate,Temperate,1,Portugal,Germany,0.5,0.5,28.0,0.0,0.0,Tier 3 (Weak)
Senegal,Czech Republic,0.0018,1933.0,1837.0,96.0,1,0,BSh,Dfb,Arid,Continental,1,Senegal,Czech Republic,0.9,0.2,28.0,0.7,0.0224,Tier 3 (Weak)
Colombia,France,0.0018,2083.0,2160.0,-77.0,1,0,Af,Cfb,Tropical,Temperate,1,Colombia,France,1.0,0.5,28.0,0.5,0.016,Tier 3 (Weak)
Morocco,Czech Republic,0.0018,1988.0,1837.0,151.0,1,0,Csa,Dfb,Temperate,Continental,1,Morocco,Czech Republic,0.5,0.2,28.0,0.3,0.0096,Tier 3 (Weak)
Iraq,Norway,0.0018,1727.0,1994.0,-267.0,1,0,BWh,Dfc,Arid,Continental,1,Iraq,Norway,0.9,0.2,28.0,0.7,0.0224,Tier 3 (Weak)
Paraguay,Austria,0.0018,1937.0,1929.0,8.0,1,0,Cfa,Dfb,Temperate,Continental,1,Paraguay,Austria,0.5,0.2,19.8,0.0,0.0,Tier 3 (Weak)
Portugal,New Zealand,0.0018,2049.0,1710.0,339.0,1,0,Csa,Cfb,Temperate,Temperate,1,Portugal,New Zealand,0.5,0.5,19.8,0.0,0.0,Tier 3 (Weak)
Senegal,Austria,0.0018,1933.0,1929.0,4.0,1,0,BSh,Dfb,Arid,Continental,1,Senegal,Austria,0.9,0.2,19.8,0.0,0.0,Tier 3 (Weak)
Spain,Belgium,0.0018,2216.0,2002.0,214.0,1,0,Csa,Cfb,Temperate,Temperate,1,Spain,Belgium,0.5,0.5,28.5,0.0,0.0,Tier 3 (Weak)
Argentina,Canada,0.0018,2190.0,1903.0,287.0,1,0,Cfa,Dfc,Temperate,Continental,1,Argentina,Canada,0.5,0.2,28.5,0.3054,0.0098,Tier 3 (Weak)
Ecuador,Norway,0.0018,2033.0,1994.0,39.0,1,0,Af,Dfc,Tropical,Continental,1,Ecuador,Norway,1.0,0.2,28.5,0.8143,0.0261,Tier 3 (Weak)
Colombia,Scotland,0.0018,2083.0,1857.0,226.0,1,0,Af,Cfb,Tropical,Temperate,1,Colombia,Scotland,1.0,0.5,28.5,0.5089,0.0163,Tier 3 (Weak)
Algeria,Netherlands,0.0018,1885.0,2006.0,-121.0,1,0,BWh,Cfb,Arid,Temperate,1,Algeria,Netherlands,0.9,0.5,28.5,0.4071,0.013,Tier 3 (Weak)
Turkey,South Korea,0.0018,1998.0,1895.0,103.0,1,0,Csa,Dwa,Temperate,Continental,1,Turkey,South Korea,0.5,0.2,28.5,0.3054,0.0098,Tier 3 (Weak)
Argentina,Switzerland,0.0018,2190.0,1990.0,200.0,1,0,Cfa,Cfb,Temperate,Temperate,1,Argentina,Switzerland,0.5,0.5,28.5,0.0,0.0,Tier 3 (Weak)
Paraguay,Germany,0.0018,1937.0,2032.0,-95.0,1,0,Cfa,Cfb,Temperate,Temperate,1,Paraguay,Germany,0.5,0.5,25.4,0.0,0.0,Tier 3 (Weak)
Egypt,England,0.0018,1818.0,2083.0,-265.0,1,0,BWh,Cfb,Arid,Temperate,1,Egypt,England,0.9,0.5,25.4,0.3629,0.0116,Tier 3 (Weak)
Brazil,Austria,0.0018,2081.0,1929.0,152.0,1,0,Am,Dfb,Tropical,Continental,1,Brazil,Austria,1.0,0.2,25.4,0.7257,0.0232,Tier 3 (Weak)
Brazil,South Korea,0.0018,2081.0,1895.0,186.0,1,0,Am,Dwa,Tropical,Continental,1,Brazil,South Korea,1.0,0.2,28.0,0.8,0.0256,Tier 3 (Weak)
Turkey,Switzerland,0.0018,1998.0,1990.0,8.0,1,0,Csa,Cfb,Temperate,Temperate,1,Turkey,Switzerland,0.5,0.5,28.0,0.0,0.0,Tier 3 (Weak)
Colombia,Canada,0.0018,2083.0,1903.0,180.0,1,0,Af,Dfc,Tropical,Continental,1,Colombia,Canada,1.0,0.2,28.0,0.8,0.0256,Tier 3 (Weak)
Japan,Belgium,0.0018,2008.0,2002.0,6.0,1,0,Cfa,Cfb,Temperate,Temperate,1,Japan,Belgium,0.5,0.5,28.0,0.0,0.0,Tier 3 (Weak)
Portugal,Switzerland,0.0018,2049.0,1990.0,59.0,1,0,Csa,Cfb,Temperate,Temperate,1,Portugal,Switzerland,0.5,0.5,28.0,0.0,0.0,Tier 3 (Weak)
Turkey,Netherlands,0.0018,1998.0,2006.0,-8.0,1,0,Csa,Cfb,Temperate,Temperate,1,Turkey,Netherlands,0.5,0.5,28.0,0.0,0.0,Tier 3 (Weak)
Spain,Austria,0.0018,2216.0,1929.0,287.0,1,0,Csa,Dfb,Temperate,Continental,1,Spain,Austria,0.5,0.2,28.0,0.3,0.0096,Tier 3 (Weak)
Spain,South Korea,0.0018,2216.0,1895.0,321.0,1,0,Csa,Dwa,Temperate,Continental,1,Spain,South Korea,0.5,0.2,22.5,0.2411,0.0077,Tier 3 (Weak)
South Africa,France,0.0017,1673.0,2160.0,-487.0,1,0,BSh,Cfb,Arid,Temperate,1,South Africa,France,0.9,0.5,17.6,0.0,0.0,Tier 3 (Weak)
Curaçao,Bosnia and Herzegovina,0.0017,1595.0,1653.0,-58.0,1,0,BSh,Cfb,Arid,Temperate,1,Curaçao,Bosnia and Herzegovina,0.9,0.5,15.2,0.0,0.0,Tier 3 (Weak)
Qatar,Sweden,0.0017,1552.0,1793.0,-241.0,1,0,BWh,Dfc,Arid,Continental,1,Qatar,Sweden,0.9,0.2,15.2,0.0,0.0,Tier 3 (Weak)
Iraq,Czech Republic,0.0017,1727.0,1837.0,-110.0,1,0,BWh,Dfb,Arid,Continental,1,Iraq,Czech Republic,0.9,0.2,17.6,0.0,0.0,Tier 3 (Weak)
South Africa,Sweden,0.0017,1673.0,1793.0,-120.0,1,0,BSh,Dfc,Arid,Continental,1,South Africa,Sweden,0.9,0.2,28.3,0.7075,0.0226,Tier 3 (Weak)
Egypt,Austria,0.0017,1818.0,1929.0,-111.0,1,0,BWh,Dfb,Arid,Continental,1,Egypt,Austria,0.9,0.2,17.1,0.0,0.0,Tier 3 (Weak)
Senegal,New Zealand,0.0017,1933.0,1710.0,223.0,1,0,BSh,Cfb,Arid,Temperate,1,Senegal,New Zealand,0.9,0.5,17.1,0.0,0.0,Tier 3 (Weak)
Iran,Bosnia and Herzegovina,0.0017,1893.0,1653.0,240.0,1,0,BWh,Cfb,Arid,Temperate,1,Iran,Bosnia and Herzegovina,0.9,0.5,17.1,0.0,0.0,Tier 3 (Weak)
Cape Verde,New Zealand,0.0017,1660.0,1710.0,-50.0,1,0,BWh,Cfb,Arid,Temperate,1,Cape Verde,New Zealand,0.9,0.5,25.4,0.3629,0.0116,Tier 3 (Weak)
Iraq,Sweden,0.0017,1727.0,1793.0,-66.0,1,0,BWh,Dfc,Arid,Continental,1,Iraq,Sweden,0.9,0.2,22.5,0.5625,0.018,Tier 3 (Weak)
Turkey,Germany,0.0017,1998.0,2032.0,-34.0,1,0,Csa,Cfb,Temperate,Temperate,1,Turkey,Germany,0.5,0.5,24.2,0.0,0.0,Tier 3 (Weak)
Saudi Arabia,Switzerland,0.0017,1692.0,1990.0,-298.0,1,0,BWh,Cfb,Arid,Temperate,1,Saudi Arabia,Switzerland,0.9,0.5,24.2,0.3457,0.0111,Tier 3 (Weak)
Japan,Sweden,0.0017,2008.0,1793.0,215.0,1,0,Cfa,Dfc,Temperate,Continental,1,Japan,Sweden,0.5,0.2,20.3,0.0,0.0,Tier 3 (Weak)
Tunisia,Canada,0.0017,1777.0,1903.0,-126.0,1,0,BWh,Dfc,Arid,Continental,1,Tunisia,Canada,0.9,0.2,20.3,0.0,0.0,Tier 3 (Weak)
Ivory Coast,Scotland,0.0017,1836.0,1857.0,-21.0,1,0,Aw,Cfb,Tropical,Temperate,1,Ivory Coast,Scotland,1.0,0.5,28.0,0.5,0.016,Tier 3 (Weak)
Portugal,Czech Republic,0.0017,2049.0,1837.0,212.0,1,0,Csa,Dfb,Temperate,Continental,1,Portugal,Czech Republic,0.5,0.2,19.8,0.0,0.0,Tier 3 (Weak)
Jordan,Austria,0.0017,1766.0,1929.0,-163.0,1,0,BWh,Dfb,Arid,Continental,1,Jordan,Austria,0.9,0.2,19.8,0.0,0.0,Tier 3 (Weak)
United States,Austria,0.0017,1832.0,1929.0,-97.0,1,0,Cfa,Dfb,Temperate,Continental,1,United States,Austria,0.5,0.2,19.8,0.0,0.0,Tier 3 (Weak)
Iran,Austria,0.0017,1893.0,1929.0,-36.0,1,0,BWh,Dfb,Arid,Continental,1,Iran,Austria,0.9,0.2,19.8,0.0,0.0,Tier 3 (Weak)
Uruguay,Switzerland,0.0017,1986.0,1990.0,-4.0,1,0,Cfa,Cfb,Temperate,Temperate,1,Uruguay,Switzerland,0.5,0.5,28.5,0.0,0.0,Tier 3 (Weak)
Morocco,Austria,0.0017,1988.0,1929.0,59.0,1,0,Csa,Dfb,Temperate,Continental,1,Morocco,Austria,0.5,0.2,28.5,0.3054,0.0098,Tier 3 (Weak)
Paraguay,Netherlands,0.0017,1937.0,2006.0,-69.0,1,0,Cfa,Cfb,Temperate,Temperate,1,Paraguay,Netherlands,0.5,0.5,28.5,0.0,0.0,Tier 3 (Weak)
Algeria,Germany,0.0017,1885.0,2032.0,-147.0,1,0,BWh,Cfb,Arid,Temperate,1,Algeria,Germany,0.9,0.5,28.5,0.4071,0.013,Tier 3 (Weak)
Japan,Croatia,0.0017,2008.0,1979.0,29.0,1,0,Cfa,Cfb,Temperate,Temperate,1,Japan,Croatia,0.5,0.5,28.5,0.0,0.0,Tier 3 (Weak)
Australia,France,0.0017,1891.0,2160.0,-269.0,1,0,BWh,Cfb,Arid,Temperate,1,Australia,France,0.9,0.5,25.4,0.3629,0.0116,Tier 3 (Weak)
Colombia,Czech Republic,0.0017,2083.0,1837.0,246.0,1,0,Af,Dfb,Tropical,Continental,1,Colombia,Czech Republic,1.0,0.2,25.4,0.7257,0.0232,Tier 3 (Weak)
Ecuador,Belgium,0.0017,2033.0,2002.0,31.0,1,0,Af,Cfb,Tropical,Temperate,1,Ecuador,Belgium,1.0,0.5,25.4,0.4536,0.0145,Tier 3 (Weak)
Senegal,England,0.0017,1933.0,2083.0,-150.0,1,0,BSh,Cfb,Arid,Temperate,1,Senegal,England,0.9,0.5,25.4,0.3629,0.0116,Tier 3 (Weak)
Mexico,Belgium,0.0017,1957.0,2002.0,-45.0,1,0,BSh,Cfb,Arid,Temperate,1,Mexico,Belgium,0.9,0.5,25.4,0.3629,0.0116,Tier 3 (Weak)
Senegal,France,0.0017,1933.0,2160.0,-227.0,1,0,BSh,Cfb,Arid,Temperate,1,Senegal,France,0.9,0.5,25.4,0.3629,0.0116,Tier 3 (Weak)
Ecuador,Croatia,0.0017,2033.0,1979.0,54.0,1,0,Af,Cfb,Tropical,Temperate,1,Ecuador,Croatia,1.0,0.5,28.0,0.5,0.016,Tier 3 (Weak)
Spain,Scotland,0.0017,2216.0,1857.0,359.0,1,0,Csa,Cfb,Temperate,Temperate,1,Spain,Scotland,0.5,0.5,28.0,0.0,0.0,Tier 3 (Weak)
Ivory Coast,Germany,0.0017,1836.0,2032.0,-196.0,1,0,Aw,Cfb,Tropical,Temperate,1,Ivory Coast,Germany,1.0,0.5,28.0,0.5,0.016,Tier 3 (Weak)
Brazil,Austria,0.0017,2081.0,1929.0,152.0,1,0,Am,Dfb,Tropical,Continental,1,Brazil,Austria,1.0,0.2,28.0,0.8,0.0256,Tier 3 (Weak)
Mexico,Germany,0.0017,1957.0,2032.0,-75.0,1,0,BSh,Cfb,Arid,Temperate,1,Mexico,Germany,0.9,0.5,22.5,0.3214,0.0103,Tier 3 (Weak)
Spain,New Zealand,0.0016,2216.0,1710.0,506.0,1,0,Csa,Cfb,Temperate,Temperate,1,Spain,New Zealand,0.5,0.5,20.1,0.0,0.0,Tier 3 (Weak)
Iraq,Bosnia and Herzegovina,0.0016,1727.0,1653.0,74.0,1,0,BWh,Cfb,Arid,Temperate,1,Iraq,Bosnia and Herzegovina,0.9,0.5,15.2,0.0,0.0,Tier 3 (Weak)
DR Congo,Germany,0.0016,1774.0,2032.0,-258.0,1,0,Am,Cfb,Tropical,Temperate,1,DR Congo,Germany,1.0,0.5,28.0,0.5,0.016,Tier 3 (Weak)
Cape Verde,Germany,0.0016,1660.0,2032.0,-372.0,1,0,BWh,Cfb,Arid,Temperate,1,Cape Verde,Germany,0.9,0.5,23.0,0.3286,0.0105,Tier 3 (Weak)
Iraq,Canada,0.0016,1727.0,1903.0,-176.0,1,0,BWh,Dfc,Arid,Continental,1,Iraq,Canada,0.9,0.2,15.2,0.0,0.0,Tier 3 (Weak)
Morocco,Austria,0.0016,1988.0,1929.0,59.0,1,0,Csa,Dfb,Temperate,Continental,1,Morocco,Austria,0.5,0.2,17.6,0.0,0.0,Tier 3 (Weak)
Uruguay,Czech Republic,0.0016,1986.0,1837.0,149.0,1,0,Cfa,Dfb,Temperate,Continental,1,Uruguay,Czech Republic,0.5,0.2,17.6,0.0,0.0,Tier 3 (Weak)
Australia,Norway,0.0016,1891.0,1994.0,-103.0,1,0,BWh,Dfc,Arid,Continental,1,Australia,Norway,0.9,0.2,17.1,0.0,0.0,Tier 3 (Weak)
Haiti,Germany,0.0016,1661.0,2032.0,-371.0,1,0,Aw,Cfb,Tropical,Temperate,1,Haiti,Germany,1.0,0.5,22.5,0.4018,0.0129,Tier 3 (Weak)
Haiti,Germany,0.0016,1661.0,2032.0,-371.0,1,0,Aw,Cfb,Tropical,Temperate,1,Haiti,Germany,1.0,0.5,20.3,0.0,0.0,Tier 3 (Weak)
Turkey,Switzerland,0.0016,1998.0,1990.0,8.0,1,0,Csa,Cfb,Temperate,Temperate,1,Turkey,Switzerland,0.5,0.5,20.3,0.0,0.0,Tier 3 (Weak)
Ivory Coast,Croatia,0.0016,1836.0,1979.0,-143.0,1,0,Aw,Cfb,Tropical,Temperate,1,Ivory Coast,Croatia,1.0,0.5,28.0,0.5,0.016,Tier 3 (Weak)
Uzbekistan,France,0.0016,1823.0,2160.0,-337.0,1,0,BWk,Cfb,Arid,Temperate,1,Uzbekistan,France,0.4,0.5,28.0,0.0,0.0,Tier 3 (Weak)
Colombia,Germany,0.0016,2083.0,2032.0,51.0,1,0,Af,Cfb,Tropical,Temperate,1,Colombia,Germany,1.0,0.5,28.0,0.5,0.016,Tier 3 (Weak)
Egypt,Croatia,0.0016,1818.0,1979.0,-161.0,1,0,BWh,Cfb,Arid,Temperate,1,Egypt,Croatia,0.9,0.5,19.8,0.0,0.0,Tier 3 (Weak)
Portugal,Netherlands,0.0016,2049.0,2006.0,43.0,1,0,Csa,Cfb,Temperate,Temperate,1,Portugal,Netherlands,0.5,0.5,19.8,0.0,0.0,Tier 3 (Weak)
Australia,Austria,0.0016,1891.0,1929.0,-38.0,1,0,BWh,Dfb,Arid,Continental,1,Australia,Austria,0.9,0.2,19.8,0.0,0.0,Tier 3 (Weak)
Colombia,South Korea,0.0016,2083.0,1895.0,188.0,1,0,Af,Dwa,Tropical,Continental,1,Colombia,South Korea,1.0,0.2,19.8,0.0,0.0,Tier 3 (Weak)
Portugal,Czech Republic,0.0016,2049.0,1837.0,212.0,1,0,Csa,Dfb,Temperate,Continental,1,Portugal,Czech Republic,0.5,0.2,28.5,0.3054,0.0098,Tier 3 (Weak)
Colombia,South Korea,0.0016,2083.0,1895.0,188.0,1,0,Af,Dwa,Tropical,Continental,1,Colombia,South Korea,1.0,0.2,28.5,0.8143,0.0261,Tier 3 (Weak)
Ecuador,Canada,0.0016,2033.0,1903.0,130.0,1,0,Af,Dfc,Tropical,Continental,1,Ecuador,Canada,1.0,0.2,25.4,0.7257,0.0232,Tier 3 (Weak)
Brazil,Germany,0.0016,2081.0,2032.0,49.0,1,0,Am,Cfb,Tropical,Temperate,1,Brazil,Germany,1.0,0.5,25.4,0.4536,0.0145,Tier 3 (Weak)
Paraguay,Norway,0.0016,1937.0,1994.0,-57.0,1,0,Cfa,Dfc,Temperate,Continental,1,Paraguay,Norway,0.5,0.2,25.4,0.2721,0.0087,Tier 3 (Weak)
Iran,Germany,0.0016,1893.0,2032.0,-139.0,1,0,BWh,Cfb,Arid,Temperate,1,Iran,Germany,0.9,0.5,25.4,0.3629,0.0116,Tier 3 (Weak)
Ecuador,England,0.0016,2033.0,2083.0,-50.0,1,0,Af,Cfb,Tropical,Temperate,1,Ecuador,England,1.0,0.5,25.4,0.4536,0.0145,Tier 3 (Weak)
Ecuador,France,0.0016,2033.0,2160.0,-127.0,1,0,Af,Cfb,Tropical,Temperate,1,Ecuador,France,1.0,0.5,25.4,0.4536,0.0145,Tier 3 (Weak)
Portugal,Croatia,0.0016,2049.0,1979.0,70.0,1,0,Csa,Cfb,Temperate,Temperate,1,Portugal,Croatia,0.5,0.5,25.4,0.0,0.0,Tier 3 (Weak)
Tunisia,France,0.0016,1777.0,2160.0,-383.0,1,0,BWh,Cfb,Arid,Temperate,1,Tunisia,France,0.9,0.5,28.0,0.4,0.0128,Tier 3 (Weak)
Morocco,Norway,0.0016,1988.0,1994.0,-6.0,1,0,Csa,Dfc,Temperate,Continental,1,Morocco,Norway,0.5,0.2,28.0,0.3,0.0096,Tier 3 (Weak)
Ecuador,South Korea,0.0016,2033.0,1895.0,138.0,1,0,Af,Dwa,Tropical,Continental,1,Ecuador,South Korea,1.0,0.2,28.0,0.8,0.0256,Tier 3 (Weak)
Uruguay,Belgium,0.0016,1986.0,2002.0,-16.0,1,0,Cfa,Cfb,Temperate,Temperate,1,Uruguay,Belgium,0.5,0.5,28.0,0.0,0.0,Tier 3 (Weak)
Argentina,Czech Republic,0.0016,2190.0,1837.0,353.0,1,0,Cfa,Dfb,Temperate,Continental,1,Argentina,Czech Republic,0.5,0.2,22.5,0.2411,0.0077,Tier 3 (Weak)
Brazil,Canada,0.0016,2081.0,1903.0,178.0,1,0,Am,Dfc,Tropical,Continental,1,Brazil,Canada,1.0,0.2,22.5,0.6429,0.0206,Tier 3 (Weak)
Japan,Switzerland,0.0016,2008.0,1990.0,18.0,1,0,Cfa,Cfb,Temperate,Temperate,1,Japan,Switzerland,0.5,0.5,22.5,0.0,0.0,Tier 3 (Weak)
Uruguay,Germany,0.0016,1986.0,2032.0,-46.0,1,0,Cfa,Cfb,Temperate,Temperate,1,Uruguay,Germany,0.5,0.5,22.5,0.0,0.0,Tier 3 (Weak)
Japan,Belgium,0.0016,2008.0,2002.0,6.0,1,0,Cfa,Cfb,Temperate,Temperate,1,Japan,Belgium,0.5,0.5,22.5,0.0,0.0,Tier 3 (Weak)
Qatar,Austria,0.0015,1552.0,1929.0,-377.0,1,0,BWh,Dfb,Arid,Continental,1,Qatar,Austria,0.9,0.2,15.2,0.0,0.0,Tier 3 (Weak)
Qatar,Netherlands,0.0015,1552.0,2006.0,-454.0,1,0,BWh,Cfb,Arid,Temperate,1,Qatar,Netherlands,0.9,0.5,15.2,0.0,0.0,Tier 3 (Weak)
DR Congo,Austria,0.0015,1774.0,1929.0,-155.0,1,0,Am,Dfb,Tropical,Continental,1,DR Congo,Austria,1.0,0.2,28.0,0.8,0.0256,Tier 3 (Weak)
Haiti,Norway,0.0015,1661.0,1994.0,-333.0,1,0,Aw,Dfc,Tropical,Continental,1,Haiti,Norway,1.0,0.2,23.0,0.6571,0.021,Tier 3 (Weak)
Uruguay,Croatia,0.0015,1986.0,1979.0,7.0,1,0,Cfa,Cfb,Temperate,Temperate,1,Uruguay,Croatia,0.5,0.5,17.6,0.0,0.0,Tier 3 (Weak)
Uruguay,South Korea,0.0015,1986.0,1895.0,91.0,1,0,Cfa,Dwa,Temperate,Continental,1,Uruguay,South Korea,0.5,0.2,17.6,0.0,0.0,Tier 3 (Weak)
Curaçao,Czech Republic,0.0015,1595.0,1837.0,-242.0,1,0,BSh,Dfb,Arid,Continental,1,Curaçao,Czech Republic,0.9,0.2,17.6,0.0,0.0,Tier 3 (Weak)
Paraguay,France,0.0015,1937.0,2160.0,-223.0,1,0,Cfa,Cfb,Temperate,Temperate,1,Paraguay,France,0.5,0.5,17.1,0.0,0.0,Tier 3 (Weak)
Haiti,France,0.0015,1661.0,2160.0,-499.0,1,0,Aw,Cfb,Tropical,Temperate,1,Haiti,France,1.0,0.5,22.5,0.4018,0.0129,Tier 3 (Weak)
Ivory Coast,Belgium,0.0015,1836.0,2002.0,-166.0,1,0,Aw,Cfb,Tropical,Temperate,1,Ivory Coast,Belgium,1.0,0.5,24.2,0.4321,0.0138,Tier 3 (Weak)
Paraguay,Scotland,0.0015,1937.0,1857.0,80.0,1,0,Cfa,Cfb,Temperate,Temperate,1,Paraguay,Scotland,0.5,0.5,20.3,0.0,0.0,Tier 3 (Weak)
Senegal,Switzerland,0.0015,1933.0,1990.0,-57.0,1,0,BSh,Cfb,Arid,Temperate,1,Senegal,Switzerland,0.9,0.5,20.3,0.0,0.0,Tier 3 (Weak)
Mexico,Canada,0.0015,1957.0,1903.0,54.0,1,0,BSh,Dfc,Arid,Continental,1,Mexico,Canada,0.9,0.2,20.3,0.0,0.0,Tier 3 (Weak)
Iran,Netherlands,0.0015,1893.0,2006.0,-113.0,1,0,BWh,Cfb,Arid,Temperate,1,Iran,Netherlands,0.9,0.5,20.3,0.0,0.0,Tier 3 (Weak)
Paraguay,South Korea,0.0015,1937.0,1895.0,42.0,1,0,Cfa,Dwa,Temperate,Continental,1,Paraguay,South Korea,0.5,0.2,20.3,0.0,0.0,Tier 3 (Weak)
Portugal,Norway,0.0015,2049.0,1994.0,55.0,1,0,Csa,Dfc,Temperate,Continental,1,Portugal,Norway,0.5,0.2,28.0,0.3,0.0096,Tier 3 (Weak)
Iraq,France,0.0015,1727.0,2160.0,-433.0,1,0,BWh,Cfb,Arid,Temperate,1,Iraq,France,0.9,0.5,28.0,0.4,0.0128,Tier 3 (Weak)
Ivory Coast,Austria,0.0015,1836.0,1929.0,-93.0,1,0,Aw,Dfb,Tropical,Continental,1,Ivory Coast,Austria,1.0,0.2,19.8,0.0,0.0,Tier 3 (Weak)
Uzbekistan,France,0.0015,1823.0,2160.0,-337.0,1,0,BWk,Cfb,Arid,Temperate,1,Uzbekistan,France,0.4,0.5,28.5,0.0,0.0,Tier 3 (Weak)
Turkey,Czech Republic,0.0015,1998.0,1837.0,161.0,1,0,Csa,Dfb,Temperate,Continental,1,Turkey,Czech Republic,0.5,0.2,28.5,0.3054,0.0098,Tier 3 (Weak)
Japan,Belgium,0.0015,2008.0,2002.0,6.0,1,0,Cfa,Cfb,Temperate,Temperate,1,Japan,Belgium,0.5,0.5,25.4,0.0,0.0,Tier 3 (Weak)
United States,France,0.0015,1832.0,2160.0,-328.0,1,0,Cfa,Cfb,Temperate,Temperate,1,United States,France,0.5,0.5,25.4,0.0,0.0,Tier 3 (Weak)
Argentina,Austria,0.0015,2190.0,1929.0,261.0,1,0,Cfa,Dfb,Temperate,Continental,1,Argentina,Austria,0.5,0.2,25.4,0.2721,0.0087,Tier 3 (Weak)
Spain,Scotland,0.0015,2216.0,1857.0,359.0,1,0,Csa,Cfb,Temperate,Temperate,1,Spain,Scotland,0.5,0.5,25.4,0.0,0.0,Tier 3 (Weak)
United States,France,0.0015,1832.0,2160.0,-328.0,1,0,Cfa,Cfb,Temperate,Temperate,1,United States,France,0.5,0.5,28.0,0.0,0.0,Tier 3 (Weak)
Senegal,Norway,0.0015,1933.0,1994.0,-61.0,1,0,BSh,Dfc,Arid,Continental,1,Senegal,Norway,0.9,0.2,28.0,0.7,0.0224,Tier 3 (Weak)
Senegal,Netherlands,0.0015,1933.0,2006.0,-73.0,1,0,BSh,Cfb,Arid,Temperate,1,Senegal,Netherlands,0.9,0.5,28.0,0.4,0.0128,Tier 3 (Weak)
Paraguay,England,0.0015,1937.0,2083.0,-146.0,1,0,Cfa,Cfb,Temperate,Temperate,1,Paraguay,England,0.5,0.5,28.0,0.0,0.0,Tier 3 (Weak)
Senegal,Belgium,0.0015,1933.0,2002.0,-69.0,1,0,BSh,Cfb,Arid,Temperate,1,Senegal,Belgium,0.9,0.5,28.0,0.4,0.0128,Tier 3 (Weak)
Australia,France,0.0015,1891.0,2160.0,-269.0,1,0,BWh,Cfb,Arid,Temperate,1,Australia,France,0.9,0.5,28.0,0.4,0.0128,Tier 3 (Weak)
Mexico,South Korea,0.0015,1957.0,1895.0,62.0,1,0,BSh,Dwa,Arid,Continental,1,Mexico,South Korea,0.9,0.2,28.0,0.7,0.0224,Tier 3 (Weak)
Ecuador,Czech Republic,0.0015,2033.0,1837.0,196.0,1,0,Af,Dfb,Tropical,Continental,1,Ecuador,Czech Republic,1.0,0.2,28.0,0.8,0.0256,Tier 3 (Weak)
Spain,South Korea,0.0015,2216.0,1895.0,321.0,1,0,Csa,Dwa,Temperate,Continental,1,Spain,South Korea,0.5,0.2,28.0,0.3,0.0096,Tier 3 (Weak)
Uruguay,Netherlands,0.0015,1986.0,2006.0,-20.0,1,0,Cfa,Cfb,Temperate,Temperate,1,Uruguay,Netherlands,0.5,0.5,22.5,0.0,0.0,Tier 3 (Weak)
Mexico,Netherlands,0.0015,1957.0,2006.0,-49.0,1,0,BSh,Cfb,Arid,Temperate,1,Mexico,Netherlands,0.9,0.5,22.5,0.3214,0.0103,Tier 3 (Weak)
Turkey,Norway,0.0015,1998.0,1994.0,4.0,1,0,Csa,Dfc,Temperate,Continental,1,Turkey,Norway,0.5,0.2,22.5,0.2411,0.0077,Tier 3 (Weak)
Colombia,Croatia,0.0015,2083.0,1979.0,104.0,1,0,Af,Cfb,Tropical,Temperate,1,Colombia,Croatia,1.0,0.5,22.5,0.4018,0.0129,Tier 3 (Weak)
Spain,Czech Republic,0.0015,2216.0,1837.0,379.0,1,0,Csa,Dfb,Temperate,Continental,1,Spain,Czech Republic,0.5,0.2,22.5,0.2411,0.0077,Tier 3 (Weak)
Iraq,Scotland,0.0014,1727.0,1857.0,-130.0,1,0,BWh,Cfb,Arid,Temperate,1,Iraq,Scotland,0.9,0.5,28.5,0.4071,0.013,Tier 3 (Weak)
Ghana,Germany,0.0014,1662.0,2032.0,-370.0,1,0,Aw,Cfb,Tropical,Temperate,1,Ghana,Germany,1.0,0.5,25.4,0.4536,0.0145,Tier 3 (Weak)
Ghana,Austria,0.0014,1662.0,1929.0,-267.0,1,0,Aw,Dfb,Tropical,Continental,1,Ghana,Austria,1.0,0.2,25.4,0.7257,0.0232,Tier 3 (Weak)
Qatar,Belgium,0.0014,1552.0,2002.0,-450.0,1,0,BWh,Cfb,Arid,Temperate,1,Qatar,Belgium,0.9,0.5,15.2,0.0,0.0,Tier 3 (Weak)
Ghana,Canada,0.0014,1662.0,1903.0,-241.0,1,0,Aw,Dfc,Tropical,Continental,1,Ghana,Canada,1.0,0.2,15.2,0.0,0.0,Tier 3 (Weak)
Cape Verde,Czech Republic,0.0014,1660.0,1837.0,-177.0,1,0,BWh,Dfb,Arid,Continental,1,Cape Verde,Czech Republic,0.9,0.2,17.6,0.0,0.0,Tier 3 (Weak)
Iraq,Croatia,0.0014,1727.0,1979.0,-252.0,1,0,BWh,Cfb,Arid,Temperate,1,Iraq,Croatia,0.9,0.5,17.6,0.0,0.0,Tier 3 (Weak)
United States,France,0.0014,1832.0,2160.0,-328.0,1,0,Cfa,Cfb,Temperate,Temperate,1,United States,France,0.5,0.5,17.1,0.0,0.0,Tier 3 (Weak)
Iran,Switzerland,0.0014,1893.0,1990.0,-97.0,1,0,BWh,Cfb,Arid,Temperate,1,Iran,Switzerland,0.9,0.5,17.1,0.0,0.0,Tier 3 (Weak)
Egypt,Netherlands,0.0014,1818.0,2006.0,-188.0,1,0,BWh,Cfb,Arid,Temperate,1,Egypt,Netherlands,0.9,0.5,17.1,0.0,0.0,Tier 3 (Weak)
Tunisia,South Korea,0.0014,1777.0,1895.0,-118.0,1,0,BWh,Dwa,Arid,Continental,1,Tunisia,South Korea,0.9,0.2,17.1,0.0,0.0,Tier 3 (Weak)
Uruguay,Croatia,0.0014,1986.0,1979.0,7.0,1,0,Cfa,Cfb,Temperate,Temperate,1,Uruguay,Croatia,0.5,0.5,24.2,0.0,0.0,Tier 3 (Weak)
Mexico,Switzerland,0.0014,1957.0,1990.0,-33.0,1,0,BSh,Cfb,Arid,Temperate,1,Mexico,Switzerland,0.9,0.5,20.3,0.0,0.0,Tier 3 (Weak)
Australia,Scotland,0.0014,1891.0,1857.0,34.0,1,0,BWh,Cfb,Arid,Temperate,1,Australia,Scotland,0.9,0.5,20.3,0.0,0.0,Tier 3 (Weak)
Turkey,South Korea,0.0014,1998.0,1895.0,103.0,1,0,Csa,Dwa,Temperate,Continental,1,Turkey,South Korea,0.5,0.2,20.3,0.0,0.0,Tier 3 (Weak)
Tunisia,Switzerland,0.0014,1777.0,1990.0,-213.0,1,0,BWh,Cfb,Arid,Temperate,1,Tunisia,Switzerland,0.9,0.5,20.3,0.0,0.0,Tier 3 (Weak)
Turkey,Scotland,0.0014,1998.0,1857.0,141.0,1,0,Csa,Cfb,Temperate,Temperate,1,Turkey,Scotland,0.5,0.5,20.3,0.0,0.0,Tier 3 (Weak)
Colombia,Norway,0.0014,2083.0,1994.0,89.0,1,0,Af,Dfc,Tropical,Continental,1,Colombia,Norway,1.0,0.2,28.0,0.8,0.0256,Tier 3 (Weak)
Tunisia,Croatia,0.0014,1777.0,1979.0,-202.0,1,0,BWh,Cfb,Arid,Temperate,1,Tunisia,Croatia,0.9,0.5,28.0,0.4,0.0128,Tier 3 (Weak)
Uruguay,Norway,0.0014,1986.0,1994.0,-8.0,1,0,Cfa,Dfc,Temperate,Continental,1,Uruguay,Norway,0.5,0.2,28.0,0.3,0.0096,Tier 3 (Weak)
Iraq,Germany,0.0014,1727.0,2032.0,-305.0,1,0,BWh,Cfb,Arid,Temperate,1,Iraq,Germany,0.9,0.5,28.0,0.4,0.0128,Tier 3 (Weak)
Curaçao,England,0.0014,1595.0,2083.0,-488.0,1,0,BSh,Cfb,Arid,Temperate,1,Curaçao,England,0.9,0.5,28.0,0.4,0.0128,Tier 3 (Weak)
Tunisia,Netherlands,0.0014,1777.0,2006.0,-229.0,1,0,BWh,Cfb,Arid,Temperate,1,Tunisia,Netherlands,0.9,0.5,28.0,0.4,0.0128,Tier 3 (Weak)
Panama,Scotland,0.0014,1831.0,1857.0,-26.0,1,0,Am,Cfb,Tropical,Temperate,1,Panama,Scotland,1.0,0.5,28.0,0.5,0.016,Tier 3 (Weak)
Egypt,England,0.0014,1818.0,2083.0,-265.0,1,0,BWh,Cfb,Arid,Temperate,1,Egypt,England,0.9,0.5,19.8,0.0,0.0,Tier 3 (Weak)
Japan,England,0.0014,2008.0,2083.0,-75.0,1,0,Cfa,Cfb,Temperate,Temperate,1,Japan,England,0.5,0.5,19.8,0.0,0.0,Tier 3 (Weak)
Uruguay,South Korea,0.0014,1986.0,1895.0,91.0,1,0,Cfa,Dwa,Temperate,Continental,1,Uruguay,South Korea,0.5,0.2,19.8,0.0,0.0,Tier 3 (Weak)
Argentina,Germany,0.0014,2190.0,2032.0,158.0,1,0,Cfa,Cfb,Temperate,Temperate,1,Argentina,Germany,0.5,0.5,19.8,0.0,0.0,Tier 3 (Weak)
Colombia,New Zealand,0.0014,2083.0,1710.0,373.0,1,0,Af,Cfb,Tropical,Temperate,1,Colombia,New Zealand,1.0,0.5,19.8,0.0,0.0,Tier 3 (Weak)
Ghana,Belgium,0.0014,1662.0,2002.0,-340.0,1,0,Aw,Cfb,Tropical,Temperate,1,Ghana,Belgium,1.0,0.5,19.8,0.0,0.0,Tier 3 (Weak)
Argentina,Norway,0.0014,2190.0,1994.0,196.0,1,0,Cfa,Dfc,Temperate,Continental,1,Argentina,Norway,0.5,0.2,19.8,0.0,0.0,Tier 3 (Weak)
Japan,Austria,0.0014,2008.0,1929.0,79.0,1,0,Cfa,Dfb,Temperate,Continental,1,Japan,Austria,0.5,0.2,28.5,0.3054,0.0098,Tier 3 (Weak)
Panama,Netherlands,0.0014,1831.0,2006.0,-175.0,1,0,Am,Cfb,Tropical,Temperate,1,Panama,Netherlands,1.0,0.5,28.5,0.5089,0.0163,Tier 3 (Weak)
Paraguay,Germany,0.0014,1937.0,2032.0,-95.0,1,0,Cfa,Cfb,Temperate,Temperate,1,Paraguay,Germany,0.5,0.5,28.5,0.0,0.0,Tier 3 (Weak)
Turkey,Belgium,0.0014,1998.0,2002.0,-4.0,1,0,Csa,Cfb,Temperate,Temperate,1,Turkey,Belgium,0.5,0.5,28.5,0.0,0.0,Tier 3 (Weak)
Argentina,Scotland,0.0014,2190.0,1857.0,333.0,1,0,Cfa,Cfb,Temperate,Temperate,1,Argentina,Scotland,0.5,0.5,28.5,0.0,0.0,Tier 3 (Weak)
Brazil,Norway,0.0014,2081.0,1994.0,87.0,1,0,Am,Dfc,Tropical,Continental,1,Brazil,Norway,1.0,0.2,25.4,0.7257,0.0232,Tier 3 (Weak)
Turkey,Netherlands,0.0014,1998.0,2006.0,-8.0,1,0,Csa,Cfb,Temperate,Temperate,1,Turkey,Netherlands,0.5,0.5,25.4,0.0,0.0,Tier 3 (Weak)
Algeria,England,0.0014,1885.0,2083.0,-198.0,1,0,BWh,Cfb,Arid,Temperate,1,Algeria,England,0.9,0.5,25.4,0.3629,0.0116,Tier 3 (Weak)
Mexico,Canada,0.0014,1957.0,1903.0,54.0,1,0,BSh,Dfc,Arid,Continental,1,Mexico,Canada,0.9,0.2,28.0,0.7,0.0224,Tier 3 (Weak)
Paraguay,Germany,0.0014,1937.0,2032.0,-95.0,1,0,Cfa,Cfb,Temperate,Temperate,1,Paraguay,Germany,0.5,0.5,28.0,0.0,0.0,Tier 3 (Weak)
Morocco,Belgium,0.0014,1988.0,2002.0,-14.0,1,0,Csa,Cfb,Temperate,Temperate,1,Morocco,Belgium,0.5,0.5,28.0,0.0,0.0,Tier 3 (Weak)
Uruguay,Canada,0.0014,1986.0,1903.0,83.0,1,0,Cfa,Dfc,Temperate,Continental,1,Uruguay,Canada,0.5,0.2,28.0,0.3,0.0096,Tier 3 (Weak)
Paraguay,Netherlands,0.0014,1937.0,2006.0,-69.0,1,0,Cfa,Cfb,Temperate,Temperate,1,Paraguay,Netherlands,0.5,0.5,28.0,0.0,0.0,Tier 3 (Weak)
Iran,Belgium,0.0014,1893.0,2002.0,-109.0,1,0,BWh,Cfb,Arid,Temperate,1,Iran,Belgium,0.9,0.5,28.0,0.4,0.0128,Tier 3 (Weak)
Panama,France,0.0014,1831.0,2160.0,-329.0,1,0,Am,Cfb,Tropical,Temperate,1,Panama,France,1.0,0.5,28.0,0.5,0.016,Tier 3 (Weak)
Uruguay,Switzerland,0.0014,1986.0,1990.0,-4.0,1,0,Cfa,Cfb,Temperate,Temperate,1,Uruguay,Switzerland,0.5,0.5,28.0,0.0,0.0,Tier 3 (Weak)
Brazil,Scotland,0.0014,2081.0,1857.0,224.0,1,0,Am,Cfb,Tropical,Temperate,1,Brazil,Scotland,1.0,0.5,22.5,0.4018,0.0129,Tier 3 (Weak)
Japan,Norway,0.0014,2008.0,1994.0,14.0,1,0,Cfa,Dfc,Temperate,Continental,1,Japan,Norway,0.5,0.2,22.5,0.2411,0.0077,Tier 3 (Weak)
Portugal,Norway,0.0014,2049.0,1994.0,55.0,1,0,Csa,Dfc,Temperate,Continental,1,Portugal,Norway,0.5,0.2,22.5,0.2411,0.0077,Tier 3 (Weak)
Iran,France,0.0014,1893.0,2160.0,-267.0,1,0,BWh,Cfb,Arid,Temperate,1,Iran,France,0.9,0.5,22.5,0.3214,0.0103,Tier 3 (Weak)
Morocco,Germany,0.0014,1988.0,2032.0,-44.0,1,0,Csa,Cfb,Temperate,Temperate,1,Morocco,Germany,0.5,0.5,22.5,0.0,0.0,Tier 3 (Weak)
Turkey,Switzerland,0.0014,1998.0,1990.0,8.0,1,0,Csa,Cfb,Temperate,Temperate,1,Turkey,Switzerland,0.5,0.5,22.5,0.0,0.0,Tier 3 (Weak)
Brazil,Croatia,0.0014,2081.0,1979.0,102.0,1,0,Am,Cfb,Tropical,Temperate,1,Brazil,Croatia,1.0,0.5,22.5,0.4018,0.0129,Tier 3 (Weak)
Australia,France,0.0014,1891.0,2160.0,-269.0,1,0,BWh,Cfb,Arid,Temperate,1,Australia,France,0.9,0.5,22.5,0.3214,0.0103,Tier 3 (Weak)
Japan,Croatia,0.0013,2008.0,1979.0,29.0,1,0,Cfa,Cfb,Temperate,Temperate,1,Japan,Croatia,0.5,0.5,15.2,0.0,0.0,Tier 3 (Weak)
Haiti,Croatia,0.0013,1661.0,1979.0,-318.0,1,0,Aw,Cfb,Tropical,Temperate,1,Haiti,Croatia,1.0,0.5,17.6,0.0,0.0,Tier 3 (Weak)
Portugal,Scotland,0.0013,2049.0,1857.0,192.0,1,0,Csa,Cfb,Temperate,Temperate,1,Portugal,Scotland,0.5,0.5,17.6,0.0,0.0,Tier 3 (Weak)
Argentina,South Korea,0.0013,2190.0,1895.0,295.0,1,0,Cfa,Dwa,Temperate,Continental,1,Argentina,South Korea,0.5,0.2,17.6,0.0,0.0,Tier 3 (Weak)
Iraq,South Korea,0.0013,1727.0,1895.0,-168.0,1,0,BWh,Dwa,Arid,Continental,1,Iraq,South Korea,0.9,0.2,17.6,0.0,0.0,Tier 3 (Weak)
Curaçao,South Korea,0.0013,1595.0,1895.0,-300.0,1,0,BSh,Dwa,Arid,Continental,1,Curaçao,South Korea,0.9,0.2,17.6,0.0,0.0,Tier 3 (Weak)
Japan,Austria,0.0013,2008.0,1929.0,79.0,1,0,Cfa,Dfb,Temperate,Continental,1,Japan,Austria,0.5,0.2,17.6,0.0,0.0,Tier 3 (Weak)
Curaçao,Croatia,0.0013,1595.0,1979.0,-384.0,1,0,BSh,Cfb,Arid,Temperate,1,Curaçao,Croatia,0.9,0.5,17.6,0.0,0.0,Tier 3 (Weak)
Qatar,Sweden,0.0013,1552.0,1793.0,-241.0,1,0,BWh,Dfc,Arid,Continental,1,Qatar,Sweden,0.9,0.2,28.3,0.7075,0.0226,Tier 3 (Weak)
Egypt,Canada,0.0013,1818.0,1903.0,-85.0,1,0,BWh,Dfc,Arid,Continental,1,Egypt,Canada,0.9,0.2,17.1,0.0,0.0,Tier 3 (Weak)
Tunisia,Czech Republic,0.0013,1777.0,1837.0,-60.0,1,0,BWh,Dfb,Arid,Continental,1,Tunisia,Czech Republic,0.9,0.2,17.1,0.0,0.0,Tier 3 (Weak)
Tunisia,New Zealand,0.0013,1777.0,1710.0,67.0,1,0,BWh,Cfb,Arid,Temperate,1,Tunisia,New Zealand,0.9,0.5,17.1,0.0,0.0,Tier 3 (Weak)
Egypt,Germany,0.0013,1818.0,2032.0,-214.0,1,0,BWh,Cfb,Arid,Temperate,1,Egypt,Germany,0.9,0.5,17.1,0.0,0.0,Tier 3 (Weak)
Turkey,Austria,0.0013,1998.0,1929.0,69.0,1,0,Csa,Dfb,Temperate,Continental,1,Turkey,Austria,0.5,0.2,24.2,0.2593,0.0083,Tier 3 (Weak)
Iran,Belgium,0.0013,1893.0,2002.0,-109.0,1,0,BWh,Cfb,Arid,Temperate,1,Iran,Belgium,0.9,0.5,24.2,0.3457,0.0111,Tier 3 (Weak)
Spain,Netherlands,0.0013,2216.0,2006.0,210.0,1,0,Csa,Cfb,Temperate,Temperate,1,Spain,Netherlands,0.5,0.5,24.2,0.0,0.0,Tier 3 (Weak)
Senegal,Belgium,0.0013,1933.0,2002.0,-69.0,1,0,BSh,Cfb,Arid,Temperate,1,Senegal,Belgium,0.9,0.5,24.2,0.3457,0.0111,Tier 3 (Weak)
Ecuador,Belgium,0.0013,2033.0,2002.0,31.0,1,0,Af,Cfb,Tropical,Temperate,1,Ecuador,Belgium,1.0,0.5,24.2,0.4321,0.0138,Tier 3 (Weak)
South Africa,Norway,0.0013,1673.0,1994.0,-321.0,1,0,BSh,Dfc,Arid,Continental,1,South Africa,Norway,0.9,0.2,20.3,0.0,0.0,Tier 3 (Weak)
Mexico,Czech Republic,0.0013,1957.0,1837.0,120.0,1,0,BSh,Dfb,Arid,Continental,1,Mexico,Czech Republic,0.9,0.2,20.3,0.0,0.0,Tier 3 (Weak)
Paraguay,Czech Republic,0.0013,1937.0,1837.0,100.0,1,0,Cfa,Dfb,Temperate,Continental,1,Paraguay,Czech Republic,0.5,0.2,20.3,0.0,0.0,Tier 3 (Weak)
Ivory Coast,Switzerland,0.0013,1836.0,1990.0,-154.0,1,0,Aw,Cfb,Tropical,Temperate,1,Ivory Coast,Switzerland,1.0,0.5,20.3,0.0,0.0,Tier 3 (Weak)
Australia,Switzerland,0.0013,1891.0,1990.0,-99.0,1,0,BWh,Cfb,Arid,Temperate,1,Australia,Switzerland,0.9,0.5,20.3,0.0,0.0,Tier 3 (Weak)
Tunisia,Czech Republic,0.0013,1777.0,1837.0,-60.0,1,0,BWh,Dfb,Arid,Continental,1,Tunisia,Czech Republic,0.9,0.2,28.0,0.7,0.0224,Tier 3 (Weak)
Uzbekistan,Germany,0.0013,1823.0,2032.0,-209.0,1,0,BWk,Cfb,Arid,Temperate,1,Uzbekistan,Germany,0.4,0.5,28.0,0.0,0.0,Tier 3 (Weak)
Tunisia,Norway,0.0013,1777.0,1994.0,-217.0,1,0,BWh,Dfc,Arid,Continental,1,Tunisia,Norway,0.9,0.2,28.0,0.7,0.0224,Tier 3 (Weak)
Spain,Germany,0.0013,2216.0,2032.0,184.0,1,0,Csa,Cfb,Temperate,Temperate,1,Spain,Germany,0.5,0.5,28.0,0.0,0.0,Tier 3 (Weak)
Saudi Arabia,Germany,0.0013,1692.0,2032.0,-340.0,1,0,BWh,Cfb,Arid,Temperate,1,Saudi Arabia,Germany,0.9,0.5,28.0,0.4,0.0128,Tier 3 (Weak)
Ivory Coast,South Korea,0.0013,1836.0,1895.0,-59.0,1,0,Aw,Dwa,Tropical,Continental,1,Ivory Coast,South Korea,1.0,0.2,28.0,0.8,0.0256,Tier 3 (Weak)
Ivory Coast,Czech Republic,0.0013,1836.0,1837.0,-1.0,1,0,Aw,Dfb,Tropical,Continental,1,Ivory Coast,Czech Republic,1.0,0.2,28.0,0.8,0.0256,Tier 3 (Weak)
Uruguay,Czech Republic,0.0013,1986.0,1837.0,149.0,1,0,Cfa,Dfb,Temperate,Continental,1,Uruguay,Czech Republic,0.5,0.2,19.8,0.0,0.0,Tier 3 (Weak)
Colombia,Netherlands,0.0013,2083.0,2006.0,77.0,1,0,Af,Cfb,Tropical,Temperate,1,Colombia,Netherlands,1.0,0.5,19.8,0.0,0.0,Tier 3 (Weak)
Japan,Croatia,0.0013,2008.0,1979.0,29.0,1,0,Cfa,Cfb,Temperate,Temperate,1,Japan,Croatia,0.5,0.5,19.8,0.0,0.0,Tier 3 (Weak)
Ecuador,Austria,0.0013,2033.0,1929.0,104.0,1,0,Af,Dfb,Tropical,Continental,1,Ecuador,Austria,1.0,0.2,19.8,0.0,0.0,Tier 3 (Weak)
Mexico,England,0.0013,1957.0,2083.0,-126.0,1,0,BSh,Cfb,Arid,Temperate,1,Mexico,England,0.9,0.5,28.5,0.4071,0.013,Tier 3 (Weak)
Uruguay,Scotland,0.0013,1986.0,1857.0,129.0,1,0,Cfa,Cfb,Temperate,Temperate,1,Uruguay,Scotland,0.5,0.5,28.5,0.0,0.0,Tier 3 (Weak)
Egypt,France,0.0013,1818.0,2160.0,-342.0,1,0,BWh,Cfb,Arid,Temperate,1,Egypt,France,0.9,0.5,28.5,0.4071,0.013,Tier 3 (Weak)
Uruguay,South Korea,0.0013,1986.0,1895.0,91.0,1,0,Cfa,Dwa,Temperate,Continental,1,Uruguay,South Korea,0.5,0.2,28.5,0.3054,0.0098,Tier 3 (Weak)
Senegal,Germany,0.0013,1933.0,2032.0,-99.0,1,0,BSh,Cfb,Arid,Temperate,1,Senegal,Germany,0.9,0.5,28.5,0.4071,0.013,Tier 3 (Weak)
Spain,Bosnia and Herzegovina,0.0013,2216.0,1653.0,563.0,1,0,Csa,Cfb,Temperate,Temperate,1,Spain,Bosnia and Herzegovina,0.5,0.5,28.5,0.0,0.0,Tier 3 (Weak)
Egypt,France,0.0013,1818.0,2160.0,-342.0,1,0,BWh,Cfb,Arid,Temperate,1,Egypt,France,0.9,0.5,25.4,0.3629,0.0116,Tier 3 (Weak)
Spain,South Korea,0.0013,2216.0,1895.0,321.0,1,0,Csa,Dwa,Temperate,Continental,1,Spain,South Korea,0.5,0.2,25.4,0.2721,0.0087,Tier 3 (Weak)
Uruguay,Croatia,0.0013,1986.0,1979.0,7.0,1,0,Cfa,Cfb,Temperate,Temperate,1,Uruguay,Croatia,0.5,0.5,25.4,0.0,0.0,Tier 3 (Weak)
Australia,Germany,0.0013,1891.0,2032.0,-141.0,1,0,BWh,Cfb,Arid,Temperate,1,Australia,Germany,0.9,0.5,25.4,0.3629,0.0116,Tier 3 (Weak)
Ivory Coast,England,0.0013,1836.0,2083.0,-247.0,1,0,Aw,Cfb,Tropical,Temperate,1,Ivory Coast,England,1.0,0.5,25.4,0.4536,0.0145,Tier 3 (Weak)
Ivory Coast,Netherlands,0.0013,1836.0,2006.0,-170.0,1,0,Aw,Cfb,Tropical,Temperate,1,Ivory Coast,Netherlands,1.0,0.5,28.0,0.5,0.016,Tier 3 (Weak)
Turkey,Belgium,0.0013,1998.0,2002.0,-4.0,1,0,Csa,Cfb,Temperate,Temperate,1,Turkey,Belgium,0.5,0.5,28.0,0.0,0.0,Tier 3 (Weak)
Colombia,South Korea,0.0013,2083.0,1895.0,188.0,1,0,Af,Dwa,Tropical,Continental,1,Colombia,South Korea,1.0,0.2,28.0,0.8,0.0256,Tier 3 (Weak)
Japan,Canada,0.0013,2008.0,1903.0,105.0,1,0,Cfa,Dfc,Temperate,Continental,1,Japan,Canada,0.5,0.2,28.0,0.3,0.0096,Tier 3 (Weak)
Ecuador,Scotland,0.0013,2033.0,1857.0,176.0,1,0,Af,Cfb,Tropical,Temperate,1,Ecuador,Scotland,1.0,0.5,28.0,0.5,0.016,Tier 3 (Weak)
Spain,Czech Republic,0.0013,2216.0,1837.0,379.0,1,0,Csa,Dfb,Temperate,Continental,1,Spain,Czech Republic,0.5,0.2,28.0,0.3,0.0096,Tier 3 (Weak)
Algeria,France,0.0013,1885.0,2160.0,-275.0,1,0,BWh,Cfb,Arid,Temperate,1,Algeria,France,0.9,0.5,28.0,0.4,0.0128,Tier 3 (Weak)
Portugal,Croatia,0.0013,2049.0,1979.0,70.0,1,0,Csa,Cfb,Temperate,Temperate,1,Portugal,Croatia,0.5,0.5,28.0,0.0,0.0,Tier 3 (Weak)
Iran,France,0.0013,1893.0,2160.0,-267.0,1,0,BWh,Cfb,Arid,Temperate,1,Iran,France,0.9,0.5,28.0,0.4,0.0128,Tier 3 (Weak)
Colombia,Croatia,0.0013,2083.0,1979.0,104.0,1,0,Af,Cfb,Tropical,Temperate,1,Colombia,Croatia,1.0,0.5,28.0,0.5,0.016,Tier 3 (Weak)
Panama,England,0.0013,1831.0,2083.0,-252.0,1,0,Am,Cfb,Tropical,Temperate,1,Panama,England,1.0,0.5,28.0,0.5,0.016,Tier 3 (Weak)
Brazil,Czech Republic,0.0013,2081.0,1837.0,244.0,1,0,Am,Dfb,Tropical,Continental,1,Brazil,Czech Republic,1.0,0.2,28.0,0.8,0.0256,Tier 3 (Weak)
Algeria,England,0.0013,1885.0,2083.0,-198.0,1,0,BWh,Cfb,Arid,Temperate,1,Algeria,England,0.9,0.5,28.0,0.4,0.0128,Tier 3 (Weak)
Turkey,Netherlands,0.0013,1998.0,2006.0,-8.0,1,0,Csa,Cfb,Temperate,Temperate,1,Turkey,Netherlands,0.5,0.5,22.5,0.0,0.0,Tier 3 (Weak)
Brazil,South Korea,0.0013,2081.0,1895.0,186.0,1,0,Am,Dwa,Tropical,Continental,1,Brazil,South Korea,1.0,0.2,22.5,0.6429,0.0206,Tier 3 (Weak)
Uruguay,Belgium,0.0013,1986.0,2002.0,-16.0,1,0,Cfa,Cfb,Temperate,Temperate,1,Uruguay,Belgium,0.5,0.5,22.5,0.0,0.0,Tier 3 (Weak)
Curaçao,Czech Republic,0.0012,1595.0,1837.0,-242.0,1,0,BSh,Dfb,Arid,Continental,1,Curaçao,Czech Republic,0.9,0.2,28.3,0.7075,0.0226,Tier 3 (Weak)
Ghana,Norway,0.0012,1662.0,1994.0,-332.0,1,0,Aw,Dfc,Tropical,Continental,1,Ghana,Norway,1.0,0.2,25.4,0.7257,0.0232,Tier 3 (Weak)
Curaçao,Canada,0.0012,1595.0,1903.0,-308.0,1,0,BSh,Dfc,Arid,Continental,1,Curaçao,Canada,0.9,0.2,15.2,0.0,0.0,Tier 3 (Weak)
Tunisia,Croatia,0.0012,1777.0,1979.0,-202.0,1,0,BWh,Cfb,Arid,Temperate,1,Tunisia,Croatia,0.9,0.5,15.2,0.0,0.0,Tier 3 (Weak)
Iran,Croatia,0.0012,1893.0,1979.0,-86.0,1,0,BWh,Cfb,Arid,Temperate,1,Iran,Croatia,0.9,0.5,15.2,0.0,0.0,Tier 3 (Weak)
Uzbekistan,Scotland,0.0012,1823.0,1857.0,-34.0,1,0,BWk,Cfb,Arid,Temperate,1,Uzbekistan,Scotland,0.4,0.5,17.6,0.0,0.0,Tier 3 (Weak)
Argentina,Czech Republic,0.0012,2190.0,1837.0,353.0,1,0,Cfa,Dfb,Temperate,Continental,1,Argentina,Czech Republic,0.5,0.2,17.6,0.0,0.0,Tier 3 (Weak)
Cape Verde,Croatia,0.0012,1660.0,1979.0,-319.0,1,0,BWh,Cfb,Arid,Temperate,1,Cape Verde,Croatia,0.9,0.5,17.6,0.0,0.0,Tier 3 (Weak)
Cape Verde,South Korea,0.0012,1660.0,1895.0,-235.0,1,0,BWh,Dwa,Arid,Continental,1,Cape Verde,South Korea,0.9,0.2,17.6,0.0,0.0,Tier 3 (Weak)
Iran,France,0.0012,1893.0,2160.0,-267.0,1,0,BWh,Cfb,Arid,Temperate,1,Iran,France,0.9,0.5,17.1,0.0,0.0,Tier 3 (Weak)
Egypt,Norway,0.0012,1818.0,1994.0,-176.0,1,0,BWh,Dfc,Arid,Continental,1,Egypt,Norway,0.9,0.2,17.1,0.0,0.0,Tier 3 (Weak)
Egypt,Sweden,0.0012,1818.0,1793.0,25.0,1,0,BWh,Dfc,Arid,Continental,1,Egypt,Sweden,0.9,0.2,17.1,0.0,0.0,Tier 3 (Weak)
Cape Verde,Switzerland,0.0012,1660.0,1990.0,-330.0,1,0,BWh,Cfb,Arid,Temperate,1,Cape Verde,Switzerland,0.9,0.5,24.2,0.3457,0.0111,Tier 3 (Weak)
Paraguay,Germany,0.0012,1937.0,2032.0,-95.0,1,0,Cfa,Cfb,Temperate,Temperate,1,Paraguay,Germany,0.5,0.5,24.2,0.0,0.0,Tier 3 (Weak)
Iran,Germany,0.0012,1893.0,2032.0,-139.0,1,0,BWh,Cfb,Arid,Temperate,1,Iran,Germany,0.9,0.5,24.2,0.3457,0.0111,Tier 3 (Weak)
Paraguay,Belgium,0.0012,1937.0,2002.0,-65.0,1,0,Cfa,Cfb,Temperate,Temperate,1,Paraguay,Belgium,0.5,0.5,24.2,0.0,0.0,Tier 3 (Weak)
Turkey,Norway,0.0012,1998.0,1994.0,4.0,1,0,Csa,Dfc,Temperate,Continental,1,Turkey,Norway,0.5,0.2,24.2,0.2593,0.0083,Tier 3 (Weak)
Turkey,Belgium,0.0012,1998.0,2002.0,-4.0,1,0,Csa,Cfb,Temperate,Temperate,1,Turkey,Belgium,0.5,0.5,24.2,0.0,0.0,Tier 3 (Weak)
Spain,England,0.0012,2216.0,2083.0,133.0,1,0,Csa,Cfb,Temperate,Temperate,1,Spain,England,0.5,0.5,24.2,0.0,0.0,Tier 3 (Weak)
Paraguay,France,0.0012,1937.0,2160.0,-223.0,1,0,Cfa,Cfb,Temperate,Temperate,1,Paraguay,France,0.5,0.5,24.2,0.0,0.0,Tier 3 (Weak)
Spain,Belgium,0.0012,2216.0,2002.0,214.0,1,0,Csa,Cfb,Temperate,Temperate,1,Spain,Belgium,0.5,0.5,24.2,0.0,0.0,Tier 3 (Weak)
United States,Switzerland,0.0012,1832.0,1990.0,-158.0,1,0,Cfa,Cfb,Temperate,Temperate,1,United States,Switzerland,0.5,0.5,20.3,0.0,0.0,Tier 3 (Weak)
Morocco,Sweden,0.0012,1988.0,1793.0,195.0,1,0,Csa,Dfc,Temperate,Continental,1,Morocco,Sweden,0.5,0.2,20.3,0.0,0.0,Tier 3 (Weak)
Australia,South Korea,0.0012,1891.0,1895.0,-4.0,1,0,BWh,Dwa,Arid,Continental,1,Australia,South Korea,0.9,0.2,20.3,0.0,0.0,Tier 3 (Weak)
Brazil,Sweden,0.0012,2081.0,1793.0,288.0,1,0,Am,Dfc,Tropical,Continental,1,Brazil,Sweden,1.0,0.2,20.3,0.0,0.0,Tier 3 (Weak)
Egypt,Netherlands,0.0012,1818.0,2006.0,-188.0,1,0,BWh,Cfb,Arid,Temperate,1,Egypt,Netherlands,0.9,0.5,20.3,0.0,0.0,Tier 3 (Weak)
Uzbekistan,Norway,0.0012,1823.0,1994.0,-171.0,1,0,BWk,Dfc,Arid,Continental,1,Uzbekistan,Norway,0.4,0.2,28.0,0.2,0.0064,Tier 3 (Weak)
Saudi Arabia,France,0.0012,1692.0,2160.0,-468.0,1,0,BWh,Cfb,Arid,Temperate,1,Saudi Arabia,France,0.9,0.5,28.0,0.4,0.0128,Tier 3 (Weak)
Ecuador,Sweden,0.0012,2033.0,1793.0,240.0,1,0,Af,Dfc,Tropical,Continental,1,Ecuador,Sweden,1.0,0.2,28.0,0.8,0.0256,Tier 3 (Weak)
Japan,Sweden,0.0012,2008.0,1793.0,215.0,1,0,Cfa,Dfc,Temperate,Continental,1,Japan,Sweden,0.5,0.2,28.0,0.3,0.0096,Tier 3 (Weak)
Ecuador,Austria,0.0012,2033.0,1929.0,104.0,1,0,Af,Dfb,Tropical,Continental,1,Ecuador,Austria,1.0,0.2,28.0,0.8,0.0256,Tier 3 (Weak)
Spain,France,0.0012,2216.0,2160.0,56.0,1,0,Csa,Cfb,Temperate,Temperate,1,Spain,France,0.5,0.5,28.0,0.0,0.0,Tier 3 (Weak)
Uruguay,New Zealand,0.0012,1986.0,1710.0,276.0,1,0,Cfa,Cfb,Temperate,Temperate,1,Uruguay,New Zealand,0.5,0.5,19.8,0.0,0.0,Tier 3 (Weak)
Colombia,Czech Republic,0.0012,2083.0,1837.0,246.0,1,0,Af,Dfb,Tropical,Continental,1,Colombia,Czech Republic,1.0,0.2,19.8,0.0,0.0,Tier 3 (Weak)
Algeria,England,0.0012,1885.0,2083.0,-198.0,1,0,BWh,Cfb,Arid,Temperate,1,Algeria,England,0.9,0.5,19.8,0.0,0.0,Tier 3 (Weak)
Argentina,South Korea,0.0012,2190.0,1895.0,295.0,1,0,Cfa,Dwa,Temperate,Continental,1,Argentina,South Korea,0.5,0.2,28.5,0.3054,0.0098,Tier 3 (Weak)
Australia,Netherlands,0.0012,1891.0,2006.0,-115.0,1,0,BWh,Cfb,Arid,Temperate,1,Australia,Netherlands,0.9,0.5,28.5,0.4071,0.013,Tier 3 (Weak)
Japan,Netherlands,0.0012,2008.0,2006.0,2.0,1,0,Cfa,Cfb,Temperate,Temperate,1,Japan,Netherlands,0.5,0.5,28.5,0.0,0.0,Tier 3 (Weak)
Ivory Coast,Germany,0.0012,1836.0,2032.0,-196.0,1,0,Aw,Cfb,Tropical,Temperate,1,Ivory Coast,Germany,1.0,0.5,28.5,0.5089,0.0163,Tier 3 (Weak)
Japan,England,0.0012,2008.0,2083.0,-75.0,1,0,Cfa,Cfb,Temperate,Temperate,1,Japan,England,0.5,0.5,25.4,0.0,0.0,Tier 3 (Weak)
Iran,Norway,0.0012,1893.0,1994.0,-101.0,1,0,BWh,Dfc,Arid,Continental,1,Iran,Norway,0.9,0.2,25.4,0.635,0.0203,Tier 3 (Weak)
Brazil,France,0.0012,2081.0,2160.0,-79.0,1,0,Am,Cfb,Tropical,Temperate,1,Brazil,France,1.0,0.5,25.4,0.4536,0.0145,Tier 3 (Weak)
Mexico,Canada,0.0012,1957.0,1903.0,54.0,1,0,BSh,Dfc,Arid,Continental,1,Mexico,Canada,0.9,0.2,25.4,0.635,0.0203,Tier 3 (Weak)
Senegal,Norway,0.0012,1933.0,1994.0,-61.0,1,0,BSh,Dfc,Arid,Continental,1,Senegal,Norway,0.9,0.2,25.4,0.635,0.0203,Tier 3 (Weak)
Spain,Czech Republic,0.0012,2216.0,1837.0,379.0,1,0,Csa,Dfb,Temperate,Continental,1,Spain,Czech Republic,0.5,0.2,25.4,0.2721,0.0087,Tier 3 (Weak)
Ecuador,Germany,0.0012,2033.0,2032.0,1.0,1,0,Af,Cfb,Tropical,Temperate,1,Ecuador,Germany,1.0,0.5,25.4,0.4536,0.0145,Tier 3 (Weak)
Portugal,Scotland,0.0012,2049.0,1857.0,192.0,1,0,Csa,Cfb,Temperate,Temperate,1,Portugal,Scotland,0.5,0.5,25.4,0.0,0.0,Tier 3 (Weak)
Senegal,England,0.0012,1933.0,2083.0,-150.0,1,0,BSh,Cfb,Arid,Temperate,1,Senegal,England,0.9,0.5,28.0,0.4,0.0128,Tier 3 (Weak)
Portugal,Canada,0.0012,2049.0,1903.0,146.0,1,0,Csa,Dfc,Temperate,Continental,1,Portugal,Canada,0.5,0.2,28.0,0.3,0.0096,Tier 3 (Weak)
Colombia,Scotland,0.0012,2083.0,1857.0,226.0,1,0,Af,Cfb,Tropical,Temperate,1,Colombia,Scotland,1.0,0.5,28.0,0.5,0.016,Tier 3 (Weak)
Paraguay,Norway,0.0012,1937.0,1994.0,-57.0,1,0,Cfa,Dfc,Temperate,Continental,1,Paraguay,Norway,0.5,0.2,28.0,0.3,0.0096,Tier 3 (Weak)
Mexico,Czech Republic,0.0012,1957.0,1837.0,120.0,1,0,BSh,Dfb,Arid,Continental,1,Mexico,Czech Republic,0.9,0.2,28.0,0.7,0.0224,Tier 3 (Weak)
Portugal,South Korea,0.0012,2049.0,1895.0,154.0,1,0,Csa,Dwa,Temperate,Continental,1,Portugal,South Korea,0.5,0.2,28.0,0.3,0.0096,Tier 3 (Weak)
Colombia,Czech Republic,0.0012,2083.0,1837.0,246.0,1,0,Af,Dfb,Tropical,Continental,1,Colombia,Czech Republic,1.0,0.2,28.0,0.8,0.0256,Tier 3 (Weak)
Japan,Croatia,0.0012,2008.0,1979.0,29.0,1,0,Cfa,Cfb,Temperate,Temperate,1,Japan,Croatia,0.5,0.5,28.0,0.0,0.0,Tier 3 (Weak)
Ecuador,Austria,0.0012,2033.0,1929.0,104.0,1,0,Af,Dfb,Tropical,Continental,1,Ecuador,Austria,1.0,0.2,28.0,0.8,0.0256,Tier 3 (Weak)
Australia,England,0.0012,1891.0,2083.0,-192.0,1,0,BWh,Cfb,Arid,Temperate,1,Australia,England,0.9,0.5,28.0,0.4,0.0128,Tier 3 (Weak)
Ivory Coast,Belgium,0.0012,1836.0,2002.0,-166.0,1,0,Aw,Cfb,Tropical,Temperate,1,Ivory Coast,Belgium,1.0,0.5,28.0,0.5,0.016,Tier 3 (Weak)
Morocco,Switzerland,0.0012,1988.0,1990.0,-2.0,1,0,Csa,Cfb,Temperate,Temperate,1,Morocco,Switzerland,0.5,0.5,22.5,0.0,0.0,Tier 3 (Weak)
Colombia,Canada,0.0012,2083.0,1903.0,180.0,1,0,Af,Dfc,Tropical,Continental,1,Colombia,Canada,1.0,0.2,22.5,0.6429,0.0206,Tier 3 (Weak)
Brazil,Austria,0.0012,2081.0,1929.0,152.0,1,0,Am,Dfb,Tropical,Continental,1,Brazil,Austria,1.0,0.2,22.5,0.6429,0.0206,Tier 3 (Weak)
Uruguay,Switzerland,0.0012,1986.0,1990.0,-4.0,1,0,Cfa,Cfb,Temperate,Temperate,1,Uruguay,Switzerland,0.5,0.5,22.5,0.0,0.0,Tier 3 (Weak)
Turkey,Belgium,0.0012,1998.0,2002.0,-4.0,1,0,Csa,Cfb,Temperate,Temperate,1,Turkey,Belgium,0.5,0.5,22.5,0.0,0.0,Tier 3 (Weak)
Uruguay,Norway,0.0012,1986.0,1994.0,-8.0,1,0,Cfa,Dfc,Temperate,Continental,1,Uruguay,Norway,0.5,0.2,22.5,0.2411,0.0077,Tier 3 (Weak)
Senegal,Netherlands,0.0012,1933.0,2006.0,-73.0,1,0,BSh,Cfb,Arid,Temperate,1,Senegal,Netherlands,0.9,0.5,22.5,0.3214,0.0103,Tier 3 (Weak)
Curaçao,South Korea,0.0011,1595.0,1895.0,-300.0,1,0,BSh,Dwa,Arid,Continental,1,Curaçao,South Korea,0.9,0.2,28.3,0.7075,0.0226,Tier 3 (Weak)
Iraq,New Zealand,0.0011,1727.0,1710.0,17.0,1,0,BWh,Cfb,Arid,Temperate,1,Iraq,New Zealand,0.9,0.5,28.5,0.4071,0.013,Tier 3 (Weak)
DR Congo,England,0.0011,1774.0,2083.0,-309.0,1,0,Am,Cfb,Tropical,Temperate,1,DR Congo,England,1.0,0.5,28.0,0.5,0.016,Tier 3 (Weak)
Ivory Coast,Scotland,0.0011,1836.0,1857.0,-21.0,1,0,Aw,Cfb,Tropical,Temperate,1,Ivory Coast,Scotland,1.0,0.5,23.0,0.4107,0.0131,Tier 3 (Weak)
Curaçao,Norway,0.0011,1595.0,1994.0,-399.0,1,0,BSh,Dfc,Arid,Continental,1,Curaçao,Norway,0.9,0.2,23.0,0.575,0.0184,Tier 3 (Weak)
Panama,France,0.0011,1831.0,2160.0,-329.0,1,0,Am,Cfb,Tropical,Temperate,1,Panama,France,1.0,0.5,17.6,0.0,0.0,Tier 3 (Weak)
Algeria,Scotland,0.0011,1885.0,1857.0,28.0,1,0,BWh,Cfb,Arid,Temperate,1,Algeria,Scotland,0.9,0.5,17.6,0.0,0.0,Tier 3 (Weak)
Ghana,Czech Republic,0.0011,1662.0,1837.0,-175.0,1,0,Aw,Dfb,Tropical,Continental,1,Ghana,Czech Republic,1.0,0.2,17.6,0.0,0.0,Tier 3 (Weak)
Jordan,New Zealand,0.0011,1766.0,1710.0,56.0,1,0,BWh,Cfb,Arid,Temperate,1,Jordan,New Zealand,0.9,0.5,17.1,0.0,0.0,Tier 3 (Weak)
Egypt,Bosnia and Herzegovina,0.0011,1818.0,1653.0,165.0,1,0,BWh,Cfb,Arid,Temperate,1,Egypt,Bosnia and Herzegovina,0.9,0.5,17.1,0.0,0.0,Tier 3 (Weak)
Australia,France,0.0011,1891.0,2160.0,-269.0,1,0,BWh,Cfb,Arid,Temperate,1,Australia,France,0.9,0.5,17.1,0.0,0.0,Tier 3 (Weak)
Uruguay,Belgium,0.0011,1986.0,2002.0,-16.0,1,0,Cfa,Cfb,Temperate,Temperate,1,Uruguay,Belgium,0.5,0.5,24.2,0.0,0.0,Tier 3 (Weak)
Uruguay,England,0.0011,1986.0,2083.0,-97.0,1,0,Cfa,Cfb,Temperate,Temperate,1,Uruguay,England,0.5,0.5,24.2,0.0,0.0,Tier 3 (Weak)
Turkey,France,0.0011,1998.0,2160.0,-162.0,1,0,Csa,Cfb,Temperate,Temperate,1,Turkey,France,0.5,0.5,24.2,0.0,0.0,Tier 3 (Weak)
United States,Belgium,0.0011,1832.0,2002.0,-170.0,1,0,Cfa,Cfb,Temperate,Temperate,1,United States,Belgium,0.5,0.5,24.2,0.0,0.0,Tier 3 (Weak)
Senegal,South Korea,0.0011,1933.0,1895.0,38.0,1,0,BSh,Dwa,Arid,Continental,1,Senegal,South Korea,0.9,0.2,20.3,0.0,0.0,Tier 3 (Weak)
Ivory Coast,Scotland,0.0011,1836.0,1857.0,-21.0,1,0,Aw,Cfb,Tropical,Temperate,1,Ivory Coast,Scotland,1.0,0.5,20.3,0.0,0.0,Tier 3 (Weak)
Qatar,Germany,0.0011,1552.0,2032.0,-480.0,1,0,BWh,Cfb,Arid,Temperate,1,Qatar,Germany,0.9,0.5,20.3,0.0,0.0,Tier 3 (Weak)
Turkey,Czech Republic,0.0011,1998.0,1837.0,161.0,1,0,Csa,Dfb,Temperate,Continental,1,Turkey,Czech Republic,0.5,0.2,20.3,0.0,0.0,Tier 3 (Weak)
Haiti,Norway,0.0011,1661.0,1994.0,-333.0,1,0,Aw,Dfc,Tropical,Continental,1,Haiti,Norway,1.0,0.2,20.3,0.0,0.0,Tier 3 (Weak)
Saudi Arabia,Norway,0.0011,1692.0,1994.0,-302.0,1,0,BWh,Dfc,Arid,Continental,1,Saudi Arabia,Norway,0.9,0.2,28.0,0.7,0.0224,Tier 3 (Weak)
Algeria,France,0.0011,1885.0,2160.0,-275.0,1,0,BWh,Cfb,Arid,Temperate,1,Algeria,France,0.9,0.5,28.0,0.4,0.0128,Tier 3 (Weak)
Argentina,France,0.0011,2190.0,2160.0,30.0,1,0,Cfa,Cfb,Temperate,Temperate,1,Argentina,France,0.5,0.5,28.0,0.0,0.0,Tier 3 (Weak)
Portugal,Netherlands,0.0011,2049.0,2006.0,43.0,1,0,Csa,Cfb,Temperate,Temperate,1,Portugal,Netherlands,0.5,0.5,28.0,0.0,0.0,Tier 3 (Weak)
Argentina,Germany,0.0011,2190.0,2032.0,158.0,1,0,Cfa,Cfb,Temperate,Temperate,1,Argentina,Germany,0.5,0.5,28.0,0.0,0.0,Tier 3 (Weak)
Tunisia,South Korea,0.0011,1777.0,1895.0,-118.0,1,0,BWh,Dwa,Arid,Continental,1,Tunisia,South Korea,0.9,0.2,28.0,0.7,0.0224,Tier 3 (Weak)
Japan,Austria,0.0011,2008.0,1929.0,79.0,1,0,Cfa,Dfb,Temperate,Continental,1,Japan,Austria,0.5,0.2,28.0,0.3,0.0096,Tier 3 (Weak)
Portugal,Sweden,0.0011,2049.0,1793.0,256.0,1,0,Csa,Dfc,Temperate,Continental,1,Portugal,Sweden,0.5,0.2,19.8,0.0,0.0,Tier 3 (Weak)
Argentina,France,0.0011,2190.0,2160.0,30.0,1,0,Cfa,Cfb,Temperate,Temperate,1,Argentina,France,0.5,0.5,19.8,0.0,0.0,Tier 3 (Weak)
Uruguay,Netherlands,0.0011,1986.0,2006.0,-20.0,1,0,Cfa,Cfb,Temperate,Temperate,1,Uruguay,Netherlands,0.5,0.5,19.8,0.0,0.0,Tier 3 (Weak)
Portugal,Canada,0.0011,2049.0,1903.0,146.0,1,0,Csa,Dfc,Temperate,Continental,1,Portugal,Canada,0.5,0.2,19.8,0.0,0.0,Tier 3 (Weak)
Panama,Germany,0.0011,1831.0,2032.0,-201.0,1,0,Am,Cfb,Tropical,Temperate,1,Panama,Germany,1.0,0.5,19.8,0.0,0.0,Tier 3 (Weak)
Algeria,Germany,0.0011,1885.0,2032.0,-147.0,1,0,BWh,Cfb,Arid,Temperate,1,Algeria,Germany,0.9,0.5,19.8,0.0,0.0,Tier 3 (Weak)
Algeria,Croatia,0.0011,1885.0,1979.0,-94.0,1,0,BWh,Cfb,Arid,Temperate,1,Algeria,Croatia,0.9,0.5,19.8,0.0,0.0,Tier 3 (Weak)
Senegal,Netherlands,0.0011,1933.0,2006.0,-73.0,1,0,BSh,Cfb,Arid,Temperate,1,Senegal,Netherlands,0.9,0.5,28.5,0.4071,0.013,Tier 3 (Weak)
Panama,Germany,0.0011,1831.0,2032.0,-201.0,1,0,Am,Cfb,Tropical,Temperate,1,Panama,Germany,1.0,0.5,28.5,0.5089,0.0163,Tier 3 (Weak)
Senegal,Norway,0.0011,1933.0,1994.0,-61.0,1,0,BSh,Dfc,Arid,Continental,1,Senegal,Norway,0.9,0.2,28.5,0.7125,0.0228,Tier 3 (Weak)
Colombia,Czech Republic,0.0011,2083.0,1837.0,246.0,1,0,Af,Dfb,Tropical,Continental,1,Colombia,Czech Republic,1.0,0.2,28.5,0.8143,0.0261,Tier 3 (Weak)
Japan,Norway,0.0011,2008.0,1994.0,14.0,1,0,Cfa,Dfc,Temperate,Continental,1,Japan,Norway,0.5,0.2,28.5,0.3054,0.0098,Tier 3 (Weak)
United States,Netherlands,0.0011,1832.0,2006.0,-174.0,1,0,Cfa,Cfb,Temperate,Temperate,1,United States,Netherlands,0.5,0.5,28.5,0.0,0.0,Tier 3 (Weak)
Mexico,Germany,0.0011,1957.0,2032.0,-75.0,1,0,BSh,Cfb,Arid,Temperate,1,Mexico,Germany,0.9,0.5,28.5,0.4071,0.013,Tier 3 (Weak)
Ecuador,South Korea,0.0011,2033.0,1895.0,138.0,1,0,Af,Dwa,Tropical,Continental,1,Ecuador,South Korea,1.0,0.2,28.5,0.8143,0.0261,Tier 3 (Weak)
Brazil,Germany,0.0011,2081.0,2032.0,49.0,1,0,Am,Cfb,Tropical,Temperate,1,Brazil,Germany,1.0,0.5,28.5,0.5089,0.0163,Tier 3 (Weak)
Mexico,Croatia,0.0011,1957.0,1979.0,-22.0,1,0,BSh,Cfb,Arid,Temperate,1,Mexico,Croatia,0.9,0.5,28.5,0.4071,0.013,Tier 3 (Weak)
Japan,Germany,0.0011,2008.0,2032.0,-24.0,1,0,Cfa,Cfb,Temperate,Temperate,1,Japan,Germany,0.5,0.5,28.5,0.0,0.0,Tier 3 (Weak)
Algeria,Norway,0.0011,1885.0,1994.0,-109.0,1,0,BWh,Dfc,Arid,Continental,1,Algeria,Norway,0.9,0.2,28.5,0.7125,0.0228,Tier 3 (Weak)
Iran,Netherlands,0.0011,1893.0,2006.0,-113.0,1,0,BWh,Cfb,Arid,Temperate,1,Iran,Netherlands,0.9,0.5,28.5,0.4071,0.013,Tier 3 (Weak)
Japan,France,0.0011,2008.0,2160.0,-152.0,1,0,Cfa,Cfb,Temperate,Temperate,1,Japan,France,0.5,0.5,25.4,0.0,0.0,Tier 3 (Weak)
Paraguay,Netherlands,0.0011,1937.0,2006.0,-69.0,1,0,Cfa,Cfb,Temperate,Temperate,1,Paraguay,Netherlands,0.5,0.5,25.4,0.0,0.0,Tier 3 (Weak)
Portugal,South Korea,0.0011,2049.0,1895.0,154.0,1,0,Csa,Dwa,Temperate,Continental,1,Portugal,South Korea,0.5,0.2,25.4,0.2721,0.0087,Tier 3 (Weak)
Senegal,Belgium,0.0011,1933.0,2002.0,-69.0,1,0,BSh,Cfb,Arid,Temperate,1,Senegal,Belgium,0.9,0.5,25.4,0.3629,0.0116,Tier 3 (Weak)
United States,Norway,0.0011,1832.0,1994.0,-162.0,1,0,Cfa,Dfc,Temperate,Continental,1,United States,Norway,0.5,0.2,25.4,0.2721,0.0087,Tier 3 (Weak)
Portugal,Czech Republic,0.0011,2049.0,1837.0,212.0,1,0,Csa,Dfb,Temperate,Continental,1,Portugal,Czech Republic,0.5,0.2,25.4,0.2721,0.0087,Tier 3 (Weak)
Japan,Canada,0.0011,2008.0,1903.0,105.0,1,0,Cfa,Dfc,Temperate,Continental,1,Japan,Canada,0.5,0.2,25.4,0.2721,0.0087,Tier 3 (Weak)
Morocco,Canada,0.0011,1988.0,1903.0,85.0,1,0,Csa,Dfc,Temperate,Continental,1,Morocco,Canada,0.5,0.2,28.0,0.3,0.0096,Tier 3 (Weak)
Portugal,Scotland,0.0011,2049.0,1857.0,192.0,1,0,Csa,Cfb,Temperate,Temperate,1,Portugal,Scotland,0.5,0.5,28.0,0.0,0.0,Tier 3 (Weak)
Iran,Germany,0.0011,1893.0,2032.0,-139.0,1,0,BWh,Cfb,Arid,Temperate,1,Iran,Germany,0.9,0.5,28.0,0.4,0.0128,Tier 3 (Weak)
Senegal,Switzerland,0.0011,1933.0,1990.0,-57.0,1,0,BSh,Cfb,Arid,Temperate,1,Senegal,Switzerland,0.9,0.5,28.0,0.4,0.0128,Tier 3 (Weak)
Egypt,France,0.0011,1818.0,2160.0,-342.0,1,0,BWh,Cfb,Arid,Temperate,1,Egypt,France,0.9,0.5,28.0,0.4,0.0128,Tier 3 (Weak)
Turkey,Croatia,0.0011,1998.0,1979.0,19.0,1,0,Csa,Cfb,Temperate,Temperate,1,Turkey,Croatia,0.5,0.5,28.0,0.0,0.0,Tier 3 (Weak)
Tunisia,Netherlands,0.0011,1777.0,2006.0,-229.0,1,0,BWh,Cfb,Arid,Temperate,1,Tunisia,Netherlands,0.9,0.5,28.0,0.4,0.0128,Tier 3 (Weak)
Mexico,Scotland,0.0011,1957.0,1857.0,100.0,1,0,BSh,Cfb,Arid,Temperate,1,Mexico,Scotland,0.9,0.5,28.0,0.4,0.0128,Tier 3 (Weak)
Japan,South Korea,0.0011,2008.0,1895.0,113.0,1,0,Cfa,Dwa,Temperate,Continental,1,Japan,South Korea,0.5,0.2,28.0,0.3,0.0096,Tier 3 (Weak)
Australia,Germany,0.0011,1891.0,2032.0,-141.0,1,0,BWh,Cfb,Arid,Temperate,1,Australia,Germany,0.9,0.5,28.0,0.4,0.0128,Tier 3 (Weak)
Mexico,Croatia,0.0011,1957.0,1979.0,-22.0,1,0,BSh,Cfb,Arid,Temperate,1,Mexico,Croatia,0.9,0.5,28.0,0.4,0.0128,Tier 3 (Weak)
United States,England,0.0011,1832.0,2083.0,-251.0,1,0,Cfa,Cfb,Temperate,Temperate,1,United States,England,0.5,0.5,28.0,0.0,0.0,Tier 3 (Weak)
Paraguay,England,0.0011,1937.0,2083.0,-146.0,1,0,Cfa,Cfb,Temperate,Temperate,1,Paraguay,England,0.5,0.5,22.5,0.0,0.0,Tier 3 (Weak)
Morocco,Norway,0.0011,1988.0,1994.0,-6.0,1,0,Csa,Dfc,Temperate,Continental,1,Morocco,Norway,0.5,0.2,22.5,0.2411,0.0077,Tier 3 (Weak)
United States,France,0.0011,1832.0,2160.0,-328.0,1,0,Cfa,Cfb,Temperate,Temperate,1,United States,France,0.5,0.5,22.5,0.0,0.0,Tier 3 (Weak)
Curaçao,Scotland,0.001,1595.0,1857.0,-262.0,1,0,BSh,Cfb,Arid,Temperate,1,Curaçao,Scotland,0.9,0.5,28.3,0.4043,0.0129,Tier 3 (Weak)
Iraq,Sweden,0.001,1727.0,1793.0,-66.0,1,0,BWh,Dfc,Arid,Continental,1,Iraq,Sweden,0.9,0.2,28.5,0.7125,0.0228,Tier 3 (Weak)
Iran,South Korea,0.001,1893.0,1895.0,-2.0,1,0,BWh,Dwa,Arid,Continental,1,Iran,South Korea,0.9,0.2,23.0,0.575,0.0184,Tier 3 (Weak)
Senegal,Scotland,0.001,1933.0,1857.0,76.0,1,0,BSh,Cfb,Arid,Temperate,1,Senegal,Scotland,0.9,0.5,23.0,0.3286,0.0105,Tier 3 (Weak)
Paraguay,New Zealand,0.001,1937.0,1710.0,227.0,1,0,Cfa,Cfb,Temperate,Temperate,1,Paraguay,New Zealand,0.5,0.5,15.2,0.0,0.0,Tier 3 (Weak)
Paraguay,Netherlands,0.001,1937.0,2006.0,-69.0,1,0,Cfa,Cfb,Temperate,Temperate,1,Paraguay,Netherlands,0.5,0.5,15.2,0.0,0.0,Tier 3 (Weak)
Uzbekistan,Netherlands,0.001,1823.0,2006.0,-183.0,1,0,BWk,Cfb,Arid,Temperate,1,Uzbekistan,Netherlands,0.4,0.5,17.6,0.0,0.0,Tier 3 (Weak)
DR Congo,Scotland,0.001,1774.0,1857.0,-83.0,1,0,Am,Cfb,Tropical,Temperate,1,DR Congo,Scotland,1.0,0.5,17.6,0.0,0.0,Tier 3 (Weak)
Ivory Coast,Scotland,0.001,1836.0,1857.0,-21.0,1,0,Aw,Cfb,Tropical,Temperate,1,Ivory Coast,Scotland,1.0,0.5,17.6,0.0,0.0,Tier 3 (Weak)
Colombia,Scotland,0.001,2083.0,1857.0,226.0,1,0,Af,Cfb,Tropical,Temperate,1,Colombia,Scotland,1.0,0.5,17.6,0.0,0.0,Tier 3 (Weak)
Uzbekistan,Sweden,0.001,1823.0,1793.0,30.0,1,0,BWk,Dfc,Arid,Continental,1,Uzbekistan,Sweden,0.4,0.2,17.6,0.0,0.0,Tier 3 (Weak)
Ivory Coast,South Korea,0.001,1836.0,1895.0,-59.0,1,0,Aw,Dwa,Tropical,Continental,1,Ivory Coast,South Korea,1.0,0.2,17.1,0.0,0.0,Tier 3 (Weak)
Ecuador,New Zealand,0.001,2033.0,1710.0,323.0,1,0,Af,Cfb,Tropical,Temperate,1,Ecuador,New Zealand,1.0,0.5,17.1,0.0,0.0,Tier 3 (Weak)
Algeria,New Zealand,0.001,1885.0,1710.0,175.0,1,0,BWh,Cfb,Arid,Temperate,1,Algeria,New Zealand,0.9,0.5,17.1,0.0,0.0,Tier 3 (Weak)
Mexico,Netherlands,0.001,1957.0,2006.0,-49.0,1,0,BSh,Cfb,Arid,Temperate,1,Mexico,Netherlands,0.9,0.5,17.1,0.0,0.0,Tier 3 (Weak)
Uruguay,Netherlands,0.001,1986.0,2006.0,-20.0,1,0,Cfa,Cfb,Temperate,Temperate,1,Uruguay,Netherlands,0.5,0.5,24.2,0.0,0.0,Tier 3 (Weak)
Paraguay,Norway,0.001,1937.0,1994.0,-57.0,1,0,Cfa,Dfc,Temperate,Continental,1,Paraguay,Norway,0.5,0.2,24.2,0.2593,0.0083,Tier 3 (Weak)
Iran,Austria,0.001,1893.0,1929.0,-36.0,1,0,BWh,Dfb,Arid,Continental,1,Iran,Austria,0.9,0.2,24.2,0.605,0.0194,Tier 3 (Weak)
Australia,Belgium,0.001,1891.0,2002.0,-111.0,1,0,BWh,Cfb,Arid,Temperate,1,Australia,Belgium,0.9,0.5,24.2,0.3457,0.0111,Tier 3 (Weak)
United States,Austria,0.001,1832.0,1929.0,-97.0,1,0,Cfa,Dfb,Temperate,Continental,1,United States,Austria,0.5,0.2,24.2,0.2593,0.0083,Tier 3 (Weak)
United States,Germany,0.001,1832.0,2032.0,-200.0,1,0,Cfa,Cfb,Temperate,Temperate,1,United States,Germany,0.5,0.5,24.2,0.0,0.0,Tier 3 (Weak)
Iran,Canada,0.001,1893.0,1903.0,-10.0,1,0,BWh,Dfc,Arid,Continental,1,Iran,Canada,0.9,0.2,20.3,0.0,0.0,Tier 3 (Weak)
South Africa,Netherlands,0.001,1673.0,2006.0,-333.0,1,0,BSh,Cfb,Arid,Temperate,1,South Africa,Netherlands,0.9,0.5,20.3,0.0,0.0,Tier 3 (Weak)
United States,South Korea,0.001,1832.0,1895.0,-63.0,1,0,Cfa,Dwa,Temperate,Continental,1,United States,South Korea,0.5,0.2,20.3,0.0,0.0,Tier 3 (Weak)
Tunisia,South Korea,0.001,1777.0,1895.0,-118.0,1,0,BWh,Dwa,Arid,Continental,1,Tunisia,South Korea,0.9,0.2,20.3,0.0,0.0,Tier 3 (Weak)
Tunisia,Scotland,0.001,1777.0,1857.0,-80.0,1,0,BWh,Cfb,Arid,Temperate,1,Tunisia,Scotland,0.9,0.5,20.3,0.0,0.0,Tier 3 (Weak)
United States,Scotland,0.001,1832.0,1857.0,-25.0,1,0,Cfa,Cfb,Temperate,Temperate,1,United States,Scotland,0.5,0.5,20.3,0.0,0.0,Tier 3 (Weak)
Haiti,Netherlands,0.001,1661.0,2006.0,-345.0,1,0,Aw,Cfb,Tropical,Temperate,1,Haiti,Netherlands,1.0,0.5,20.3,0.0,0.0,Tier 3 (Weak)
Tunisia,Czech Republic,0.001,1777.0,1837.0,-60.0,1,0,BWh,Dfb,Arid,Continental,1,Tunisia,Czech Republic,0.9,0.2,20.3,0.0,0.0,Tier 3 (Weak)
Ivory Coast,Czech Republic,0.001,1836.0,1837.0,-1.0,1,0,Aw,Dfb,Tropical,Continental,1,Ivory Coast,Czech Republic,1.0,0.2,20.3,0.0,0.0,Tier 3 (Weak)
Algeria,Germany,0.001,1885.0,2032.0,-147.0,1,0,BWh,Cfb,Arid,Temperate,1,Algeria,Germany,0.9,0.5,28.0,0.4,0.0128,Tier 3 (Weak)
Spain,Norway,0.001,2216.0,1994.0,222.0,1,0,Csa,Dfc,Temperate,Continental,1,Spain,Norway,0.5,0.2,28.0,0.3,0.0096,Tier 3 (Weak)
Algeria,Norway,0.001,1885.0,1994.0,-109.0,1,0,BWh,Dfc,Arid,Continental,1,Algeria,Norway,0.9,0.2,19.8,0.0,0.0,Tier 3 (Weak)
Jordan,England,0.001,1766.0,2083.0,-317.0,1,0,BWh,Cfb,Arid,Temperate,1,Jordan,England,0.9,0.5,19.8,0.0,0.0,Tier 3 (Weak)
Argentina,England,0.001,2190.0,2083.0,107.0,1,0,Cfa,Cfb,Temperate,Temperate,1,Argentina,England,0.5,0.5,19.8,0.0,0.0,Tier 3 (Weak)
Panama,Norway,0.001,1831.0,1994.0,-163.0,1,0,Am,Dfc,Tropical,Continental,1,Panama,Norway,1.0,0.2,19.8,0.0,0.0,Tier 3 (Weak)
Mexico,Croatia,0.001,1957.0,1979.0,-22.0,1,0,BSh,Cfb,Arid,Temperate,1,Mexico,Croatia,0.9,0.5,19.8,0.0,0.0,Tier 3 (Weak)
Argentina,South Korea,0.001,2190.0,1895.0,295.0,1,0,Cfa,Dwa,Temperate,Continental,1,Argentina,South Korea,0.5,0.2,19.8,0.0,0.0,Tier 3 (Weak)
Paraguay,Belgium,0.001,1937.0,2002.0,-65.0,1,0,Cfa,Cfb,Temperate,Temperate,1,Paraguay,Belgium,0.5,0.5,28.5,0.0,0.0,Tier 3 (Weak)
Argentina,Czech Republic,0.001,2190.0,1837.0,353.0,1,0,Cfa,Dfb,Temperate,Continental,1,Argentina,Czech Republic,0.5,0.2,28.5,0.3054,0.0098,Tier 3 (Weak)
Jordan,Netherlands,0.001,1766.0,2006.0,-240.0,1,0,BWh,Cfb,Arid,Temperate,1,Jordan,Netherlands,0.9,0.5,28.5,0.4071,0.013,Tier 3 (Weak)
Mexico,Austria,0.001,1957.0,1929.0,28.0,1,0,BSh,Dfb,Arid,Continental,1,Mexico,Austria,0.9,0.2,28.5,0.7125,0.0228,Tier 3 (Weak)
Paraguay,Norway,0.001,1937.0,1994.0,-57.0,1,0,Cfa,Dfc,Temperate,Continental,1,Paraguay,Norway,0.5,0.2,28.5,0.3054,0.0098,Tier 3 (Weak)
Brazil,France,0.001,2081.0,2160.0,-79.0,1,0,Am,Cfb,Tropical,Temperate,1,Brazil,France,1.0,0.5,28.5,0.5089,0.0163,Tier 3 (Weak)
Tunisia,Belgium,0.001,1777.0,2002.0,-225.0,1,0,BWh,Cfb,Arid,Temperate,1,Tunisia,Belgium,0.9,0.5,28.5,0.4071,0.013,Tier 3 (Weak)
Algeria,Canada,0.001,1885.0,1903.0,-18.0,1,0,BWh,Dfc,Arid,Continental,1,Algeria,Canada,0.9,0.2,28.5,0.7125,0.0228,Tier 3 (Weak)
Australia,Germany,0.001,1891.0,2032.0,-141.0,1,0,BWh,Cfb,Arid,Temperate,1,Australia,Germany,0.9,0.5,28.5,0.4071,0.013,Tier 3 (Weak)
Uruguay,Czech Republic,0.001,1986.0,1837.0,149.0,1,0,Cfa,Dfb,Temperate,Continental,1,Uruguay,Czech Republic,0.5,0.2,28.5,0.3054,0.0098,Tier 3 (Weak)
Japan,Germany,0.001,2008.0,2032.0,-24.0,1,0,Cfa,Cfb,Temperate,Temperate,1,Japan,Germany,0.5,0.5,25.4,0.0,0.0,Tier 3 (Weak)
Brazil,Croatia,0.001,2081.0,1979.0,102.0,1,0,Am,Cfb,Tropical,Temperate,1,Brazil,Croatia,1.0,0.5,25.4,0.4536,0.0145,Tier 3 (Weak)
Brazil,New Zealand,0.001,2081.0,1710.0,371.0,1,0,Am,Cfb,Tropical,Temperate,1,Brazil,New Zealand,1.0,0.5,25.4,0.4536,0.0145,Tier 3 (Weak)
Ecuador,Norway,0.001,2033.0,1994.0,39.0,1,0,Af,Dfc,Tropical,Continental,1,Ecuador,Norway,1.0,0.2,25.4,0.7257,0.0232,Tier 3 (Weak)
United States,Germany,0.001,1832.0,2032.0,-200.0,1,0,Cfa,Cfb,Temperate,Temperate,1,United States,Germany,0.5,0.5,25.4,0.0,0.0,Tier 3 (Weak)
Egypt,Germany,0.001,1818.0,2032.0,-214.0,1,0,BWh,Cfb,Arid,Temperate,1,Egypt,Germany,0.9,0.5,25.4,0.3629,0.0116,Tier 3 (Weak)
Uruguay,Scotland,0.001,1986.0,1857.0,129.0,1,0,Cfa,Cfb,Temperate,Temperate,1,Uruguay,Scotland,0.5,0.5,25.4,0.0,0.0,Tier 3 (Weak)
Australia,Norway,0.001,1891.0,1994.0,-103.0,1,0,BWh,Dfc,Arid,Continental,1,Australia,Norway,0.9,0.2,25.4,0.635,0.0203,Tier 3 (Weak)
Morocco,Belgium,0.001,1988.0,2002.0,-14.0,1,0,Csa,Cfb,Temperate,Temperate,1,Morocco,Belgium,0.5,0.5,25.4,0.0,0.0,Tier 3 (Weak)
Panama,Switzerland,0.001,1831.0,1990.0,-159.0,1,0,Am,Cfb,Tropical,Temperate,1,Panama,Switzerland,1.0,0.5,25.4,0.4536,0.0145,Tier 3 (Weak)
Ivory Coast,Germany,0.001,1836.0,2032.0,-196.0,1,0,Aw,Cfb,Tropical,Temperate,1,Ivory Coast,Germany,1.0,0.5,25.4,0.4536,0.0145,Tier 3 (Weak)
Iran,England,0.001,1893.0,2083.0,-190.0,1,0,BWh,Cfb,Arid,Temperate,1,Iran,England,0.9,0.5,28.0,0.4,0.0128,Tier 3 (Weak)
Panama,Germany,0.001,1831.0,2032.0,-201.0,1,0,Am,Cfb,Tropical,Temperate,1,Panama,Germany,1.0,0.5,28.0,0.5,0.016,Tier 3 (Weak)
Senegal,Canada,0.001,1933.0,1903.0,30.0,1,0,BSh,Dfc,Arid,Continental,1,Senegal,Canada,0.9,0.2,28.0,0.7,0.0224,Tier 3 (Weak)
Iran,Netherlands,0.001,1893.0,2006.0,-113.0,1,0,BWh,Cfb,Arid,Temperate,1,Iran,Netherlands,0.9,0.5,28.0,0.4,0.0128,Tier 3 (Weak)
Spain,Sweden,0.001,2216.0,1793.0,423.0,1,0,Csa,Dfc,Temperate,Continental,1,Spain,Sweden,0.5,0.2,28.0,0.3,0.0096,Tier 3 (Weak)
Turkey,Canada,0.001,1998.0,1903.0,95.0,1,0,Csa,Dfc,Temperate,Continental,1,Turkey,Canada,0.5,0.2,28.0,0.3,0.0096,Tier 3 (Weak)
Paraguay,Switzerland,0.001,1937.0,1990.0,-53.0,1,0,Cfa,Cfb,Temperate,Temperate,1,Paraguay,Switzerland,0.5,0.5,28.0,0.0,0.0,Tier 3 (Weak)
United States,Germany,0.001,1832.0,2032.0,-200.0,1,0,Cfa,Cfb,Temperate,Temperate,1,United States,Germany,0.5,0.5,28.0,0.0,0.0,Tier 3 (Weak)
Colombia,Austria,0.001,2083.0,1929.0,154.0,1,0,Af,Dfb,Tropical,Continental,1,Colombia,Austria,1.0,0.2,28.0,0.8,0.0256,Tier 3 (Weak)
Ivory Coast,Norway,0.001,1836.0,1994.0,-158.0,1,0,Aw,Dfc,Tropical,Continental,1,Ivory Coast,Norway,1.0,0.2,28.0,0.8,0.0256,Tier 3 (Weak)
Turkey,South Korea,0.001,1998.0,1895.0,103.0,1,0,Csa,Dwa,Temperate,Continental,1,Turkey,South Korea,0.5,0.2,28.0,0.3,0.0096,Tier 3 (Weak)
Ivory Coast,England,0.001,1836.0,2083.0,-247.0,1,0,Aw,Cfb,Tropical,Temperate,1,Ivory Coast,England,1.0,0.5,28.0,0.5,0.016,Tier 3 (Weak)
Tunisia,England,0.001,1777.0,2083.0,-306.0,1,0,BWh,Cfb,Arid,Temperate,1,Tunisia,England,0.9,0.5,28.0,0.4,0.0128,Tier 3 (Weak)
Japan,Scotland,0.001,2008.0,1857.0,151.0,1,0,Cfa,Cfb,Temperate,Temperate,1,Japan,Scotland,0.5,0.5,28.0,0.0,0.0,Tier 3 (Weak)
Tunisia,Germany,0.001,1777.0,2032.0,-255.0,1,0,BWh,Cfb,Arid,Temperate,1,Tunisia,Germany,0.9,0.5,28.0,0.4,0.0128,Tier 3 (Weak)
Mexico,Belgium,0.001,1957.0,2002.0,-45.0,1,0,BSh,Cfb,Arid,Temperate,1,Mexico,Belgium,0.9,0.5,22.5,0.3214,0.0103,Tier 3 (Weak)
Ecuador,Canada,0.001,2033.0,1903.0,130.0,1,0,Af,Dfc,Tropical,Continental,1,Ecuador,Canada,1.0,0.2,22.5,0.6429,0.0206,Tier 3 (Weak)
Portugal,Canada,0.001,2049.0,1903.0,146.0,1,0,Csa,Dfc,Temperate,Continental,1,Portugal,Canada,0.5,0.2,22.5,0.2411,0.0077,Tier 3 (Weak)
Algeria,France,0.001,1885.0,2160.0,-275.0,1,0,BWh,Cfb,Arid,Temperate,1,Algeria,France,0.9,0.5,22.5,0.3214,0.0103,Tier 3 (Weak)
Senegal,Germany,0.001,1933.0,2032.0,-99.0,1,0,BSh,Cfb,Arid,Temperate,1,Senegal,Germany,0.9,0.5,22.5,0.3214,0.0103,Tier 3 (Weak)
Ecuador,Croatia,0.001,2033.0,1979.0,54.0,1,0,Af,Cfb,Tropical,Temperate,1,Ecuador,Croatia,1.0,0.5,22.5,0.4018,0.0129,Tier 3 (Weak)
Mexico,Switzerland,0.001,1957.0,1990.0,-33.0,1,0,BSh,Cfb,Arid,Temperate,1,Mexico,Switzerland,0.9,0.5,22.5,0.3214,0.0103,Tier 3 (Weak)
Colombia,Austria,0.001,2083.0,1929.0,154.0,1,0,Af,Dfb,Tropical,Continental,1,Colombia,Austria,1.0,0.2,22.5,0.6429,0.0206,Tier 3 (Weak)
Panama,France,0.001,1831.0,2160.0,-329.0,1,0,Am,Cfb,Tropical,Temperate,1,Panama,France,1.0,0.5,22.5,0.4018,0.0129,Tier 3 (Weak)
Morocco,Netherlands,0.001,1988.0,2006.0,-18.0,1,0,Csa,Cfb,Temperate,Temperate,1,Morocco,Netherlands,0.5,0.5,22.5,0.0,0.0,Tier 3 (Weak)
Qatar,France,0.0009,1552.0,2160.0,-608.0,1,0,BWh,Cfb,Arid,Temperate,1,Qatar,France,0.9,0.5,15.2,0.0,0.0,Tier 3 (Weak)
DR Congo,France,0.0009,1774.0,2160.0,-386.0,1,0,Am,Cfb,Tropical,Temperate,1,DR Congo,France,1.0,0.5,28.0,0.5,0.016,Tier 3 (Weak)
Paraguay,Sweden,0.0009,1937.0,1793.0,144.0,1,0,Cfa,Dfc,Temperate,Continental,1,Paraguay,Sweden,0.5,0.2,15.2,0.0,0.0,Tier 3 (Weak)
Turkey,Netherlands,0.0009,1998.0,2006.0,-8.0,1,0,Csa,Cfb,Temperate,Temperate,1,Turkey,Netherlands,0.5,0.5,15.2,0.0,0.0,Tier 3 (Weak)
Egypt,Croatia,0.0009,1818.0,1979.0,-161.0,1,0,BWh,Cfb,Arid,Temperate,1,Egypt,Croatia,0.9,0.5,15.2,0.0,0.0,Tier 3 (Weak)
Ivory Coast,Croatia,0.0009,1836.0,1979.0,-143.0,1,0,Aw,Cfb,Tropical,Temperate,1,Ivory Coast,Croatia,1.0,0.5,15.2,0.0,0.0,Tier 3 (Weak)
Australia,Netherlands,0.0009,1891.0,2006.0,-115.0,1,0,BWh,Cfb,Arid,Temperate,1,Australia,Netherlands,0.9,0.5,15.2,0.0,0.0,Tier 3 (Weak)
Argentina,Canada,0.0009,2190.0,1903.0,287.0,1,0,Cfa,Dfc,Temperate,Continental,1,Argentina,Canada,0.5,0.2,15.2,0.0,0.0,Tier 3 (Weak)
Tunisia,Austria,0.0009,1777.0,1929.0,-152.0,1,0,BWh,Dfb,Arid,Continental,1,Tunisia,Austria,0.9,0.2,17.6,0.0,0.0,Tier 3 (Weak)
Ghana,South Korea,0.0009,1662.0,1895.0,-233.0,1,0,Aw,Dwa,Tropical,Continental,1,Ghana,South Korea,1.0,0.2,17.6,0.0,0.0,Tier 3 (Weak)
Portugal,Sweden,0.0009,2049.0,1793.0,256.0,1,0,Csa,Dfc,Temperate,Continental,1,Portugal,Sweden,0.5,0.2,17.6,0.0,0.0,Tier 3 (Weak)
Mexico,Sweden,0.0009,1957.0,1793.0,164.0,1,0,BSh,Dfc,Arid,Continental,1,Mexico,Sweden,0.9,0.2,17.1,0.0,0.0,Tier 3 (Weak)
Senegal,South Korea,0.0009,1933.0,1895.0,38.0,1,0,BSh,Dwa,Arid,Continental,1,Senegal,South Korea,0.9,0.2,17.1,0.0,0.0,Tier 3 (Weak)
Egypt,Switzerland,0.0009,1818.0,1990.0,-172.0,1,0,BWh,Cfb,Arid,Temperate,1,Egypt,Switzerland,0.9,0.5,17.1,0.0,0.0,Tier 3 (Weak)
Mexico,Canada,0.0009,1957.0,1903.0,54.0,1,0,BSh,Dfc,Arid,Continental,1,Mexico,Canada,0.9,0.2,17.1,0.0,0.0,Tier 3 (Weak)
Curaçao,Sweden,0.0009,1595.0,1793.0,-198.0,1,0,BSh,Dfc,Arid,Continental,1,Curaçao,Sweden,0.9,0.2,22.5,0.5625,0.018,Tier 3 (Weak)
Paraguay,Austria,0.0009,1937.0,1929.0,8.0,1,0,Cfa,Dfb,Temperate,Continental,1,Paraguay,Austria,0.5,0.2,24.2,0.2593,0.0083,Tier 3 (Weak)
Algeria,Belgium,0.0009,1885.0,2002.0,-117.0,1,0,BWh,Cfb,Arid,Temperate,1,Algeria,Belgium,0.9,0.5,24.2,0.3457,0.0111,Tier 3 (Weak)
Iran,Norway,0.0009,1893.0,1994.0,-101.0,1,0,BWh,Dfc,Arid,Continental,1,Iran,Norway,0.9,0.2,24.2,0.605,0.0194,Tier 3 (Weak)
Algeria,Canada,0.0009,1885.0,1903.0,-18.0,1,0,BWh,Dfc,Arid,Continental,1,Algeria,Canada,0.9,0.2,24.2,0.605,0.0194,Tier 3 (Weak)
Australia,Norway,0.0009,1891.0,1994.0,-103.0,1,0,BWh,Dfc,Arid,Continental,1,Australia,Norway,0.9,0.2,24.2,0.605,0.0194,Tier 3 (Weak)
Japan,Belgium,0.0009,2008.0,2002.0,6.0,1,0,Cfa,Cfb,Temperate,Temperate,1,Japan,Belgium,0.5,0.5,24.2,0.0,0.0,Tier 3 (Weak)
Spain,Sweden,0.0009,2216.0,1793.0,423.0,1,0,Csa,Dfc,Temperate,Continental,1,Spain,Sweden,0.5,0.2,24.2,0.2593,0.0083,Tier 3 (Weak)
Australia,Germany,0.0009,1891.0,2032.0,-141.0,1,0,BWh,Cfb,Arid,Temperate,1,Australia,Germany,0.9,0.5,24.2,0.3457,0.0111,Tier 3 (Weak)
Spain,New Zealand,0.0009,2216.0,1710.0,506.0,1,0,Csa,Cfb,Temperate,Temperate,1,Spain,New Zealand,0.5,0.5,24.2,0.0,0.0,Tier 3 (Weak)
Uruguay,Netherlands,0.0009,1986.0,2006.0,-20.0,1,0,Cfa,Cfb,Temperate,Temperate,1,Uruguay,Netherlands,0.5,0.5,20.3,0.0,0.0,Tier 3 (Weak)
Australia,Czech Republic,0.0009,1891.0,1837.0,54.0,1,0,BWh,Dfb,Arid,Continental,1,Australia,Czech Republic,0.9,0.2,20.3,0.0,0.0,Tier 3 (Weak)
Ivory Coast,South Korea,0.0009,1836.0,1895.0,-59.0,1,0,Aw,Dwa,Tropical,Continental,1,Ivory Coast,South Korea,1.0,0.2,20.3,0.0,0.0,Tier 3 (Weak)
Senegal,Scotland,0.0009,1933.0,1857.0,76.0,1,0,BSh,Cfb,Arid,Temperate,1,Senegal,Scotland,0.9,0.5,20.3,0.0,0.0,Tier 3 (Weak)
Senegal,Czech Republic,0.0009,1933.0,1837.0,96.0,1,0,BSh,Dfb,Arid,Continental,1,Senegal,Czech Republic,0.9,0.2,20.3,0.0,0.0,Tier 3 (Weak)
Algeria,Norway,0.0009,1885.0,1994.0,-109.0,1,0,BWh,Dfc,Arid,Continental,1,Algeria,Norway,0.9,0.2,28.0,0.7,0.0224,Tier 3 (Weak)
DR Congo,Germany,0.0009,1774.0,2032.0,-258.0,1,0,Am,Cfb,Tropical,Temperate,1,DR Congo,Germany,1.0,0.5,28.0,0.5,0.016,Tier 3 (Weak)
DR Congo,France,0.0009,1774.0,2160.0,-386.0,1,0,Am,Cfb,Tropical,Temperate,1,DR Congo,France,1.0,0.5,28.0,0.5,0.016,Tier 3 (Weak)
Curaçao,Germany,0.0009,1595.0,2032.0,-437.0,1,0,BSh,Cfb,Arid,Temperate,1,Curaçao,Germany,0.9,0.5,28.0,0.4,0.0128,Tier 3 (Weak)
Cape Verde,France,0.0009,1660.0,2160.0,-500.0,1,0,BWh,Cfb,Arid,Temperate,1,Cape Verde,France,0.9,0.5,28.0,0.4,0.0128,Tier 3 (Weak)
Curaçao,France,0.0009,1595.0,2160.0,-565.0,1,0,BSh,Cfb,Arid,Temperate,1,Curaçao,France,0.9,0.5,28.0,0.4,0.0128,Tier 3 (Weak)
Uzbekistan,Netherlands,0.0009,1823.0,2006.0,-183.0,1,0,BWk,Cfb,Arid,Temperate,1,Uzbekistan,Netherlands,0.4,0.5,28.0,0.0,0.0,Tier 3 (Weak)
Argentina,Norway,0.0009,2190.0,1994.0,196.0,1,0,Cfa,Dfc,Temperate,Continental,1,Argentina,Norway,0.5,0.2,28.0,0.3,0.0096,Tier 3 (Weak)
Senegal,Sweden,0.0009,1933.0,1793.0,140.0,1,0,BSh,Dfc,Arid,Continental,1,Senegal,Sweden,0.9,0.2,28.0,0.7,0.0224,Tier 3 (Weak)
Colombia,Netherlands,0.0009,2083.0,2006.0,77.0,1,0,Af,Cfb,Tropical,Temperate,1,Colombia,Netherlands,1.0,0.5,28.0,0.5,0.016,Tier 3 (Weak)
Panama,France,0.0009,1831.0,2160.0,-329.0,1,0,Am,Cfb,Tropical,Temperate,1,Panama,France,1.0,0.5,19.8,0.0,0.0,Tier 3 (Weak)
Mexico,England,0.0009,1957.0,2083.0,-126.0,1,0,BSh,Cfb,Arid,Temperate,1,Mexico,England,0.9,0.5,19.8,0.0,0.0,Tier 3 (Weak)
Argentina,New Zealand,0.0009,2190.0,1710.0,480.0,1,0,Cfa,Cfb,Temperate,Temperate,1,Argentina,New Zealand,0.5,0.5,19.8,0.0,0.0,Tier 3 (Weak)
Panama,Austria,0.0009,1831.0,1929.0,-98.0,1,0,Am,Dfb,Tropical,Continental,1,Panama,Austria,1.0,0.2,19.8,0.0,0.0,Tier 3 (Weak)
Morocco,Germany,0.0009,1988.0,2032.0,-44.0,1,0,Csa,Cfb,Temperate,Temperate,1,Morocco,Germany,0.5,0.5,28.5,0.0,0.0,Tier 3 (Weak)
Ecuador,Canada,0.0009,2033.0,1903.0,130.0,1,0,Af,Dfc,Tropical,Continental,1,Ecuador,Canada,1.0,0.2,28.5,0.8143,0.0261,Tier 3 (Weak)
Morocco,France,0.0009,1988.0,2160.0,-172.0,1,0,Csa,Cfb,Temperate,Temperate,1,Morocco,France,0.5,0.5,28.5,0.0,0.0,Tier 3 (Weak)
Ivory Coast,Netherlands,0.0009,1836.0,2006.0,-170.0,1,0,Aw,Cfb,Tropical,Temperate,1,Ivory Coast,Netherlands,1.0,0.5,28.5,0.5089,0.0163,Tier 3 (Weak)
Ivory Coast,France,0.0009,1836.0,2160.0,-324.0,1,0,Aw,Cfb,Tropical,Temperate,1,Ivory Coast,France,1.0,0.5,25.4,0.4536,0.0145,Tier 3 (Weak)
Senegal,Canada,0.0009,1933.0,1903.0,30.0,1,0,BSh,Dfc,Arid,Continental,1,Senegal,Canada,0.9,0.2,25.4,0.635,0.0203,Tier 3 (Weak)
Jordan,England,0.0009,1766.0,2083.0,-317.0,1,0,BWh,Cfb,Arid,Temperate,1,Jordan,England,0.9,0.5,25.4,0.3629,0.0116,Tier 3 (Weak)
Senegal,Germany,0.0009,1933.0,2032.0,-99.0,1,0,BSh,Cfb,Arid,Temperate,1,Senegal,Germany,0.9,0.5,25.4,0.3629,0.0116,Tier 3 (Weak)
Ivory Coast,Belgium,0.0009,1836.0,2002.0,-166.0,1,0,Aw,Cfb,Tropical,Temperate,1,Ivory Coast,Belgium,1.0,0.5,25.4,0.4536,0.0145,Tier 3 (Weak)
Algeria,France,0.0009,1885.0,2160.0,-275.0,1,0,BWh,Cfb,Arid,Temperate,1,Algeria,France,0.9,0.5,25.4,0.3629,0.0116,Tier 3 (Weak)
Colombia,Sweden,0.0009,2083.0,1793.0,290.0,1,0,Af,Dfc,Tropical,Continental,1,Colombia,Sweden,1.0,0.2,25.4,0.7257,0.0232,Tier 3 (Weak)
Spain,Sweden,0.0009,2216.0,1793.0,423.0,1,0,Csa,Dfc,Temperate,Continental,1,Spain,Sweden,0.5,0.2,25.4,0.2721,0.0087,Tier 3 (Weak)
Australia,Norway,0.0009,1891.0,1994.0,-103.0,1,0,BWh,Dfc,Arid,Continental,1,Australia,Norway,0.9,0.2,28.0,0.7,0.0224,Tier 3 (Weak)
Uruguay,Scotland,0.0009,1986.0,1857.0,129.0,1,0,Cfa,Cfb,Temperate,Temperate,1,Uruguay,Scotland,0.5,0.5,28.0,0.0,0.0,Tier 3 (Weak)
Uruguay,South Korea,0.0009,1986.0,1895.0,91.0,1,0,Cfa,Dwa,Temperate,Continental,1,Uruguay,South Korea,0.5,0.2,28.0,0.3,0.0096,Tier 3 (Weak)
Morocco,Croatia,0.0009,1988.0,1979.0,9.0,1,0,Csa,Cfb,Temperate,Temperate,1,Morocco,Croatia,0.5,0.5,28.0,0.0,0.0,Tier 3 (Weak)
Uruguay,Croatia,0.0009,1986.0,1979.0,7.0,1,0,Cfa,Cfb,Temperate,Temperate,1,Uruguay,Croatia,0.5,0.5,28.0,0.0,0.0,Tier 3 (Weak)
Iran,Norway,0.0009,1893.0,1994.0,-101.0,1,0,BWh,Dfc,Arid,Continental,1,Iran,Norway,0.9,0.2,28.0,0.7,0.0224,Tier 3 (Weak)
Ivory Coast,Switzerland,0.0009,1836.0,1990.0,-154.0,1,0,Aw,Cfb,Tropical,Temperate,1,Ivory Coast,Switzerland,1.0,0.5,28.0,0.5,0.016,Tier 3 (Weak)
Portugal,Czech Republic,0.0009,2049.0,1837.0,212.0,1,0,Csa,Dfb,Temperate,Continental,1,Portugal,Czech Republic,0.5,0.2,28.0,0.3,0.0096,Tier 3 (Weak)
Jordan,England,0.0009,1766.0,2083.0,-317.0,1,0,BWh,Cfb,Arid,Temperate,1,Jordan,England,0.9,0.5,28.0,0.4,0.0128,Tier 3 (Weak)
Uruguay,Czech Republic,0.0009,1986.0,1837.0,149.0,1,0,Cfa,Dfb,Temperate,Continental,1,Uruguay,Czech Republic,0.5,0.2,28.0,0.3,0.0096,Tier 3 (Weak)
Colombia,South Korea,0.0009,2083.0,1895.0,188.0,1,0,Af,Dwa,Tropical,Continental,1,Colombia,South Korea,1.0,0.2,22.5,0.6429,0.0206,Tier 3 (Weak)
Colombia,Scotland,0.0009,2083.0,1857.0,226.0,1,0,Af,Cfb,Tropical,Temperate,1,Colombia,Scotland,1.0,0.5,22.5,0.4018,0.0129,Tier 3 (Weak)
Senegal,England,0.0009,1933.0,2083.0,-150.0,1,0,BSh,Cfb,Arid,Temperate,1,Senegal,England,0.9,0.5,22.5,0.3214,0.0103,Tier 3 (Weak)
Ecuador,South Korea,0.0009,2033.0,1895.0,138.0,1,0,Af,Dwa,Tropical,Continental,1,Ecuador,South Korea,1.0,0.2,22.5,0.6429,0.0206,Tier 3 (Weak)
Spain,Sweden,0.0009,2216.0,1793.0,423.0,1,0,Csa,Dfc,Temperate,Continental,1,Spain,Sweden,0.5,0.2,22.5,0.2411,0.0077,Tier 3 (Weak)
Portugal,Croatia,0.0009,2049.0,1979.0,70.0,1,0,Csa,Cfb,Temperate,Temperate,1,Portugal,Croatia,0.5,0.5,22.5,0.0,0.0,Tier 3 (Weak)
Senegal,Belgium,0.0009,1933.0,2002.0,-69.0,1,0,BSh,Cfb,Arid,Temperate,1,Senegal,Belgium,0.9,0.5,22.5,0.3214,0.0103,Tier 3 (Weak)
Iraq,Netherlands,0.0008,1727.0,2006.0,-279.0,1,0,BWh,Cfb,Arid,Temperate,1,Iraq,Netherlands,0.9,0.5,28.5,0.4071,0.013,Tier 3 (Weak)
Iraq,Belgium,0.0008,1727.0,2002.0,-275.0,1,0,BWh,Cfb,Arid,Temperate,1,Iraq,Belgium,0.9,0.5,28.5,0.4071,0.013,Tier 3 (Weak)
Argentina,Bosnia and Herzegovina,0.0008,2190.0,1653.0,537.0,1,0,Cfa,Cfb,Temperate,Temperate,1,Argentina,Bosnia and Herzegovina,0.5,0.5,15.2,0.0,0.0,Tier 3 (Weak)
Senegal,South Korea,0.0008,1933.0,1895.0,38.0,1,0,BSh,Dwa,Arid,Continental,1,Senegal,South Korea,0.9,0.2,23.0,0.575,0.0184,Tier 3 (Weak)
Senegal,Czech Republic,0.0008,1933.0,1837.0,96.0,1,0,BSh,Dfb,Arid,Continental,1,Senegal,Czech Republic,0.9,0.2,23.0,0.575,0.0184,Tier 3 (Weak)
Senegal,Croatia,0.0008,1933.0,1979.0,-46.0,1,0,BSh,Cfb,Arid,Temperate,1,Senegal,Croatia,0.9,0.5,15.2,0.0,0.0,Tier 3 (Weak)
United States,Netherlands,0.0008,1832.0,2006.0,-174.0,1,0,Cfa,Cfb,Temperate,Temperate,1,United States,Netherlands,0.5,0.5,15.2,0.0,0.0,Tier 3 (Weak)
Turkey,New Zealand,0.0008,1998.0,1710.0,288.0,1,0,Csa,Cfb,Temperate,Temperate,1,Turkey,New Zealand,0.5,0.5,15.2,0.0,0.0,Tier 3 (Weak)
United States,Sweden,0.0008,1832.0,1793.0,39.0,1,0,Cfa,Dfc,Temperate,Continental,1,United States,Sweden,0.5,0.2,15.2,0.0,0.0,Tier 3 (Weak)
Australia,Sweden,0.0008,1891.0,1793.0,98.0,1,0,BWh,Dfc,Arid,Continental,1,Australia,Sweden,0.9,0.2,15.2,0.0,0.0,Tier 3 (Weak)
Australia,Belgium,0.0008,1891.0,2002.0,-111.0,1,0,BWh,Cfb,Arid,Temperate,1,Australia,Belgium,0.9,0.5,15.2,0.0,0.0,Tier 3 (Weak)
Turkey,Sweden,0.0008,1998.0,1793.0,205.0,1,0,Csa,Dfc,Temperate,Continental,1,Turkey,Sweden,0.5,0.2,15.2,0.0,0.0,Tier 3 (Weak)
Paraguay,Belgium,0.0008,1937.0,2002.0,-65.0,1,0,Cfa,Cfb,Temperate,Temperate,1,Paraguay,Belgium,0.5,0.5,15.2,0.0,0.0,Tier 3 (Weak)
Saudi Arabia,Croatia,0.0008,1692.0,1979.0,-287.0,1,0,BWh,Cfb,Arid,Temperate,1,Saudi Arabia,Croatia,0.9,0.5,28.5,0.4071,0.013,Tier 3 (Weak)
Morocco,Norway,0.0008,1988.0,1994.0,-6.0,1,0,Csa,Dfc,Temperate,Continental,1,Morocco,Norway,0.5,0.2,17.6,0.0,0.0,Tier 3 (Weak)
Colombia,Sweden,0.0008,2083.0,1793.0,290.0,1,0,Af,Dfc,Tropical,Continental,1,Colombia,Sweden,1.0,0.2,17.6,0.0,0.0,Tier 3 (Weak)
Senegal,Scotland,0.0008,1933.0,1857.0,76.0,1,0,BSh,Cfb,Arid,Temperate,1,Senegal,Scotland,0.9,0.5,17.6,0.0,0.0,Tier 3 (Weak)
Jordan,Scotland,0.0008,1766.0,1857.0,-91.0,1,0,BWh,Cfb,Arid,Temperate,1,Jordan,Scotland,0.9,0.5,17.6,0.0,0.0,Tier 3 (Weak)
Colombia,Netherlands,0.0008,2083.0,2006.0,77.0,1,0,Af,Cfb,Tropical,Temperate,1,Colombia,Netherlands,1.0,0.5,17.6,0.0,0.0,Tier 3 (Weak)
Portugal,Netherlands,0.0008,2049.0,2006.0,43.0,1,0,Csa,Cfb,Temperate,Temperate,1,Portugal,Netherlands,0.5,0.5,17.6,0.0,0.0,Tier 3 (Weak)
Algeria,Netherlands,0.0008,1885.0,2006.0,-121.0,1,0,BWh,Cfb,Arid,Temperate,1,Algeria,Netherlands,0.9,0.5,17.6,0.0,0.0,Tier 3 (Weak)
Morocco,Germany,0.0008,1988.0,2032.0,-44.0,1,0,Csa,Cfb,Temperate,Temperate,1,Morocco,Germany,0.5,0.5,17.6,0.0,0.0,Tier 3 (Weak)
Iraq,New Zealand,0.0008,1727.0,1710.0,17.0,1,0,BWh,Cfb,Arid,Temperate,1,Iraq,New Zealand,0.9,0.5,17.1,0.0,0.0,Tier 3 (Weak)
Ivory Coast,Czech Republic,0.0008,1836.0,1837.0,-1.0,1,0,Aw,Dfb,Tropical,Continental,1,Ivory Coast,Czech Republic,1.0,0.2,17.1,0.0,0.0,Tier 3 (Weak)
Senegal,Czech Republic,0.0008,1933.0,1837.0,96.0,1,0,BSh,Dfb,Arid,Continental,1,Senegal,Czech Republic,0.9,0.2,17.1,0.0,0.0,Tier 3 (Weak)
Qatar,South Korea,0.0008,1552.0,1895.0,-343.0,1,0,BWh,Dwa,Arid,Continental,1,Qatar,South Korea,0.9,0.2,17.1,0.0,0.0,Tier 3 (Weak)
Curaçao,New Zealand,0.0008,1595.0,1710.0,-115.0,1,0,BSh,Cfb,Arid,Temperate,1,Curaçao,New Zealand,0.9,0.5,17.1,0.0,0.0,Tier 3 (Weak)
Mexico,Bosnia and Herzegovina,0.0008,1957.0,1653.0,304.0,1,0,BSh,Cfb,Arid,Temperate,1,Mexico,Bosnia and Herzegovina,0.9,0.5,17.1,0.0,0.0,Tier 3 (Weak)
Ivory Coast,Netherlands,0.0008,1836.0,2006.0,-170.0,1,0,Aw,Cfb,Tropical,Temperate,1,Ivory Coast,Netherlands,1.0,0.5,17.1,0.0,0.0,Tier 3 (Weak)
Japan,Austria,0.0008,2008.0,1929.0,79.0,1,0,Cfa,Dfb,Temperate,Continental,1,Japan,Austria,0.5,0.2,17.1,0.0,0.0,Tier 3 (Weak)
Iran,Croatia,0.0008,1893.0,1979.0,-86.0,1,0,BWh,Cfb,Arid,Temperate,1,Iran,Croatia,0.9,0.5,24.2,0.3457,0.0111,Tier 3 (Weak)
Egypt,Belgium,0.0008,1818.0,2002.0,-184.0,1,0,BWh,Cfb,Arid,Temperate,1,Egypt,Belgium,0.9,0.5,24.2,0.3457,0.0111,Tier 3 (Weak)
Egypt,Germany,0.0008,1818.0,2032.0,-214.0,1,0,BWh,Cfb,Arid,Temperate,1,Egypt,Germany,0.9,0.5,24.2,0.3457,0.0111,Tier 3 (Weak)
Jordan,Austria,0.0008,1766.0,1929.0,-163.0,1,0,BWh,Dfb,Arid,Continental,1,Jordan,Austria,0.9,0.2,24.2,0.605,0.0194,Tier 3 (Weak)
United States,Norway,0.0008,1832.0,1994.0,-162.0,1,0,Cfa,Dfc,Temperate,Continental,1,United States,Norway,0.5,0.2,24.2,0.2593,0.0083,Tier 3 (Weak)
Algeria,Austria,0.0008,1885.0,1929.0,-44.0,1,0,BWh,Dfb,Arid,Continental,1,Algeria,Austria,0.9,0.2,24.2,0.605,0.0194,Tier 3 (Weak)
Turkey,Croatia,0.0008,1998.0,1979.0,19.0,1,0,Csa,Cfb,Temperate,Temperate,1,Turkey,Croatia,0.5,0.5,24.2,0.0,0.0,Tier 3 (Weak)
Brazil,Bosnia and Herzegovina,0.0008,2081.0,1653.0,428.0,1,0,Am,Cfb,Tropical,Temperate,1,Brazil,Bosnia and Herzegovina,1.0,0.5,20.3,0.0,0.0,Tier 3 (Weak)
Spain,Netherlands,0.0008,2216.0,2006.0,210.0,1,0,Csa,Cfb,Temperate,Temperate,1,Spain,Netherlands,0.5,0.5,20.3,0.0,0.0,Tier 3 (Weak)
Brazil,Belgium,0.0008,2081.0,2002.0,79.0,1,0,Am,Cfb,Tropical,Temperate,1,Brazil,Belgium,1.0,0.5,20.3,0.0,0.0,Tier 3 (Weak)
United States,Czech Republic,0.0008,1832.0,1837.0,-5.0,1,0,Cfa,Dfb,Temperate,Continental,1,United States,Czech Republic,0.5,0.2,20.3,0.0,0.0,Tier 3 (Weak)
Morocco,Belgium,0.0008,1988.0,2002.0,-14.0,1,0,Csa,Cfb,Temperate,Temperate,1,Morocco,Belgium,0.5,0.5,20.3,0.0,0.0,Tier 3 (Weak)
Morocco,Bosnia and Herzegovina,0.0008,1988.0,1653.0,335.0,1,0,Csa,Cfb,Temperate,Temperate,1,Morocco,Bosnia and Herzegovina,0.5,0.5,20.3,0.0,0.0,Tier 3 (Weak)
Mexico,Sweden,0.0008,1957.0,1793.0,164.0,1,0,BSh,Dfc,Arid,Continental,1,Mexico,Sweden,0.9,0.2,20.3,0.0,0.0,Tier 3 (Weak)
Morocco,Sweden,0.0008,1988.0,1793.0,195.0,1,0,Csa,Dfc,Temperate,Continental,1,Morocco,Sweden,0.5,0.2,28.0,0.3,0.0096,Tier 3 (Weak)
Curaçao,Norway,0.0008,1595.0,1994.0,-399.0,1,0,BSh,Dfc,Arid,Continental,1,Curaçao,Norway,0.9,0.2,28.0,0.7,0.0224,Tier 3 (Weak)
Jordan,Germany,0.0008,1766.0,2032.0,-266.0,1,0,BWh,Cfb,Arid,Temperate,1,Jordan,Germany,0.9,0.5,28.0,0.4,0.0128,Tier 3 (Weak)
Panama,Sweden,0.0008,1831.0,1793.0,38.0,1,0,Am,Dfc,Tropical,Continental,1,Panama,Sweden,1.0,0.2,28.0,0.8,0.0256,Tier 3 (Weak)
Uruguay,Netherlands,0.0008,1986.0,2006.0,-20.0,1,0,Cfa,Cfb,Temperate,Temperate,1,Uruguay,Netherlands,0.5,0.5,28.0,0.0,0.0,Tier 3 (Weak)
Saudi Arabia,Netherlands,0.0008,1692.0,2006.0,-314.0,1,0,BWh,Cfb,Arid,Temperate,1,Saudi Arabia,Netherlands,0.9,0.5,28.0,0.4,0.0128,Tier 3 (Weak)
Ivory Coast,Sweden,0.0008,1836.0,1793.0,43.0,1,0,Aw,Dfc,Tropical,Continental,1,Ivory Coast,Sweden,1.0,0.2,28.0,0.8,0.0256,Tier 3 (Weak)
Jordan,France,0.0008,1766.0,2160.0,-394.0,1,0,BWh,Cfb,Arid,Temperate,1,Jordan,France,0.9,0.5,28.0,0.4,0.0128,Tier 3 (Weak)
Jordan,Croatia,0.0008,1766.0,1979.0,-213.0,1,0,BWh,Cfb,Arid,Temperate,1,Jordan,Croatia,0.9,0.5,19.8,0.0,0.0,Tier 3 (Weak)
Colombia,Canada,0.0008,2083.0,1903.0,180.0,1,0,Af,Dfc,Tropical,Continental,1,Colombia,Canada,1.0,0.2,19.8,0.0,0.0,Tier 3 (Weak)
Tunisia,England,0.0008,1777.0,2083.0,-306.0,1,0,BWh,Cfb,Arid,Temperate,1,Tunisia,England,0.9,0.5,19.8,0.0,0.0,Tier 3 (Weak)
Algeria,France,0.0008,1885.0,2160.0,-275.0,1,0,BWh,Cfb,Arid,Temperate,1,Algeria,France,0.9,0.5,19.8,0.0,0.0,Tier 3 (Weak)
Argentina,Czech Republic,0.0008,2190.0,1837.0,353.0,1,0,Cfa,Dfb,Temperate,Continental,1,Argentina,Czech Republic,0.5,0.2,19.8,0.0,0.0,Tier 3 (Weak)
Portugal,Switzerland,0.0008,2049.0,1990.0,59.0,1,0,Csa,Cfb,Temperate,Temperate,1,Portugal,Switzerland,0.5,0.5,19.8,0.0,0.0,Tier 3 (Weak)
Uzbekistan,Germany,0.0008,1823.0,2032.0,-209.0,1,0,BWk,Cfb,Arid,Temperate,1,Uzbekistan,Germany,0.4,0.5,19.8,0.0,0.0,Tier 3 (Weak)
DR Congo,France,0.0008,1774.0,2160.0,-386.0,1,0,Am,Cfb,Tropical,Temperate,1,DR Congo,France,1.0,0.5,28.5,0.5089,0.0163,Tier 3 (Weak)
Algeria,Switzerland,0.0008,1885.0,1990.0,-105.0,1,0,BWh,Cfb,Arid,Temperate,1,Algeria,Switzerland,0.9,0.5,28.5,0.4071,0.013,Tier 3 (Weak)
Iran,Germany,0.0008,1893.0,2032.0,-139.0,1,0,BWh,Cfb,Arid,Temperate,1,Iran,Germany,0.9,0.5,28.5,0.4071,0.013,Tier 3 (Weak)
Tunisia,France,0.0008,1777.0,2160.0,-383.0,1,0,BWh,Cfb,Arid,Temperate,1,Tunisia,France,0.9,0.5,28.5,0.4071,0.013,Tier 3 (Weak)
Brazil,Norway,0.0008,2081.0,1994.0,87.0,1,0,Am,Dfc,Tropical,Continental,1,Brazil,Norway,1.0,0.2,28.5,0.8143,0.0261,Tier 3 (Weak)
Ecuador,Switzerland,0.0008,2033.0,1990.0,43.0,1,0,Af,Cfb,Tropical,Temperate,1,Ecuador,Switzerland,1.0,0.5,28.5,0.5089,0.0163,Tier 3 (Weak)
United States,Germany,0.0008,1832.0,2032.0,-200.0,1,0,Cfa,Cfb,Temperate,Temperate,1,United States,Germany,0.5,0.5,28.5,0.0,0.0,Tier 3 (Weak)
Paraguay,Canada,0.0008,1937.0,1903.0,34.0,1,0,Cfa,Dfc,Temperate,Continental,1,Paraguay,Canada,0.5,0.2,28.5,0.3054,0.0098,Tier 3 (Weak)
Morocco,Norway,0.0008,1988.0,1994.0,-6.0,1,0,Csa,Dfc,Temperate,Continental,1,Morocco,Norway,0.5,0.2,28.5,0.3054,0.0098,Tier 3 (Weak)
Jordan,France,0.0008,1766.0,2160.0,-394.0,1,0,BWh,Cfb,Arid,Temperate,1,Jordan,France,0.9,0.5,25.4,0.3629,0.0116,Tier 3 (Weak)
Australia,Netherlands,0.0008,1891.0,2006.0,-115.0,1,0,BWh,Cfb,Arid,Temperate,1,Australia,Netherlands,0.9,0.5,25.4,0.3629,0.0116,Tier 3 (Weak)
Iran,Netherlands,0.0008,1893.0,2006.0,-113.0,1,0,BWh,Cfb,Arid,Temperate,1,Iran,Netherlands,0.9,0.5,25.4,0.3629,0.0116,Tier 3 (Weak)
Egypt,Norway,0.0008,1818.0,1994.0,-176.0,1,0,BWh,Dfc,Arid,Continental,1,Egypt,Norway,0.9,0.2,25.4,0.635,0.0203,Tier 3 (Weak)
Tunisia,Switzerland,0.0008,1777.0,1990.0,-213.0,1,0,BWh,Cfb,Arid,Temperate,1,Tunisia,Switzerland,0.9,0.5,25.4,0.3629,0.0116,Tier 3 (Weak)
Turkey,Croatia,0.0008,1998.0,1979.0,19.0,1,0,Csa,Cfb,Temperate,Temperate,1,Turkey,Croatia,0.5,0.5,25.4,0.0,0.0,Tier 3 (Weak)
Mexico,Austria,0.0008,1957.0,1929.0,28.0,1,0,BSh,Dfb,Arid,Continental,1,Mexico,Austria,0.9,0.2,25.4,0.635,0.0203,Tier 3 (Weak)
Ecuador,Austria,0.0008,2033.0,1929.0,104.0,1,0,Af,Dfb,Tropical,Continental,1,Ecuador,Austria,1.0,0.2,25.4,0.7257,0.0232,Tier 3 (Weak)
Algeria,Germany,0.0008,1885.0,2032.0,-147.0,1,0,BWh,Cfb,Arid,Temperate,1,Algeria,Germany,0.9,0.5,25.4,0.3629,0.0116,Tier 3 (Weak)
Morocco,Canada,0.0008,1988.0,1903.0,85.0,1,0,Csa,Dfc,Temperate,Continental,1,Morocco,Canada,0.5,0.2,25.4,0.2721,0.0087,Tier 3 (Weak)
Turkey,Czech Republic,0.0008,1998.0,1837.0,161.0,1,0,Csa,Dfb,Temperate,Continental,1,Turkey,Czech Republic,0.5,0.2,28.0,0.3,0.0096,Tier 3 (Weak)
Australia,Netherlands,0.0008,1891.0,2006.0,-115.0,1,0,BWh,Cfb,Arid,Temperate,1,Australia,Netherlands,0.9,0.5,28.0,0.4,0.0128,Tier 3 (Weak)
Morocco,Scotland,0.0008,1988.0,1857.0,131.0,1,0,Csa,Cfb,Temperate,Temperate,1,Morocco,Scotland,0.5,0.5,28.0,0.0,0.0,Tier 3 (Weak)
Jordan,France,0.0008,1766.0,2160.0,-394.0,1,0,BWh,Cfb,Arid,Temperate,1,Jordan,France,0.9,0.5,28.0,0.4,0.0128,Tier 3 (Weak)
Panama,Netherlands,0.0008,1831.0,2006.0,-175.0,1,0,Am,Cfb,Tropical,Temperate,1,Panama,Netherlands,1.0,0.5,28.0,0.5,0.016,Tier 3 (Weak)
Brazil,Sweden,0.0008,2081.0,1793.0,288.0,1,0,Am,Dfc,Tropical,Continental,1,Brazil,Sweden,1.0,0.2,28.0,0.8,0.0256,Tier 3 (Weak)
Turkey,Scotland,0.0008,1998.0,1857.0,141.0,1,0,Csa,Cfb,Temperate,Temperate,1,Turkey,Scotland,0.5,0.5,28.0,0.0,0.0,Tier 3 (Weak)
Ecuador,Sweden,0.0008,2033.0,1793.0,240.0,1,0,Af,Dfc,Tropical,Continental,1,Ecuador,Sweden,1.0,0.2,28.0,0.8,0.0256,Tier 3 (Weak)
Paraguay,Belgium,0.0008,1937.0,2002.0,-65.0,1,0,Cfa,Cfb,Temperate,Temperate,1,Paraguay,Belgium,0.5,0.5,28.0,0.0,0.0,Tier 3 (Weak)
Algeria,Germany,0.0008,1885.0,2032.0,-147.0,1,0,BWh,Cfb,Arid,Temperate,1,Algeria,Germany,0.9,0.5,28.0,0.4,0.0128,Tier 3 (Weak)
Senegal,South Korea,0.0008,1933.0,1895.0,38.0,1,0,BSh,Dwa,Arid,Continental,1,Senegal,South Korea,0.9,0.2,28.0,0.7,0.0224,Tier 3 (Weak)
United States,Netherlands,0.0008,1832.0,2006.0,-174.0,1,0,Cfa,Cfb,Temperate,Temperate,1,United States,Netherlands,0.5,0.5,28.0,0.0,0.0,Tier 3 (Weak)
Mexico,Austria,0.0008,1957.0,1929.0,28.0,1,0,BSh,Dfb,Arid,Continental,1,Mexico,Austria,0.9,0.2,28.0,0.7,0.0224,Tier 3 (Weak)
Senegal,Croatia,0.0008,1933.0,1979.0,-46.0,1,0,BSh,Cfb,Arid,Temperate,1,Senegal,Croatia,0.9,0.5,28.0,0.4,0.0128,Tier 3 (Weak)
Panama,Norway,0.0008,1831.0,1994.0,-163.0,1,0,Am,Dfc,Tropical,Continental,1,Panama,Norway,1.0,0.2,28.0,0.8,0.0256,Tier 3 (Weak)
Japan,Czech Republic,0.0008,2008.0,1837.0,171.0,1,0,Cfa,Dfb,Temperate,Continental,1,Japan,Czech Republic,0.5,0.2,28.0,0.3,0.0096,Tier 3 (Weak)
Australia,Belgium,0.0008,1891.0,2002.0,-111.0,1,0,BWh,Cfb,Arid,Temperate,1,Australia,Belgium,0.9,0.5,28.0,0.4,0.0128,Tier 3 (Weak)
Ivory Coast,Canada,0.0008,1836.0,1903.0,-67.0,1,0,Aw,Dfc,Tropical,Continental,1,Ivory Coast,Canada,1.0,0.2,28.0,0.8,0.0256,Tier 3 (Weak)
Senegal,Scotland,0.0008,1933.0,1857.0,76.0,1,0,BSh,Cfb,Arid,Temperate,1,Senegal,Scotland,0.9,0.5,28.0,0.4,0.0128,Tier 3 (Weak)
Morocco,Austria,0.0008,1988.0,1929.0,59.0,1,0,Csa,Dfb,Temperate,Continental,1,Morocco,Austria,0.5,0.2,28.0,0.3,0.0096,Tier 3 (Weak)
Ivory Coast,Germany,0.0008,1836.0,2032.0,-196.0,1,0,Aw,Cfb,Tropical,Temperate,1,Ivory Coast,Germany,1.0,0.5,22.5,0.4018,0.0129,Tier 3 (Weak)
Paraguay,Belgium,0.0008,1937.0,2002.0,-65.0,1,0,Cfa,Cfb,Temperate,Temperate,1,Paraguay,Belgium,0.5,0.5,22.5,0.0,0.0,Tier 3 (Weak)
Colombia,Czech Republic,0.0008,2083.0,1837.0,246.0,1,0,Af,Dfb,Tropical,Continental,1,Colombia,Czech Republic,1.0,0.2,22.5,0.6429,0.0206,Tier 3 (Weak)
Australia,England,0.0008,1891.0,2083.0,-192.0,1,0,BWh,Cfb,Arid,Temperate,1,Australia,England,0.9,0.5,22.5,0.3214,0.0103,Tier 3 (Weak)
Turkey,Croatia,0.0008,1998.0,1979.0,19.0,1,0,Csa,Cfb,Temperate,Temperate,1,Turkey,Croatia,0.5,0.5,22.5,0.0,0.0,Tier 3 (Weak)
Ecuador,Scotland,0.0008,2033.0,1857.0,176.0,1,0,Af,Cfb,Tropical,Temperate,1,Ecuador,Scotland,1.0,0.5,22.5,0.4018,0.0129,Tier 3 (Weak)
Japan,Croatia,0.0008,2008.0,1979.0,29.0,1,0,Cfa,Cfb,Temperate,Temperate,1,Japan,Croatia,0.5,0.5,22.5,0.0,0.0,Tier 3 (Weak)
Senegal,Norway,0.0008,1933.0,1994.0,-61.0,1,0,BSh,Dfc,Arid,Continental,1,Senegal,Norway,0.9,0.2,22.5,0.5625,0.018,Tier 3 (Weak)
Egypt,France,0.0008,1818.0,2160.0,-342.0,1,0,BWh,Cfb,Arid,Temperate,1,Egypt,France,0.9,0.5,22.5,0.3214,0.0103,Tier 3 (Weak)
Mexico,Norway,0.0008,1957.0,1994.0,-37.0,1,0,BSh,Dfc,Arid,Continental,1,Mexico,Norway,0.9,0.2,22.5,0.5625,0.018,Tier 3 (Weak)
Japan,Canada,0.0008,2008.0,1903.0,105.0,1,0,Cfa,Dfc,Temperate,Continental,1,Japan,Canada,0.5,0.2,22.5,0.2411,0.0077,Tier 3 (Weak)
Morocco,Belgium,0.0008,1988.0,2002.0,-14.0,1,0,Csa,Cfb,Temperate,Temperate,1,Morocco,Belgium,0.5,0.5,22.5,0.0,0.0,Tier 3 (Weak)
Curaçao,Canada,0.0007,1595.0,1903.0,-308.0,1,0,BSh,Dfc,Arid,Continental,1,Curaçao,Canada,0.9,0.2,28.3,0.7075,0.0226,Tier 3 (Weak)
Curaçao,Bosnia and Herzegovina,0.0007,1595.0,1653.0,-58.0,1,0,BSh,Cfb,Arid,Temperate,1,Curaçao,Bosnia and Herzegovina,0.9,0.5,28.3,0.4043,0.0129,Tier 3 (Weak)
Curaçao,Sweden,0.0007,1595.0,1793.0,-198.0,1,0,BSh,Dfc,Arid,Continental,1,Curaçao,Sweden,0.9,0.2,28.3,0.7075,0.0226,Tier 3 (Weak)
Ghana,France,0.0007,1662.0,2160.0,-498.0,1,0,Aw,Cfb,Tropical,Temperate,1,Ghana,France,1.0,0.5,25.4,0.4536,0.0145,Tier 3 (Weak)
Ivory Coast,New Zealand,0.0007,1836.0,1710.0,126.0,1,0,Aw,Cfb,Tropical,Temperate,1,Ivory Coast,New Zealand,1.0,0.5,23.0,0.4107,0.0131,Tier 3 (Weak)
Iran,Czech Republic,0.0007,1893.0,1837.0,56.0,1,0,BWh,Dfb,Arid,Continental,1,Iran,Czech Republic,0.9,0.2,23.0,0.575,0.0184,Tier 3 (Weak)
Morocco,Czech Republic,0.0007,1988.0,1837.0,151.0,1,0,Csa,Dfb,Temperate,Continental,1,Morocco,Czech Republic,0.5,0.2,23.0,0.2464,0.0079,Tier 3 (Weak)
Senegal,Sweden,0.0007,1933.0,1793.0,140.0,1,0,BSh,Dfc,Arid,Continental,1,Senegal,Sweden,0.9,0.2,23.0,0.575,0.0184,Tier 3 (Weak)
Ivory Coast,Belgium,0.0007,1836.0,2002.0,-166.0,1,0,Aw,Cfb,Tropical,Temperate,1,Ivory Coast,Belgium,1.0,0.5,23.0,0.4107,0.0131,Tier 3 (Weak)
Japan,England,0.0007,2008.0,2083.0,-75.0,1,0,Cfa,Cfb,Temperate,Temperate,1,Japan,England,0.5,0.5,15.2,0.0,0.0,Tier 3 (Weak)
United States,New Zealand,0.0007,1832.0,1710.0,122.0,1,0,Cfa,Cfb,Temperate,Temperate,1,United States,New Zealand,0.5,0.5,15.2,0.0,0.0,Tier 3 (Weak)
Australia,New Zealand,0.0007,1891.0,1710.0,181.0,1,0,BWh,Cfb,Arid,Temperate,1,Australia,New Zealand,0.9,0.5,15.2,0.0,0.0,Tier 3 (Weak)
United States,Belgium,0.0007,1832.0,2002.0,-170.0,1,0,Cfa,Cfb,Temperate,Temperate,1,United States,Belgium,0.5,0.5,15.2,0.0,0.0,Tier 3 (Weak)
Panama,Belgium,0.0007,1831.0,2002.0,-171.0,1,0,Am,Cfb,Tropical,Temperate,1,Panama,Belgium,1.0,0.5,15.2,0.0,0.0,Tier 3 (Weak)
Panama,Netherlands,0.0007,1831.0,2006.0,-175.0,1,0,Am,Cfb,Tropical,Temperate,1,Panama,Netherlands,1.0,0.5,15.2,0.0,0.0,Tier 3 (Weak)
Cape Verde,Croatia,0.0007,1660.0,1979.0,-319.0,1,0,BWh,Cfb,Arid,Temperate,1,Cape Verde,Croatia,0.9,0.5,28.5,0.4071,0.013,Tier 3 (Weak)
Saudi Arabia,England,0.0007,1692.0,2083.0,-391.0,1,0,BWh,Cfb,Arid,Temperate,1,Saudi Arabia,England,0.9,0.5,28.5,0.4071,0.013,Tier 3 (Weak)
DR Congo,Netherlands,0.0007,1774.0,2006.0,-232.0,1,0,Am,Cfb,Tropical,Temperate,1,DR Congo,Netherlands,1.0,0.5,17.6,0.0,0.0,Tier 3 (Weak)
Ivory Coast,Netherlands,0.0007,1836.0,2006.0,-170.0,1,0,Aw,Cfb,Tropical,Temperate,1,Ivory Coast,Netherlands,1.0,0.5,17.6,0.0,0.0,Tier 3 (Weak)
Brazil,Austria,0.0007,2081.0,1929.0,152.0,1,0,Am,Dfb,Tropical,Continental,1,Brazil,Austria,1.0,0.2,17.6,0.0,0.0,Tier 3 (Weak)
Senegal,Netherlands,0.0007,1933.0,2006.0,-73.0,1,0,BSh,Cfb,Arid,Temperate,1,Senegal,Netherlands,0.9,0.5,17.6,0.0,0.0,Tier 3 (Weak)
Algeria,Sweden,0.0007,1885.0,1793.0,92.0,1,0,BWh,Dfc,Arid,Continental,1,Algeria,Sweden,0.9,0.2,17.6,0.0,0.0,Tier 3 (Weak)
DR Congo,Sweden,0.0007,1774.0,1793.0,-19.0,1,0,Am,Dfc,Tropical,Continental,1,DR Congo,Sweden,1.0,0.2,17.6,0.0,0.0,Tier 3 (Weak)
Japan,Norway,0.0007,2008.0,1994.0,14.0,1,0,Cfa,Dfc,Temperate,Continental,1,Japan,Norway,0.5,0.2,17.6,0.0,0.0,Tier 3 (Weak)
Jordan,Netherlands,0.0007,1766.0,2006.0,-240.0,1,0,BWh,Cfb,Arid,Temperate,1,Jordan,Netherlands,0.9,0.5,17.6,0.0,0.0,Tier 3 (Weak)
South Africa,Netherlands,0.0007,1673.0,2006.0,-333.0,1,0,BSh,Cfb,Arid,Temperate,1,South Africa,Netherlands,0.9,0.5,17.1,0.0,0.0,Tier 3 (Weak)
Egypt,France,0.0007,1818.0,2160.0,-342.0,1,0,BWh,Cfb,Arid,Temperate,1,Egypt,France,0.9,0.5,17.1,0.0,0.0,Tier 3 (Weak)
Senegal,Netherlands,0.0007,1933.0,2006.0,-73.0,1,0,BSh,Cfb,Arid,Temperate,1,Senegal,Netherlands,0.9,0.5,17.1,0.0,0.0,Tier 3 (Weak)
Ecuador,South Korea,0.0007,2033.0,1895.0,138.0,1,0,Af,Dwa,Tropical,Continental,1,Ecuador,South Korea,1.0,0.2,17.1,0.0,0.0,Tier 3 (Weak)
Senegal,Sweden,0.0007,1933.0,1793.0,140.0,1,0,BSh,Dfc,Arid,Continental,1,Senegal,Sweden,0.9,0.2,17.1,0.0,0.0,Tier 3 (Weak)
Mexico,Austria,0.0007,1957.0,1929.0,28.0,1,0,BSh,Dfb,Arid,Continental,1,Mexico,Austria,0.9,0.2,17.1,0.0,0.0,Tier 3 (Weak)
Japan,Germany,0.0007,2008.0,2032.0,-24.0,1,0,Cfa,Cfb,Temperate,Temperate,1,Japan,Germany,0.5,0.5,17.1,0.0,0.0,Tier 3 (Weak)
Mexico,Switzerland,0.0007,1957.0,1990.0,-33.0,1,0,BSh,Cfb,Arid,Temperate,1,Mexico,Switzerland,0.9,0.5,17.1,0.0,0.0,Tier 3 (Weak)
Ecuador,Czech Republic,0.0007,2033.0,1837.0,196.0,1,0,Af,Dfb,Tropical,Continental,1,Ecuador,Czech Republic,1.0,0.2,17.1,0.0,0.0,Tier 3 (Weak)
Qatar,Czech Republic,0.0007,1552.0,1837.0,-285.0,1,0,BWh,Dfb,Arid,Continental,1,Qatar,Czech Republic,0.9,0.2,17.1,0.0,0.0,Tier 3 (Weak)
South Africa,Canada,0.0007,1673.0,1903.0,-230.0,1,0,BSh,Dfc,Arid,Continental,1,South Africa,Canada,0.9,0.2,17.1,0.0,0.0,Tier 3 (Weak)
Saudi Arabia,Canada,0.0007,1692.0,1903.0,-211.0,1,0,BWh,Dfc,Arid,Continental,1,Saudi Arabia,Canada,0.9,0.2,24.2,0.605,0.0194,Tier 3 (Weak)
Jordan,Belgium,0.0007,1766.0,2002.0,-236.0,1,0,BWh,Cfb,Arid,Temperate,1,Jordan,Belgium,0.9,0.5,24.2,0.3457,0.0111,Tier 3 (Weak)
Iran,France,0.0007,1893.0,2160.0,-267.0,1,0,BWh,Cfb,Arid,Temperate,1,Iran,France,0.9,0.5,24.2,0.3457,0.0111,Tier 3 (Weak)
Turkey,Netherlands,0.0007,1998.0,2006.0,-8.0,1,0,Csa,Cfb,Temperate,Temperate,1,Turkey,Netherlands,0.5,0.5,24.2,0.0,0.0,Tier 3 (Weak)
Iran,New Zealand,0.0007,1893.0,1710.0,183.0,1,0,BWh,Cfb,Arid,Temperate,1,Iran,New Zealand,0.9,0.5,24.2,0.3457,0.0111,Tier 3 (Weak)
Paraguay,Croatia,0.0007,1937.0,1979.0,-42.0,1,0,Cfa,Cfb,Temperate,Temperate,1,Paraguay,Croatia,0.5,0.5,24.2,0.0,0.0,Tier 3 (Weak)
Jordan,Canada,0.0007,1766.0,1903.0,-137.0,1,0,BWh,Dfc,Arid,Continental,1,Jordan,Canada,0.9,0.2,24.2,0.605,0.0194,Tier 3 (Weak)
Turkey,England,0.0007,1998.0,2083.0,-85.0,1,0,Csa,Cfb,Temperate,Temperate,1,Turkey,England,0.5,0.5,24.2,0.0,0.0,Tier 3 (Weak)
Egypt,Austria,0.0007,1818.0,1929.0,-111.0,1,0,BWh,Dfb,Arid,Continental,1,Egypt,Austria,0.9,0.2,24.2,0.605,0.0194,Tier 3 (Weak)
Egypt,Norway,0.0007,1818.0,1994.0,-176.0,1,0,BWh,Dfc,Arid,Continental,1,Egypt,Norway,0.9,0.2,24.2,0.605,0.0194,Tier 3 (Weak)
Turkey,New Zealand,0.0007,1998.0,1710.0,288.0,1,0,Csa,Cfb,Temperate,Temperate,1,Turkey,New Zealand,0.5,0.5,24.2,0.0,0.0,Tier 3 (Weak)
United States,France,0.0007,1832.0,2160.0,-328.0,1,0,Cfa,Cfb,Temperate,Temperate,1,United States,France,0.5,0.5,24.2,0.0,0.0,Tier 3 (Weak)
Australia,Austria,0.0007,1891.0,1929.0,-38.0,1,0,BWh,Dfb,Arid,Continental,1,Australia,Austria,0.9,0.2,24.2,0.605,0.0194,Tier 3 (Weak)
Uruguay,Canada,0.0007,1986.0,1903.0,83.0,1,0,Cfa,Dfc,Temperate,Continental,1,Uruguay,Canada,0.5,0.2,20.3,0.0,0.0,Tier 3 (Weak)
Japan,Belgium,0.0007,2008.0,2002.0,6.0,1,0,Cfa,Cfb,Temperate,Temperate,1,Japan,Belgium,0.5,0.5,20.3,0.0,0.0,Tier 3 (Weak)
Iran,Czech Republic,0.0007,1893.0,1837.0,56.0,1,0,BWh,Dfb,Arid,Continental,1,Iran,Czech Republic,0.9,0.2,20.3,0.0,0.0,Tier 3 (Weak)
Mexico,Belgium,0.0007,1957.0,2002.0,-45.0,1,0,BSh,Cfb,Arid,Temperate,1,Mexico,Belgium,0.9,0.5,20.3,0.0,0.0,Tier 3 (Weak)
Qatar,Norway,0.0007,1552.0,1994.0,-442.0,1,0,BWh,Dfc,Arid,Continental,1,Qatar,Norway,0.9,0.2,20.3,0.0,0.0,Tier 3 (Weak)
South Africa,France,0.0007,1673.0,2160.0,-487.0,1,0,BSh,Cfb,Arid,Temperate,1,South Africa,France,0.9,0.5,28.0,0.4,0.0128,Tier 3 (Weak)
Tunisia,Scotland,0.0007,1777.0,1857.0,-80.0,1,0,BWh,Cfb,Arid,Temperate,1,Tunisia,Scotland,0.9,0.5,28.0,0.4,0.0128,Tier 3 (Weak)
Cape Verde,Norway,0.0007,1660.0,1994.0,-334.0,1,0,BWh,Dfc,Arid,Continental,1,Cape Verde,Norway,0.9,0.2,28.0,0.7,0.0224,Tier 3 (Weak)
South Africa,Germany,0.0007,1673.0,2032.0,-359.0,1,0,BSh,Cfb,Arid,Temperate,1,South Africa,Germany,0.9,0.5,28.0,0.4,0.0128,Tier 3 (Weak)
Jordan,Norway,0.0007,1766.0,1994.0,-228.0,1,0,BWh,Dfc,Arid,Continental,1,Jordan,Norway,0.9,0.2,28.0,0.7,0.0224,Tier 3 (Weak)
Algeria,Netherlands,0.0007,1885.0,2006.0,-121.0,1,0,BWh,Cfb,Arid,Temperate,1,Algeria,Netherlands,0.9,0.5,28.0,0.4,0.0128,Tier 3 (Weak)
Iraq,Netherlands,0.0007,1727.0,2006.0,-279.0,1,0,BWh,Cfb,Arid,Temperate,1,Iraq,Netherlands,0.9,0.5,28.0,0.4,0.0128,Tier 3 (Weak)
Mexico,Austria,0.0007,1957.0,1929.0,28.0,1,0,BSh,Dfb,Arid,Continental,1,Mexico,Austria,0.9,0.2,19.8,0.0,0.0,Tier 3 (Weak)
Iraq,England,0.0007,1727.0,2083.0,-356.0,1,0,BWh,Cfb,Arid,Temperate,1,Iraq,England,0.9,0.5,19.8,0.0,0.0,Tier 3 (Weak)
Colombia,Sweden,0.0007,2083.0,1793.0,290.0,1,0,Af,Dfc,Tropical,Continental,1,Colombia,Sweden,1.0,0.2,19.8,0.0,0.0,Tier 3 (Weak)
Egypt,Austria,0.0007,1818.0,1929.0,-111.0,1,0,BWh,Dfb,Arid,Continental,1,Egypt,Austria,0.9,0.2,19.8,0.0,0.0,Tier 3 (Weak)
Argentina,Croatia,0.0007,2190.0,1979.0,211.0,1,0,Cfa,Cfb,Temperate,Temperate,1,Argentina,Croatia,0.5,0.5,19.8,0.0,0.0,Tier 3 (Weak)
Uruguay,Switzerland,0.0007,1986.0,1990.0,-4.0,1,0,Cfa,Cfb,Temperate,Temperate,1,Uruguay,Switzerland,0.5,0.5,19.8,0.0,0.0,Tier 3 (Weak)
Jordan,Germany,0.0007,1766.0,2032.0,-266.0,1,0,BWh,Cfb,Arid,Temperate,1,Jordan,Germany,0.9,0.5,19.8,0.0,0.0,Tier 3 (Weak)
Japan,Austria,0.0007,2008.0,1929.0,79.0,1,0,Cfa,Dfb,Temperate,Continental,1,Japan,Austria,0.5,0.2,19.8,0.0,0.0,Tier 3 (Weak)
Panama,New Zealand,0.0007,1831.0,1710.0,121.0,1,0,Am,Cfb,Tropical,Temperate,1,Panama,New Zealand,1.0,0.5,19.8,0.0,0.0,Tier 3 (Weak)
Algeria,South Korea,0.0007,1885.0,1895.0,-10.0,1,0,BWh,Dwa,Arid,Continental,1,Algeria,South Korea,0.9,0.2,28.5,0.7125,0.0228,Tier 3 (Weak)
Algeria,Scotland,0.0007,1885.0,1857.0,28.0,1,0,BWh,Cfb,Arid,Temperate,1,Algeria,Scotland,0.9,0.5,28.5,0.4071,0.013,Tier 3 (Weak)
Mexico,Netherlands,0.0007,1957.0,2006.0,-49.0,1,0,BSh,Cfb,Arid,Temperate,1,Mexico,Netherlands,0.9,0.5,28.5,0.4071,0.013,Tier 3 (Weak)
Jordan,Germany,0.0007,1766.0,2032.0,-266.0,1,0,BWh,Cfb,Arid,Temperate,1,Jordan,Germany,0.9,0.5,28.5,0.4071,0.013,Tier 3 (Weak)
Australia,Norway,0.0007,1891.0,1994.0,-103.0,1,0,BWh,Dfc,Arid,Continental,1,Australia,Norway,0.9,0.2,28.5,0.7125,0.0228,Tier 3 (Weak)
Iran,Switzerland,0.0007,1893.0,1990.0,-97.0,1,0,BWh,Cfb,Arid,Temperate,1,Iran,Switzerland,0.9,0.5,28.5,0.4071,0.013,Tier 3 (Weak)
Paraguay,Scotland,0.0007,1937.0,1857.0,80.0,1,0,Cfa,Cfb,Temperate,Temperate,1,Paraguay,Scotland,0.5,0.5,28.5,0.0,0.0,Tier 3 (Weak)
Panama,Canada,0.0007,1831.0,1903.0,-72.0,1,0,Am,Dfc,Tropical,Continental,1,Panama,Canada,1.0,0.2,28.5,0.8143,0.0261,Tier 3 (Weak)
Uzbekistan,Netherlands,0.0007,1823.0,2006.0,-183.0,1,0,BWk,Cfb,Arid,Temperate,1,Uzbekistan,Netherlands,0.4,0.5,28.5,0.0,0.0,Tier 3 (Weak)
Ecuador,Czech Republic,0.0007,2033.0,1837.0,196.0,1,0,Af,Dfb,Tropical,Continental,1,Ecuador,Czech Republic,1.0,0.2,28.5,0.8143,0.0261,Tier 3 (Weak)
Egypt,Netherlands,0.0007,1818.0,2006.0,-188.0,1,0,BWh,Cfb,Arid,Temperate,1,Egypt,Netherlands,0.9,0.5,28.5,0.4071,0.013,Tier 3 (Weak)
Senegal,Belgium,0.0007,1933.0,2002.0,-69.0,1,0,BSh,Cfb,Arid,Temperate,1,Senegal,Belgium,0.9,0.5,28.5,0.4071,0.013,Tier 3 (Weak)
Spain,Austria,0.0007,2216.0,1929.0,287.0,1,0,Csa,Dfb,Temperate,Continental,1,Spain,Austria,0.5,0.2,25.4,0.2721,0.0087,Tier 3 (Weak)
Turkey,Scotland,0.0007,1998.0,1857.0,141.0,1,0,Csa,Cfb,Temperate,Temperate,1,Turkey,Scotland,0.5,0.5,25.4,0.0,0.0,Tier 3 (Weak)
Ivory Coast,Canada,0.0007,1836.0,1903.0,-67.0,1,0,Aw,Dfc,Tropical,Continental,1,Ivory Coast,Canada,1.0,0.2,25.4,0.7257,0.0232,Tier 3 (Weak)
Japan,Norway,0.0007,2008.0,1994.0,14.0,1,0,Cfa,Dfc,Temperate,Continental,1,Japan,Norway,0.5,0.2,25.4,0.2721,0.0087,Tier 3 (Weak)
United States,Netherlands,0.0007,1832.0,2006.0,-174.0,1,0,Cfa,Cfb,Temperate,Temperate,1,United States,Netherlands,0.5,0.5,25.4,0.0,0.0,Tier 3 (Weak)
Japan,Austria,0.0007,2008.0,1929.0,79.0,1,0,Cfa,Dfb,Temperate,Continental,1,Japan,Austria,0.5,0.2,25.4,0.2721,0.0087,Tier 3 (Weak)
Brazil,England,0.0007,2081.0,2083.0,-2.0,1,0,Am,Cfb,Tropical,Temperate,1,Brazil,England,1.0,0.5,25.4,0.4536,0.0145,Tier 3 (Weak)
Uruguay,South Korea,0.0007,1986.0,1895.0,91.0,1,0,Cfa,Dwa,Temperate,Continental,1,Uruguay,South Korea,0.5,0.2,25.4,0.2721,0.0087,Tier 3 (Weak)
Uruguay,Czech Republic,0.0007,1986.0,1837.0,149.0,1,0,Cfa,Dfb,Temperate,Continental,1,Uruguay,Czech Republic,0.5,0.2,25.4,0.2721,0.0087,Tier 3 (Weak)
Japan,Austria,0.0007,2008.0,1929.0,79.0,1,0,Cfa,Dfb,Temperate,Continental,1,Japan,Austria,0.5,0.2,28.0,0.3,0.0096,Tier 3 (Weak)
Portugal,Austria,0.0007,2049.0,1929.0,120.0,1,0,Csa,Dfb,Temperate,Continental,1,Portugal,Austria,0.5,0.2,28.0,0.3,0.0096,Tier 3 (Weak)
Tunisia,Belgium,0.0007,1777.0,2002.0,-225.0,1,0,BWh,Cfb,Arid,Temperate,1,Tunisia,Belgium,0.9,0.5,28.0,0.4,0.0128,Tier 3 (Weak)
Australia,Switzerland,0.0007,1891.0,1990.0,-99.0,1,0,BWh,Cfb,Arid,Temperate,1,Australia,Switzerland,0.9,0.5,28.0,0.4,0.0128,Tier 3 (Weak)
Egypt,Germany,0.0007,1818.0,2032.0,-214.0,1,0,BWh,Cfb,Arid,Temperate,1,Egypt,Germany,0.9,0.5,28.0,0.4,0.0128,Tier 3 (Weak)
United States,Belgium,0.0007,1832.0,2002.0,-170.0,1,0,Cfa,Cfb,Temperate,Temperate,1,United States,Belgium,0.5,0.5,28.0,0.0,0.0,Tier 3 (Weak)
Morocco,Czech Republic,0.0007,1988.0,1837.0,151.0,1,0,Csa,Dfb,Temperate,Continental,1,Morocco,Czech Republic,0.5,0.2,28.0,0.3,0.0096,Tier 3 (Weak)
Tunisia,Norway,0.0007,1777.0,1994.0,-217.0,1,0,BWh,Dfc,Arid,Continental,1,Tunisia,Norway,0.9,0.2,28.0,0.7,0.0224,Tier 3 (Weak)
United States,Switzerland,0.0007,1832.0,1990.0,-158.0,1,0,Cfa,Cfb,Temperate,Temperate,1,United States,Switzerland,0.5,0.5,28.0,0.0,0.0,Tier 3 (Weak)
Panama,Belgium,0.0007,1831.0,2002.0,-171.0,1,0,Am,Cfb,Tropical,Temperate,1,Panama,Belgium,1.0,0.5,28.0,0.5,0.016,Tier 3 (Weak)
Iraq,France,0.0007,1727.0,2160.0,-433.0,1,0,BWh,Cfb,Arid,Temperate,1,Iraq,France,0.9,0.5,28.0,0.4,0.0128,Tier 3 (Weak)
Ivory Coast,Scotland,0.0007,1836.0,1857.0,-21.0,1,0,Aw,Cfb,Tropical,Temperate,1,Ivory Coast,Scotland,1.0,0.5,28.0,0.5,0.016,Tier 3 (Weak)
Paraguay,Canada,0.0007,1937.0,1903.0,34.0,1,0,Cfa,Dfc,Temperate,Continental,1,Paraguay,Canada,0.5,0.2,28.0,0.3,0.0096,Tier 3 (Weak)
Argentina,Sweden,0.0007,2190.0,1793.0,397.0,1,0,Cfa,Dfc,Temperate,Continental,1,Argentina,Sweden,0.5,0.2,28.0,0.3,0.0096,Tier 3 (Weak)
Algeria,Norway,0.0007,1885.0,1994.0,-109.0,1,0,BWh,Dfc,Arid,Continental,1,Algeria,Norway,0.9,0.2,28.0,0.7,0.0224,Tier 3 (Weak)
Tunisia,Switzerland,0.0007,1777.0,1990.0,-213.0,1,0,BWh,Cfb,Arid,Temperate,1,Tunisia,Switzerland,0.9,0.5,28.0,0.4,0.0128,Tier 3 (Weak)
Egypt,Belgium,0.0007,1818.0,2002.0,-184.0,1,0,BWh,Cfb,Arid,Temperate,1,Egypt,Belgium,0.9,0.5,28.0,0.4,0.0128,Tier 3 (Weak)
Jordan,Germany,0.0007,1766.0,2032.0,-266.0,1,0,BWh,Cfb,Arid,Temperate,1,Jordan,Germany,0.9,0.5,28.0,0.4,0.0128,Tier 3 (Weak)
Turkey,Canada,0.0007,1998.0,1903.0,95.0,1,0,Csa,Dfc,Temperate,Continental,1,Turkey,Canada,0.5,0.2,22.5,0.2411,0.0077,Tier 3 (Weak)
Paraguay,Netherlands,0.0007,1937.0,2006.0,-69.0,1,0,Cfa,Cfb,Temperate,Temperate,1,Paraguay,Netherlands,0.5,0.5,22.5,0.0,0.0,Tier 3 (Weak)
Brazil,Czech Republic,0.0007,2081.0,1837.0,244.0,1,0,Am,Dfb,Tropical,Continental,1,Brazil,Czech Republic,1.0,0.2,22.5,0.6429,0.0206,Tier 3 (Weak)
Jordan,France,0.0007,1766.0,2160.0,-394.0,1,0,BWh,Cfb,Arid,Temperate,1,Jordan,France,0.9,0.5,22.5,0.3214,0.0103,Tier 3 (Weak)
Tunisia,France,0.0007,1777.0,2160.0,-383.0,1,0,BWh,Cfb,Arid,Temperate,1,Tunisia,France,0.9,0.5,22.5,0.3214,0.0103,Tier 3 (Weak)
Portugal,Scotland,0.0007,2049.0,1857.0,192.0,1,0,Csa,Cfb,Temperate,Temperate,1,Portugal,Scotland,0.5,0.5,22.5,0.0,0.0,Tier 3 (Weak)
Mexico,Croatia,0.0007,1957.0,1979.0,-22.0,1,0,BSh,Cfb,Arid,Temperate,1,Mexico,Croatia,0.9,0.5,22.5,0.3214,0.0103,Tier 3 (Weak)
Morocco,Croatia,0.0007,1988.0,1979.0,9.0,1,0,Csa,Cfb,Temperate,Temperate,1,Morocco,Croatia,0.5,0.5,22.5,0.0,0.0,Tier 3 (Weak)
Australia,Germany,0.0007,1891.0,2032.0,-141.0,1,0,BWh,Cfb,Arid,Temperate,1,Australia,Germany,0.9,0.5,22.5,0.3214,0.0103,Tier 3 (Weak)
Argentina,Sweden,0.0007,2190.0,1793.0,397.0,1,0,Cfa,Dfc,Temperate,Continental,1,Argentina,Sweden,0.5,0.2,22.5,0.2411,0.0077,Tier 3 (Weak)
Iran,Belgium,0.0007,1893.0,2002.0,-109.0,1,0,BWh,Cfb,Arid,Temperate,1,Iran,Belgium,0.9,0.5,22.5,0.3214,0.0103,Tier 3 (Weak)
Ecuador,Austria,0.0007,2033.0,1929.0,104.0,1,0,Af,Dfb,Tropical,Continental,1,Ecuador,Austria,1.0,0.2,22.5,0.6429,0.0206,Tier 3 (Weak)
Paraguay,Norway,0.0007,1937.0,1994.0,-57.0,1,0,Cfa,Dfc,Temperate,Continental,1,Paraguay,Norway,0.5,0.2,22.5,0.2411,0.0077,Tier 3 (Weak)
Iran,England,0.0007,1893.0,2083.0,-190.0,1,0,BWh,Cfb,Arid,Temperate,1,Iran,England,0.9,0.5,22.5,0.3214,0.0103,Tier 3 (Weak)
Paraguay,Germany,0.0007,1937.0,2032.0,-95.0,1,0,Cfa,Cfb,Temperate,Temperate,1,Paraguay,Germany,0.5,0.5,22.5,0.0,0.0,Tier 3 (Weak)
Algeria,England,0.0007,1885.0,2083.0,-198.0,1,0,BWh,Cfb,Arid,Temperate,1,Algeria,England,0.9,0.5,22.5,0.3214,0.0103,Tier 3 (Weak)
Curaçao,Netherlands,0.0006,1595.0,2006.0,-411.0,1,0,BSh,Cfb,Arid,Temperate,1,Curaçao,Netherlands,0.9,0.5,28.3,0.4043,0.0129,Tier 3 (Weak)
Ivory Coast,Netherlands,0.0006,1836.0,2006.0,-170.0,1,0,Aw,Cfb,Tropical,Temperate,1,Ivory Coast,Netherlands,1.0,0.5,23.0,0.4107,0.0131,Tier 3 (Weak)
Paraguay,South Korea,0.0006,1937.0,1895.0,42.0,1,0,Cfa,Dwa,Temperate,Continental,1,Paraguay,South Korea,0.5,0.2,23.0,0.2464,0.0079,Tier 3 (Weak)
Egypt,South Korea,0.0006,1818.0,1895.0,-77.0,1,0,BWh,Dwa,Arid,Continental,1,Egypt,South Korea,0.9,0.2,23.0,0.575,0.0184,Tier 3 (Weak)
Senegal,Bosnia and Herzegovina,0.0006,1933.0,1653.0,280.0,1,0,BSh,Cfb,Arid,Temperate,1,Senegal,Bosnia and Herzegovina,0.9,0.5,23.0,0.3286,0.0105,Tier 3 (Weak)
Senegal,Netherlands,0.0006,1933.0,2006.0,-73.0,1,0,BSh,Cfb,Arid,Temperate,1,Senegal,Netherlands,0.9,0.5,23.0,0.3286,0.0105,Tier 3 (Weak)
Egypt,Czech Republic,0.0006,1818.0,1837.0,-19.0,1,0,BWh,Dfb,Arid,Continental,1,Egypt,Czech Republic,0.9,0.2,23.0,0.575,0.0184,Tier 3 (Weak)
Ivory Coast,Sweden,0.0006,1836.0,1793.0,43.0,1,0,Aw,Dfc,Tropical,Continental,1,Ivory Coast,Sweden,1.0,0.2,23.0,0.6571,0.021,Tier 3 (Weak)
Uzbekistan,Norway,0.0006,1823.0,1994.0,-171.0,1,0,BWk,Dfc,Arid,Continental,1,Uzbekistan,Norway,0.4,0.2,15.2,0.0,0.0,Tier 3 (Weak)
Uzbekistan,New Zealand,0.0006,1823.0,1710.0,113.0,1,0,BWk,Cfb,Arid,Temperate,1,Uzbekistan,New Zealand,0.4,0.5,15.2,0.0,0.0,Tier 3 (Weak)
Uzbekistan,Netherlands,0.0006,1823.0,2006.0,-183.0,1,0,BWk,Cfb,Arid,Temperate,1,Uzbekistan,Netherlands,0.4,0.5,15.2,0.0,0.0,Tier 3 (Weak)
Tunisia,England,0.0006,1777.0,2083.0,-306.0,1,0,BWh,Cfb,Arid,Temperate,1,Tunisia,England,0.9,0.5,15.2,0.0,0.0,Tier 3 (Weak)
Uzbekistan,Germany,0.0006,1823.0,2032.0,-209.0,1,0,BWk,Cfb,Arid,Temperate,1,Uzbekistan,Germany,0.4,0.5,15.2,0.0,0.0,Tier 3 (Weak)
Panama,Sweden,0.0006,1831.0,1793.0,38.0,1,0,Am,Dfc,Tropical,Continental,1,Panama,Sweden,1.0,0.2,15.2,0.0,0.0,Tier 3 (Weak)
Turkey,Belgium,0.0006,1998.0,2002.0,-4.0,1,0,Csa,Cfb,Temperate,Temperate,1,Turkey,Belgium,0.5,0.5,15.2,0.0,0.0,Tier 3 (Weak)
Iran,England,0.0006,1893.0,2083.0,-190.0,1,0,BWh,Cfb,Arid,Temperate,1,Iran,England,0.9,0.5,15.2,0.0,0.0,Tier 3 (Weak)
Uzbekistan,Belgium,0.0006,1823.0,2002.0,-179.0,1,0,BWk,Cfb,Arid,Temperate,1,Uzbekistan,Belgium,0.4,0.5,15.2,0.0,0.0,Tier 3 (Weak)
Panama,New Zealand,0.0006,1831.0,1710.0,121.0,1,0,Am,Cfb,Tropical,Temperate,1,Panama,New Zealand,1.0,0.5,15.2,0.0,0.0,Tier 3 (Weak)
Egypt,England,0.0006,1818.0,2083.0,-265.0,1,0,BWh,Cfb,Arid,Temperate,1,Egypt,England,0.9,0.5,15.2,0.0,0.0,Tier 3 (Weak)
Uzbekistan,Austria,0.0006,1823.0,1929.0,-106.0,1,0,BWk,Dfb,Arid,Continental,1,Uzbekistan,Austria,0.4,0.2,15.2,0.0,0.0,Tier 3 (Weak)
Cape Verde,England,0.0006,1660.0,2083.0,-423.0,1,0,BWh,Cfb,Arid,Temperate,1,Cape Verde,England,0.9,0.5,28.5,0.4071,0.013,Tier 3 (Weak)
Spain,South Korea,0.0006,2216.0,1895.0,321.0,1,0,Csa,Dwa,Temperate,Continental,1,Spain,South Korea,0.5,0.2,17.6,0.0,0.0,Tier 3 (Weak)
Argentina,Scotland,0.0006,2190.0,1857.0,333.0,1,0,Cfa,Cfb,Temperate,Temperate,1,Argentina,Scotland,0.5,0.5,17.6,0.0,0.0,Tier 3 (Weak)
Senegal,Austria,0.0006,1933.0,1929.0,4.0,1,0,BSh,Dfb,Arid,Continental,1,Senegal,Austria,0.9,0.2,17.6,0.0,0.0,Tier 3 (Weak)
Japan,Germany,0.0006,2008.0,2032.0,-24.0,1,0,Cfa,Cfb,Temperate,Temperate,1,Japan,Germany,0.5,0.5,17.6,0.0,0.0,Tier 3 (Weak)
Ivory Coast,Austria,0.0006,1836.0,1929.0,-93.0,1,0,Aw,Dfb,Tropical,Continental,1,Ivory Coast,Austria,1.0,0.2,17.6,0.0,0.0,Tier 3 (Weak)
Jordan,Sweden,0.0006,1766.0,1793.0,-27.0,1,0,BWh,Dfc,Arid,Continental,1,Jordan,Sweden,0.9,0.2,17.6,0.0,0.0,Tier 3 (Weak)
Senegal,Sweden,0.0006,1933.0,1793.0,140.0,1,0,BSh,Dfc,Arid,Continental,1,Senegal,Sweden,0.9,0.2,17.6,0.0,0.0,Tier 3 (Weak)
Algeria,Netherlands,0.0006,1885.0,2006.0,-121.0,1,0,BWh,Cfb,Arid,Temperate,1,Algeria,Netherlands,0.9,0.5,17.1,0.0,0.0,Tier 3 (Weak)
Mexico,Germany,0.0006,1957.0,2032.0,-75.0,1,0,BSh,Cfb,Arid,Temperate,1,Mexico,Germany,0.9,0.5,17.1,0.0,0.0,Tier 3 (Weak)
Algeria,South Korea,0.0006,1885.0,1895.0,-10.0,1,0,BWh,Dwa,Arid,Continental,1,Algeria,South Korea,0.9,0.2,17.1,0.0,0.0,Tier 3 (Weak)
Uruguay,Sweden,0.0006,1986.0,1793.0,193.0,1,0,Cfa,Dfc,Temperate,Continental,1,Uruguay,Sweden,0.5,0.2,17.1,0.0,0.0,Tier 3 (Weak)
Saudi Arabia,Canada,0.0006,1692.0,1903.0,-211.0,1,0,BWh,Dfc,Arid,Continental,1,Saudi Arabia,Canada,0.9,0.2,17.1,0.0,0.0,Tier 3 (Weak)
Qatar,New Zealand,0.0006,1552.0,1710.0,-158.0,1,0,BWh,Cfb,Arid,Temperate,1,Qatar,New Zealand,0.9,0.5,17.1,0.0,0.0,Tier 3 (Weak)
Senegal,Canada,0.0006,1933.0,1903.0,30.0,1,0,BSh,Dfc,Arid,Continental,1,Senegal,Canada,0.9,0.2,17.1,0.0,0.0,Tier 3 (Weak)
Uruguay,Netherlands,0.0006,1986.0,2006.0,-20.0,1,0,Cfa,Cfb,Temperate,Temperate,1,Uruguay,Netherlands,0.5,0.5,17.1,0.0,0.0,Tier 3 (Weak)
South Africa,Sweden,0.0006,1673.0,1793.0,-120.0,1,0,BSh,Dfc,Arid,Continental,1,South Africa,Sweden,0.9,0.2,17.1,0.0,0.0,Tier 3 (Weak)
Ivory Coast,Canada,0.0006,1836.0,1903.0,-67.0,1,0,Aw,Dfc,Tropical,Continental,1,Ivory Coast,Canada,1.0,0.2,17.1,0.0,0.0,Tier 3 (Weak)
Ivory Coast,Sweden,0.0006,1836.0,1793.0,43.0,1,0,Aw,Dfc,Tropical,Continental,1,Ivory Coast,Sweden,1.0,0.2,17.1,0.0,0.0,Tier 3 (Weak)
Saudi Arabia,Netherlands,0.0006,1692.0,2006.0,-314.0,1,0,BWh,Cfb,Arid,Temperate,1,Saudi Arabia,Netherlands,0.9,0.5,17.1,0.0,0.0,Tier 3 (Weak)
Australia,France,0.0006,1891.0,2160.0,-269.0,1,0,BWh,Cfb,Arid,Temperate,1,Australia,France,0.9,0.5,24.2,0.3457,0.0111,Tier 3 (Weak)
Uruguay,Sweden,0.0006,1986.0,1793.0,193.0,1,0,Cfa,Dfc,Temperate,Continental,1,Uruguay,Sweden,0.5,0.2,24.2,0.2593,0.0083,Tier 3 (Weak)
United States,Netherlands,0.0006,1832.0,2006.0,-174.0,1,0,Cfa,Cfb,Temperate,Temperate,1,United States,Netherlands,0.5,0.5,24.2,0.0,0.0,Tier 3 (Weak)
Spain,Bosnia and Herzegovina,0.0006,2216.0,1653.0,563.0,1,0,Csa,Cfb,Temperate,Temperate,1,Spain,Bosnia and Herzegovina,0.5,0.5,24.2,0.0,0.0,Tier 3 (Weak)
Saudi Arabia,Netherlands,0.0006,1692.0,2006.0,-314.0,1,0,BWh,Cfb,Arid,Temperate,1,Saudi Arabia,Netherlands,0.9,0.5,20.3,0.0,0.0,Tier 3 (Weak)
South Africa,Scotland,0.0006,1673.0,1857.0,-184.0,1,0,BSh,Cfb,Arid,Temperate,1,South Africa,Scotland,0.9,0.5,20.3,0.0,0.0,Tier 3 (Weak)
Japan,Bosnia and Herzegovina,0.0006,2008.0,1653.0,355.0,1,0,Cfa,Cfb,Temperate,Temperate,1,Japan,Bosnia and Herzegovina,0.5,0.5,20.3,0.0,0.0,Tier 3 (Weak)
Iran,Scotland,0.0006,1893.0,1857.0,36.0,1,0,BWh,Cfb,Arid,Temperate,1,Iran,Scotland,0.9,0.5,20.3,0.0,0.0,Tier 3 (Weak)
Tunisia,Sweden,0.0006,1777.0,1793.0,-16.0,1,0,BWh,Dfc,Arid,Continental,1,Tunisia,Sweden,0.9,0.2,20.3,0.0,0.0,Tier 3 (Weak)
Morocco,New Zealand,0.0006,1988.0,1710.0,278.0,1,0,Csa,Cfb,Temperate,Temperate,1,Morocco,New Zealand,0.5,0.5,20.3,0.0,0.0,Tier 3 (Weak)
Iran,South Korea,0.0006,1893.0,1895.0,-2.0,1,0,BWh,Dwa,Arid,Continental,1,Iran,South Korea,0.9,0.2,20.3,0.0,0.0,Tier 3 (Weak)
Uruguay,Scotland,0.0006,1986.0,1857.0,129.0,1,0,Cfa,Cfb,Temperate,Temperate,1,Uruguay,Scotland,0.5,0.5,28.0,0.0,0.0,Tier 3 (Weak)
Morocco,Austria,0.0006,1988.0,1929.0,59.0,1,0,Csa,Dfb,Temperate,Continental,1,Morocco,Austria,0.5,0.2,28.0,0.3,0.0096,Tier 3 (Weak)
Cape Verde,Germany,0.0006,1660.0,2032.0,-372.0,1,0,BWh,Cfb,Arid,Temperate,1,Cape Verde,Germany,0.9,0.5,28.0,0.4,0.0128,Tier 3 (Weak)
Haiti,England,0.0006,1661.0,2083.0,-422.0,1,0,Aw,Cfb,Tropical,Temperate,1,Haiti,England,1.0,0.5,28.0,0.5,0.016,Tier 3 (Weak)
Spain,Netherlands,0.0006,2216.0,2006.0,210.0,1,0,Csa,Cfb,Temperate,Temperate,1,Spain,Netherlands,0.5,0.5,28.0,0.0,0.0,Tier 3 (Weak)
Tunisia,Croatia,0.0006,1777.0,1979.0,-202.0,1,0,BWh,Cfb,Arid,Temperate,1,Tunisia,Croatia,0.9,0.5,19.8,0.0,0.0,Tier 3 (Weak)
Uruguay,Canada,0.0006,1986.0,1903.0,83.0,1,0,Cfa,Dfc,Temperate,Continental,1,Uruguay,Canada,0.5,0.2,19.8,0.0,0.0,Tier 3 (Weak)
Algeria,South Korea,0.0006,1885.0,1895.0,-10.0,1,0,BWh,Dwa,Arid,Continental,1,Algeria,South Korea,0.9,0.2,19.8,0.0,0.0,Tier 3 (Weak)
Portugal,Bosnia and Herzegovina,0.0006,2049.0,1653.0,396.0,1,0,Csa,Cfb,Temperate,Temperate,1,Portugal,Bosnia and Herzegovina,0.5,0.5,19.8,0.0,0.0,Tier 3 (Weak)
Colombia,Switzerland,0.0006,2083.0,1990.0,93.0,1,0,Af,Cfb,Tropical,Temperate,1,Colombia,Switzerland,1.0,0.5,19.8,0.0,0.0,Tier 3 (Weak)
Iraq,Croatia,0.0006,1727.0,1979.0,-252.0,1,0,BWh,Cfb,Arid,Temperate,1,Iraq,Croatia,0.9,0.5,19.8,0.0,0.0,Tier 3 (Weak)
Uruguay,Sweden,0.0006,1986.0,1793.0,193.0,1,0,Cfa,Dfc,Temperate,Continental,1,Uruguay,Sweden,0.5,0.2,19.8,0.0,0.0,Tier 3 (Weak)
Panama,South Korea,0.0006,1831.0,1895.0,-64.0,1,0,Am,Dwa,Tropical,Continental,1,Panama,South Korea,1.0,0.2,19.8,0.0,0.0,Tier 3 (Weak)
Jordan,Norway,0.0006,1766.0,1994.0,-228.0,1,0,BWh,Dfc,Arid,Continental,1,Jordan,Norway,0.9,0.2,19.8,0.0,0.0,Tier 3 (Weak)
Uzbekistan,Norway,0.0006,1823.0,1994.0,-171.0,1,0,BWk,Dfc,Arid,Continental,1,Uzbekistan,Norway,0.4,0.2,19.8,0.0,0.0,Tier 3 (Weak)
Uruguay,England,0.0006,1986.0,2083.0,-97.0,1,0,Cfa,Cfb,Temperate,Temperate,1,Uruguay,England,0.5,0.5,19.8,0.0,0.0,Tier 3 (Weak)
Australia,Belgium,0.0006,1891.0,2002.0,-111.0,1,0,BWh,Cfb,Arid,Temperate,1,Australia,Belgium,0.9,0.5,28.5,0.4071,0.013,Tier 3 (Weak)
Egypt,Germany,0.0006,1818.0,2032.0,-214.0,1,0,BWh,Cfb,Arid,Temperate,1,Egypt,Germany,0.9,0.5,28.5,0.4071,0.013,Tier 3 (Weak)
Panama,Switzerland,0.0006,1831.0,1990.0,-159.0,1,0,Am,Cfb,Tropical,Temperate,1,Panama,Switzerland,1.0,0.5,28.5,0.5089,0.0163,Tier 3 (Weak)
Iraq,France,0.0006,1727.0,2160.0,-433.0,1,0,BWh,Cfb,Arid,Temperate,1,Iraq,France,0.9,0.5,28.5,0.4071,0.013,Tier 3 (Weak)
United States,Norway,0.0006,1832.0,1994.0,-162.0,1,0,Cfa,Dfc,Temperate,Continental,1,United States,Norway,0.5,0.2,28.5,0.3054,0.0098,Tier 3 (Weak)
Australia,Canada,0.0006,1891.0,1903.0,-12.0,1,0,BWh,Dfc,Arid,Continental,1,Australia,Canada,0.9,0.2,28.5,0.7125,0.0228,Tier 3 (Weak)
Paraguay,Switzerland,0.0006,1937.0,1990.0,-53.0,1,0,Cfa,Cfb,Temperate,Temperate,1,Paraguay,Switzerland,0.5,0.5,28.5,0.0,0.0,Tier 3 (Weak)
Senegal,Switzerland,0.0006,1933.0,1990.0,-57.0,1,0,BSh,Cfb,Arid,Temperate,1,Senegal,Switzerland,0.9,0.5,28.5,0.4071,0.013,Tier 3 (Weak)
Uzbekistan,Germany,0.0006,1823.0,2032.0,-209.0,1,0,BWk,Cfb,Arid,Temperate,1,Uzbekistan,Germany,0.4,0.5,28.5,0.0,0.0,Tier 3 (Weak)
Iran,Norway,0.0006,1893.0,1994.0,-101.0,1,0,BWh,Dfc,Arid,Continental,1,Iran,Norway,0.9,0.2,28.5,0.7125,0.0228,Tier 3 (Weak)
Senegal,Canada,0.0006,1933.0,1903.0,30.0,1,0,BSh,Dfc,Arid,Continental,1,Senegal,Canada,0.9,0.2,28.5,0.7125,0.0228,Tier 3 (Weak)
Jordan,Canada,0.0006,1766.0,1903.0,-137.0,1,0,BWh,Dfc,Arid,Continental,1,Jordan,Canada,0.9,0.2,28.5,0.7125,0.0228,Tier 3 (Weak)
Japan,South Korea,0.0006,2008.0,1895.0,113.0,1,0,Cfa,Dwa,Temperate,Continental,1,Japan,South Korea,0.5,0.2,28.5,0.3054,0.0098,Tier 3 (Weak)
Portugal,Sweden,0.0006,2049.0,1793.0,256.0,1,0,Csa,Dfc,Temperate,Continental,1,Portugal,Sweden,0.5,0.2,28.5,0.3054,0.0098,Tier 3 (Weak)
United States,Belgium,0.0006,1832.0,2002.0,-170.0,1,0,Cfa,Cfb,Temperate,Temperate,1,United States,Belgium,0.5,0.5,28.5,0.0,0.0,Tier 3 (Weak)
Paraguay,Czech Republic,0.0006,1937.0,1837.0,100.0,1,0,Cfa,Dfb,Temperate,Continental,1,Paraguay,Czech Republic,0.5,0.2,28.5,0.3054,0.0098,Tier 3 (Weak)
Tunisia,England,0.0006,1777.0,2083.0,-306.0,1,0,BWh,Cfb,Arid,Temperate,1,Tunisia,England,0.9,0.5,28.5,0.4071,0.013,Tier 3 (Weak)
Paraguay,Croatia,0.0006,1937.0,1979.0,-42.0,1,0,Cfa,Cfb,Temperate,Temperate,1,Paraguay,Croatia,0.5,0.5,25.4,0.0,0.0,Tier 3 (Weak)
Jordan,Germany,0.0006,1766.0,2032.0,-266.0,1,0,BWh,Cfb,Arid,Temperate,1,Jordan,Germany,0.9,0.5,25.4,0.3629,0.0116,Tier 3 (Weak)
Brazil,Netherlands,0.0006,2081.0,2006.0,75.0,1,0,Am,Cfb,Tropical,Temperate,1,Brazil,Netherlands,1.0,0.5,25.4,0.4536,0.0145,Tier 3 (Weak)
Panama,England,0.0006,1831.0,2083.0,-252.0,1,0,Am,Cfb,Tropical,Temperate,1,Panama,England,1.0,0.5,25.4,0.4536,0.0145,Tier 3 (Weak)
Ecuador,Croatia,0.0006,2033.0,1979.0,54.0,1,0,Af,Cfb,Tropical,Temperate,1,Ecuador,Croatia,1.0,0.5,25.4,0.4536,0.0145,Tier 3 (Weak)
Colombia,Switzerland,0.0006,2083.0,1990.0,93.0,1,0,Af,Cfb,Tropical,Temperate,1,Colombia,Switzerland,1.0,0.5,25.4,0.4536,0.0145,Tier 3 (Weak)
Japan,Netherlands,0.0006,2008.0,2006.0,2.0,1,0,Cfa,Cfb,Temperate,Temperate,1,Japan,Netherlands,0.5,0.5,25.4,0.0,0.0,Tier 3 (Weak)
Iran,Croatia,0.0006,1893.0,1979.0,-86.0,1,0,BWh,Cfb,Arid,Temperate,1,Iran,Croatia,0.9,0.5,25.4,0.3629,0.0116,Tier 3 (Weak)
Colombia,Austria,0.0006,2083.0,1929.0,154.0,1,0,Af,Dfb,Tropical,Continental,1,Colombia,Austria,1.0,0.2,25.4,0.7257,0.0232,Tier 3 (Weak)
Turkey,South Korea,0.0006,1998.0,1895.0,103.0,1,0,Csa,Dwa,Temperate,Continental,1,Turkey,South Korea,0.5,0.2,25.4,0.2721,0.0087,Tier 3 (Weak)
Algeria,Netherlands,0.0006,1885.0,2006.0,-121.0,1,0,BWh,Cfb,Arid,Temperate,1,Algeria,Netherlands,0.9,0.5,28.0,0.4,0.0128,Tier 3 (Weak)
Algeria,Switzerland,0.0006,1885.0,1990.0,-105.0,1,0,BWh,Cfb,Arid,Temperate,1,Algeria,Switzerland,0.9,0.5,28.0,0.4,0.0128,Tier 3 (Weak)
Algeria,Belgium,0.0006,1885.0,2002.0,-117.0,1,0,BWh,Cfb,Arid,Temperate,1,Algeria,Belgium,0.9,0.5,28.0,0.4,0.0128,Tier 3 (Weak)
Uzbekistan,France,0.0006,1823.0,2160.0,-337.0,1,0,BWk,Cfb,Arid,Temperate,1,Uzbekistan,France,0.4,0.5,28.0,0.0,0.0,Tier 3 (Weak)
United States,Norway,0.0006,1832.0,1994.0,-162.0,1,0,Cfa,Dfc,Temperate,Continental,1,United States,Norway,0.5,0.2,28.0,0.3,0.0096,Tier 3 (Weak)
Iran,Switzerland,0.0006,1893.0,1990.0,-97.0,1,0,BWh,Cfb,Arid,Temperate,1,Iran,Switzerland,0.9,0.5,28.0,0.4,0.0128,Tier 3 (Weak)
Uruguay,Austria,0.0006,1986.0,1929.0,57.0,1,0,Cfa,Dfb,Temperate,Continental,1,Uruguay,Austria,0.5,0.2,28.0,0.3,0.0096,Tier 3 (Weak)
Turkey,Austria,0.0006,1998.0,1929.0,69.0,1,0,Csa,Dfb,Temperate,Continental,1,Turkey,Austria,0.5,0.2,28.0,0.3,0.0096,Tier 3 (Weak)
Morocco,South Korea,0.0006,1988.0,1895.0,93.0,1,0,Csa,Dwa,Temperate,Continental,1,Morocco,South Korea,0.5,0.2,28.0,0.3,0.0096,Tier 3 (Weak)
Panama,Switzerland,0.0006,1831.0,1990.0,-159.0,1,0,Am,Cfb,Tropical,Temperate,1,Panama,Switzerland,1.0,0.5,28.0,0.5,0.016,Tier 3 (Weak)
Colombia,Sweden,0.0006,2083.0,1793.0,290.0,1,0,Af,Dfc,Tropical,Continental,1,Colombia,Sweden,1.0,0.2,28.0,0.8,0.0256,Tier 3 (Weak)
Uzbekistan,Germany,0.0006,1823.0,2032.0,-209.0,1,0,BWk,Cfb,Arid,Temperate,1,Uzbekistan,Germany,0.4,0.5,28.0,0.0,0.0,Tier 3 (Weak)
Senegal,Czech Republic,0.0006,1933.0,1837.0,96.0,1,0,BSh,Dfb,Arid,Continental,1,Senegal,Czech Republic,0.9,0.2,28.0,0.7,0.0224,Tier 3 (Weak)
Jordan,Norway,0.0006,1766.0,1994.0,-228.0,1,0,BWh,Dfc,Arid,Continental,1,Jordan,Norway,0.9,0.2,28.0,0.7,0.0224,Tier 3 (Weak)
Ivory Coast,South Korea,0.0006,1836.0,1895.0,-59.0,1,0,Aw,Dwa,Tropical,Continental,1,Ivory Coast,South Korea,1.0,0.2,28.0,0.8,0.0256,Tier 3 (Weak)
Iran,South Korea,0.0006,1893.0,1895.0,-2.0,1,0,BWh,Dwa,Arid,Continental,1,Iran,South Korea,0.9,0.2,28.0,0.7,0.0224,Tier 3 (Weak)
Panama,England,0.0006,1831.0,2083.0,-252.0,1,0,Am,Cfb,Tropical,Temperate,1,Panama,England,1.0,0.5,22.5,0.4018,0.0129,Tier 3 (Weak)
Uruguay,Croatia,0.0006,1986.0,1979.0,7.0,1,0,Cfa,Cfb,Temperate,Temperate,1,Uruguay,Croatia,0.5,0.5,22.5,0.0,0.0,Tier 3 (Weak)
Senegal,Switzerland,0.0006,1933.0,1990.0,-57.0,1,0,BSh,Cfb,Arid,Temperate,1,Senegal,Switzerland,0.9,0.5,22.5,0.3214,0.0103,Tier 3 (Weak)
Uruguay,Canada,0.0006,1986.0,1903.0,83.0,1,0,Cfa,Dfc,Temperate,Continental,1,Uruguay,Canada,0.5,0.2,22.5,0.2411,0.0077,Tier 3 (Weak)
Portugal,Austria,0.0006,2049.0,1929.0,120.0,1,0,Csa,Dfb,Temperate,Continental,1,Portugal,Austria,0.5,0.2,22.5,0.2411,0.0077,Tier 3 (Weak)
Ivory Coast,England,0.0006,1836.0,2083.0,-247.0,1,0,Aw,Cfb,Tropical,Temperate,1,Ivory Coast,England,1.0,0.5,22.5,0.4018,0.0129,Tier 3 (Weak)
Portugal,South Korea,0.0006,2049.0,1895.0,154.0,1,0,Csa,Dwa,Temperate,Continental,1,Portugal,South Korea,0.5,0.2,22.5,0.2411,0.0077,Tier 3 (Weak)
Ecuador,Czech Republic,0.0006,2033.0,1837.0,196.0,1,0,Af,Dfb,Tropical,Continental,1,Ecuador,Czech Republic,1.0,0.2,22.5,0.6429,0.0206,Tier 3 (Weak)
Mexico,Canada,0.0006,1957.0,1903.0,54.0,1,0,BSh,Dfc,Arid,Continental,1,Mexico,Canada,0.9,0.2,22.5,0.5625,0.018,Tier 3 (Weak)
Paraguay,Switzerland,0.0006,1937.0,1990.0,-53.0,1,0,Cfa,Cfb,Temperate,Temperate,1,Paraguay,Switzerland,0.5,0.5,22.5,0.0,0.0,Tier 3 (Weak)
Iran,Germany,0.0006,1893.0,2032.0,-139.0,1,0,BWh,Cfb,Arid,Temperate,1,Iran,Germany,0.9,0.5,22.5,0.3214,0.0103,Tier 3 (Weak)
Paraguay,Czech Republic,0.0005,1937.0,1837.0,100.0,1,0,Cfa,Dfb,Temperate,Continental,1,Paraguay,Czech Republic,0.5,0.2,23.0,0.2464,0.0079,Tier 3 (Weak)
Japan,South Korea,0.0005,2008.0,1895.0,113.0,1,0,Cfa,Dwa,Temperate,Continental,1,Japan,South Korea,0.5,0.2,23.0,0.2464,0.0079,Tier 3 (Weak)
United States,South Korea,0.0005,1832.0,1895.0,-63.0,1,0,Cfa,Dwa,Temperate,Continental,1,United States,South Korea,0.5,0.2,23.0,0.2464,0.0079,Tier 3 (Weak)
United States,Czech Republic,0.0005,1832.0,1837.0,-5.0,1,0,Cfa,Dfb,Temperate,Continental,1,United States,Czech Republic,0.5,0.2,23.0,0.2464,0.0079,Tier 3 (Weak)
Australia,South Korea,0.0005,1891.0,1895.0,-4.0,1,0,BWh,Dwa,Arid,Continental,1,Australia,South Korea,0.9,0.2,23.0,0.575,0.0184,Tier 3 (Weak)
Morocco,South Korea,0.0005,1988.0,1895.0,93.0,1,0,Csa,Dwa,Temperate,Continental,1,Morocco,South Korea,0.5,0.2,23.0,0.2464,0.0079,Tier 3 (Weak)
Paraguay,Austria,0.0005,1937.0,1929.0,8.0,1,0,Cfa,Dfb,Temperate,Continental,1,Paraguay,Austria,0.5,0.2,15.2,0.0,0.0,Tier 3 (Weak)
Japan,Germany,0.0005,2008.0,2032.0,-24.0,1,0,Cfa,Cfb,Temperate,Temperate,1,Japan,Germany,0.5,0.5,15.2,0.0,0.0,Tier 3 (Weak)
Senegal,Sweden,0.0005,1933.0,1793.0,140.0,1,0,BSh,Dfc,Arid,Continental,1,Senegal,Sweden,0.9,0.2,15.2,0.0,0.0,Tier 3 (Weak)
Panama,Germany,0.0005,1831.0,2032.0,-201.0,1,0,Am,Cfb,Tropical,Temperate,1,Panama,Germany,1.0,0.5,15.2,0.0,0.0,Tier 3 (Weak)
Uzbekistan,Sweden,0.0005,1823.0,1793.0,30.0,1,0,BWk,Dfc,Arid,Continental,1,Uzbekistan,Sweden,0.4,0.2,15.2,0.0,0.0,Tier 3 (Weak)
Senegal,Netherlands,0.0005,1933.0,2006.0,-73.0,1,0,BSh,Cfb,Arid,Temperate,1,Senegal,Netherlands,0.9,0.5,15.2,0.0,0.0,Tier 3 (Weak)
DR Congo,New Zealand,0.0005,1774.0,1710.0,64.0,1,0,Am,Cfb,Tropical,Temperate,1,DR Congo,New Zealand,1.0,0.5,15.2,0.0,0.0,Tier 3 (Weak)
DR Congo,Germany,0.0005,1774.0,2032.0,-258.0,1,0,Am,Cfb,Tropical,Temperate,1,DR Congo,Germany,1.0,0.5,15.2,0.0,0.0,Tier 3 (Weak)
Ivory Coast,England,0.0005,1836.0,2083.0,-247.0,1,0,Aw,Cfb,Tropical,Temperate,1,Ivory Coast,England,1.0,0.5,15.2,0.0,0.0,Tier 3 (Weak)
Paraguay,Germany,0.0005,1937.0,2032.0,-95.0,1,0,Cfa,Cfb,Temperate,Temperate,1,Paraguay,Germany,0.5,0.5,15.2,0.0,0.0,Tier 3 (Weak)
Panama,Austria,0.0005,1831.0,1929.0,-98.0,1,0,Am,Dfb,Tropical,Continental,1,Panama,Austria,1.0,0.2,15.2,0.0,0.0,Tier 3 (Weak)
Australia,Austria,0.0005,1891.0,1929.0,-38.0,1,0,BWh,Dfb,Arid,Continental,1,Australia,Austria,0.9,0.2,15.2,0.0,0.0,Tier 3 (Weak)
Ecuador,Croatia,0.0005,2033.0,1979.0,54.0,1,0,Af,Cfb,Tropical,Temperate,1,Ecuador,Croatia,1.0,0.5,15.2,0.0,0.0,Tier 3 (Weak)
Haiti,Austria,0.0005,1661.0,1929.0,-268.0,1,0,Aw,Dfb,Tropical,Continental,1,Haiti,Austria,1.0,0.2,17.6,0.0,0.0,Tier 3 (Weak)
Morocco,France,0.0005,1988.0,2160.0,-172.0,1,0,Csa,Cfb,Temperate,Temperate,1,Morocco,France,0.5,0.5,17.6,0.0,0.0,Tier 3 (Weak)
Tunisia,Germany,0.0005,1777.0,2032.0,-255.0,1,0,BWh,Cfb,Arid,Temperate,1,Tunisia,Germany,0.9,0.5,17.6,0.0,0.0,Tier 3 (Weak)
Brazil,Norway,0.0005,2081.0,1994.0,87.0,1,0,Am,Dfc,Tropical,Continental,1,Brazil,Norway,1.0,0.2,17.6,0.0,0.0,Tier 3 (Weak)
Ivory Coast,Sweden,0.0005,1836.0,1793.0,43.0,1,0,Aw,Dfc,Tropical,Continental,1,Ivory Coast,Sweden,1.0,0.2,17.6,0.0,0.0,Tier 3 (Weak)
Portugal,Germany,0.0005,2049.0,2032.0,17.0,1,0,Csa,Cfb,Temperate,Temperate,1,Portugal,Germany,0.5,0.5,17.6,0.0,0.0,Tier 3 (Weak)
Colombia,Germany,0.0005,2083.0,2032.0,51.0,1,0,Af,Cfb,Tropical,Temperate,1,Colombia,Germany,1.0,0.5,17.6,0.0,0.0,Tier 3 (Weak)
Tunisia,Norway,0.0005,1777.0,1994.0,-217.0,1,0,BWh,Dfc,Arid,Continental,1,Tunisia,Norway,0.9,0.2,17.6,0.0,0.0,Tier 3 (Weak)
Colombia,Norway,0.0005,2083.0,1994.0,89.0,1,0,Af,Dfc,Tropical,Continental,1,Colombia,Norway,1.0,0.2,17.6,0.0,0.0,Tier 3 (Weak)
Ecuador,Scotland,0.0005,2033.0,1857.0,176.0,1,0,Af,Cfb,Tropical,Temperate,1,Ecuador,Scotland,1.0,0.5,17.6,0.0,0.0,Tier 3 (Weak)
Ecuador,Netherlands,0.0005,2033.0,2006.0,27.0,1,0,Af,Cfb,Tropical,Temperate,1,Ecuador,Netherlands,1.0,0.5,17.6,0.0,0.0,Tier 3 (Weak)
Uzbekistan,Germany,0.0005,1823.0,2032.0,-209.0,1,0,BWk,Cfb,Arid,Temperate,1,Uzbekistan,Germany,0.4,0.5,17.6,0.0,0.0,Tier 3 (Weak)
Jordan,South Korea,0.0005,1766.0,1895.0,-129.0,1,0,BWh,Dwa,Arid,Continental,1,Jordan,South Korea,0.9,0.2,17.1,0.0,0.0,Tier 3 (Weak)
Senegal,Bosnia and Herzegovina,0.0005,1933.0,1653.0,280.0,1,0,BSh,Cfb,Arid,Temperate,1,Senegal,Bosnia and Herzegovina,0.9,0.5,17.1,0.0,0.0,Tier 3 (Weak)
Tunisia,Germany,0.0005,1777.0,2032.0,-255.0,1,0,BWh,Cfb,Arid,Temperate,1,Tunisia,Germany,0.9,0.5,17.1,0.0,0.0,Tier 3 (Weak)
Saudi Arabia,Sweden,0.0005,1692.0,1793.0,-101.0,1,0,BWh,Dfc,Arid,Continental,1,Saudi Arabia,Sweden,0.9,0.2,17.1,0.0,0.0,Tier 3 (Weak)
Saudi Arabia,Bosnia and Herzegovina,0.0005,1692.0,1653.0,39.0,1,0,BWh,Cfb,Arid,Temperate,1,Saudi Arabia,Bosnia and Herzegovina,0.9,0.5,17.1,0.0,0.0,Tier 3 (Weak)
Japan,Norway,0.0005,2008.0,1994.0,14.0,1,0,Cfa,Dfc,Temperate,Continental,1,Japan,Norway,0.5,0.2,17.1,0.0,0.0,Tier 3 (Weak)
Ecuador,Netherlands,0.0005,2033.0,2006.0,27.0,1,0,Af,Cfb,Tropical,Temperate,1,Ecuador,Netherlands,1.0,0.5,17.1,0.0,0.0,Tier 3 (Weak)
Ivory Coast,Switzerland,0.0005,1836.0,1990.0,-154.0,1,0,Aw,Cfb,Tropical,Temperate,1,Ivory Coast,Switzerland,1.0,0.5,17.1,0.0,0.0,Tier 3 (Weak)
Algeria,Czech Republic,0.0005,1885.0,1837.0,48.0,1,0,BWh,Dfb,Arid,Continental,1,Algeria,Czech Republic,0.9,0.2,17.1,0.0,0.0,Tier 3 (Weak)
Mexico,Norway,0.0005,1957.0,1994.0,-37.0,1,0,BSh,Dfc,Arid,Continental,1,Mexico,Norway,0.9,0.2,17.1,0.0,0.0,Tier 3 (Weak)
Paraguay,Netherlands,0.0005,1937.0,2006.0,-69.0,1,0,Cfa,Cfb,Temperate,Temperate,1,Paraguay,Netherlands,0.5,0.5,24.2,0.0,0.0,Tier 3 (Weak)
Uruguay,New Zealand,0.0005,1986.0,1710.0,276.0,1,0,Cfa,Cfb,Temperate,Temperate,1,Uruguay,New Zealand,0.5,0.5,24.2,0.0,0.0,Tier 3 (Weak)
Uruguay,Bosnia and Herzegovina,0.0005,1986.0,1653.0,333.0,1,0,Cfa,Cfb,Temperate,Temperate,1,Uruguay,Bosnia and Herzegovina,0.5,0.5,24.2,0.0,0.0,Tier 3 (Weak)
United States,Croatia,0.0005,1832.0,1979.0,-147.0,1,0,Cfa,Cfb,Temperate,Temperate,1,United States,Croatia,0.5,0.5,24.2,0.0,0.0,Tier 3 (Weak)
Paraguay,New Zealand,0.0005,1937.0,1710.0,227.0,1,0,Cfa,Cfb,Temperate,Temperate,1,Paraguay,New Zealand,0.5,0.5,24.2,0.0,0.0,Tier 3 (Weak)
Senegal,New Zealand,0.0005,1933.0,1710.0,223.0,1,0,BSh,Cfb,Arid,Temperate,1,Senegal,New Zealand,0.9,0.5,24.2,0.3457,0.0111,Tier 3 (Weak)
Egypt,France,0.0005,1818.0,2160.0,-342.0,1,0,BWh,Cfb,Arid,Temperate,1,Egypt,France,0.9,0.5,24.2,0.3457,0.0111,Tier 3 (Weak)
Australia,Croatia,0.0005,1891.0,1979.0,-88.0,1,0,BWh,Cfb,Arid,Temperate,1,Australia,Croatia,0.9,0.5,24.2,0.3457,0.0111,Tier 3 (Weak)
Uzbekistan,Belgium,0.0005,1823.0,2002.0,-179.0,1,0,BWk,Cfb,Arid,Temperate,1,Uzbekistan,Belgium,0.4,0.5,24.2,0.0,0.0,Tier 3 (Weak)
Iran,Netherlands,0.0005,1893.0,2006.0,-113.0,1,0,BWh,Cfb,Arid,Temperate,1,Iran,Netherlands,0.9,0.5,24.2,0.3457,0.0111,Tier 3 (Weak)
Paraguay,England,0.0005,1937.0,2083.0,-146.0,1,0,Cfa,Cfb,Temperate,Temperate,1,Paraguay,England,0.5,0.5,24.2,0.0,0.0,Tier 3 (Weak)
Uruguay,Switzerland,0.0005,1986.0,1990.0,-4.0,1,0,Cfa,Cfb,Temperate,Temperate,1,Uruguay,Switzerland,0.5,0.5,20.3,0.0,0.0,Tier 3 (Weak)
Haiti,Canada,0.0005,1661.0,1903.0,-242.0,1,0,Aw,Dfc,Tropical,Continental,1,Haiti,Canada,1.0,0.2,20.3,0.0,0.0,Tier 3 (Weak)
Iran,Switzerland,0.0005,1893.0,1990.0,-97.0,1,0,BWh,Cfb,Arid,Temperate,1,Iran,Switzerland,0.9,0.5,20.3,0.0,0.0,Tier 3 (Weak)
Spain,Switzerland,0.0005,2216.0,1990.0,226.0,1,0,Csa,Cfb,Temperate,Temperate,1,Spain,Switzerland,0.5,0.5,20.3,0.0,0.0,Tier 3 (Weak)
Uruguay,South Korea,0.0005,1986.0,1895.0,91.0,1,0,Cfa,Dwa,Temperate,Continental,1,Uruguay,South Korea,0.5,0.2,20.3,0.0,0.0,Tier 3 (Weak)
South Africa,Canada,0.0005,1673.0,1903.0,-230.0,1,0,BSh,Dfc,Arid,Continental,1,South Africa,Canada,0.9,0.2,20.3,0.0,0.0,Tier 3 (Weak)
Qatar,Netherlands,0.0005,1552.0,2006.0,-454.0,1,0,BWh,Cfb,Arid,Temperate,1,Qatar,Netherlands,0.9,0.5,20.3,0.0,0.0,Tier 3 (Weak)
Egypt,Switzerland,0.0005,1818.0,1990.0,-172.0,1,0,BWh,Cfb,Arid,Temperate,1,Egypt,Switzerland,0.9,0.5,20.3,0.0,0.0,Tier 3 (Weak)
Iraq,Netherlands,0.0005,1727.0,2006.0,-279.0,1,0,BWh,Cfb,Arid,Temperate,1,Iraq,Netherlands,0.9,0.5,20.3,0.0,0.0,Tier 3 (Weak)
Argentina,Netherlands,0.0005,2190.0,2006.0,184.0,1,0,Cfa,Cfb,Temperate,Temperate,1,Argentina,Netherlands,0.5,0.5,28.0,0.0,0.0,Tier 3 (Weak)
South Africa,Norway,0.0005,1673.0,1994.0,-321.0,1,0,BSh,Dfc,Arid,Continental,1,South Africa,Norway,0.9,0.2,28.0,0.7,0.0224,Tier 3 (Weak)
Senegal,Austria,0.0005,1933.0,1929.0,4.0,1,0,BSh,Dfb,Arid,Continental,1,Senegal,Austria,0.9,0.2,28.0,0.7,0.0224,Tier 3 (Weak)
Curaçao,Netherlands,0.0005,1595.0,2006.0,-411.0,1,0,BSh,Cfb,Arid,Temperate,1,Curaçao,Netherlands,0.9,0.5,28.0,0.4,0.0128,Tier 3 (Weak)
Iraq,Scotland,0.0005,1727.0,1857.0,-130.0,1,0,BWh,Cfb,Arid,Temperate,1,Iraq,Scotland,0.9,0.5,28.0,0.4,0.0128,Tier 3 (Weak)
DR Congo,Norway,0.0005,1774.0,1994.0,-220.0,1,0,Am,Dfc,Tropical,Continental,1,DR Congo,Norway,1.0,0.2,28.0,0.8,0.0256,Tier 3 (Weak)
Iraq,Croatia,0.0005,1727.0,1979.0,-252.0,1,0,BWh,Cfb,Arid,Temperate,1,Iraq,Croatia,0.9,0.5,28.0,0.4,0.0128,Tier 3 (Weak)
Ghana,Germany,0.0005,1662.0,2032.0,-370.0,1,0,Aw,Cfb,Tropical,Temperate,1,Ghana,Germany,1.0,0.5,28.0,0.5,0.016,Tier 3 (Weak)
DR Congo,Netherlands,0.0005,1774.0,2006.0,-232.0,1,0,Am,Cfb,Tropical,Temperate,1,DR Congo,Netherlands,1.0,0.5,28.0,0.5,0.016,Tier 3 (Weak)
Haiti,France,0.0005,1661.0,2160.0,-499.0,1,0,Aw,Cfb,Tropical,Temperate,1,Haiti,France,1.0,0.5,28.0,0.5,0.016,Tier 3 (Weak)
Curaçao,Croatia,0.0005,1595.0,1979.0,-384.0,1,0,BSh,Cfb,Arid,Temperate,1,Curaçao,Croatia,0.9,0.5,19.8,0.0,0.0,Tier 3 (Weak)
Panama,Netherlands,0.0005,1831.0,2006.0,-175.0,1,0,Am,Cfb,Tropical,Temperate,1,Panama,Netherlands,1.0,0.5,19.8,0.0,0.0,Tier 3 (Weak)
Panama,Czech Republic,0.0005,1831.0,1837.0,-6.0,1,0,Am,Dfb,Tropical,Continental,1,Panama,Czech Republic,1.0,0.2,19.8,0.0,0.0,Tier 3 (Weak)
Tunisia,Austria,0.0005,1777.0,1929.0,-152.0,1,0,BWh,Dfb,Arid,Continental,1,Tunisia,Austria,0.9,0.2,19.8,0.0,0.0,Tier 3 (Weak)
Algeria,Netherlands,0.0005,1885.0,2006.0,-121.0,1,0,BWh,Cfb,Arid,Temperate,1,Algeria,Netherlands,0.9,0.5,19.8,0.0,0.0,Tier 3 (Weak)
Spain,Croatia,0.0005,2216.0,1979.0,237.0,1,0,Csa,Cfb,Temperate,Temperate,1,Spain,Croatia,0.5,0.5,19.8,0.0,0.0,Tier 3 (Weak)
Algeria,New Zealand,0.0005,1885.0,1710.0,175.0,1,0,BWh,Cfb,Arid,Temperate,1,Algeria,New Zealand,0.9,0.5,19.8,0.0,0.0,Tier 3 (Weak)
Argentina,Sweden,0.0005,2190.0,1793.0,397.0,1,0,Cfa,Dfc,Temperate,Continental,1,Argentina,Sweden,0.5,0.2,19.8,0.0,0.0,Tier 3 (Weak)
Iraq,Austria,0.0005,1727.0,1929.0,-202.0,1,0,BWh,Dfb,Arid,Continental,1,Iraq,Austria,0.9,0.2,19.8,0.0,0.0,Tier 3 (Weak)
Colombia,Bosnia and Herzegovina,0.0005,2083.0,1653.0,430.0,1,0,Af,Cfb,Tropical,Temperate,1,Colombia,Bosnia and Herzegovina,1.0,0.5,19.8,0.0,0.0,Tier 3 (Weak)
Curaçao,England,0.0005,1595.0,2083.0,-488.0,1,0,BSh,Cfb,Arid,Temperate,1,Curaçao,England,0.9,0.5,19.8,0.0,0.0,Tier 3 (Weak)
Jordan,France,0.0005,1766.0,2160.0,-394.0,1,0,BWh,Cfb,Arid,Temperate,1,Jordan,France,0.9,0.5,19.8,0.0,0.0,Tier 3 (Weak)
Spain,England,0.0005,2216.0,2083.0,133.0,1,0,Csa,Cfb,Temperate,Temperate,1,Spain,England,0.5,0.5,19.8,0.0,0.0,Tier 3 (Weak)
Argentina,Netherlands,0.0005,2190.0,2006.0,184.0,1,0,Cfa,Cfb,Temperate,Temperate,1,Argentina,Netherlands,0.5,0.5,19.8,0.0,0.0,Tier 3 (Weak)
Uzbekistan,France,0.0005,1823.0,2160.0,-337.0,1,0,BWk,Cfb,Arid,Temperate,1,Uzbekistan,France,0.4,0.5,19.8,0.0,0.0,Tier 3 (Weak)
Uruguay,Croatia,0.0005,1986.0,1979.0,7.0,1,0,Cfa,Cfb,Temperate,Temperate,1,Uruguay,Croatia,0.5,0.5,19.8,0.0,0.0,Tier 3 (Weak)
Iran,Canada,0.0005,1893.0,1903.0,-10.0,1,0,BWh,Dfc,Arid,Continental,1,Iran,Canada,0.9,0.2,28.5,0.7125,0.0228,Tier 3 (Weak)
Japan,Switzerland,0.0005,2008.0,1990.0,18.0,1,0,Cfa,Cfb,Temperate,Temperate,1,Japan,Switzerland,0.5,0.5,28.5,0.0,0.0,Tier 3 (Weak)
Iran,Belgium,0.0005,1893.0,2002.0,-109.0,1,0,BWh,Cfb,Arid,Temperate,1,Iran,Belgium,0.9,0.5,28.5,0.4071,0.013,Tier 3 (Weak)
Ivory Coast,Canada,0.0005,1836.0,1903.0,-67.0,1,0,Aw,Dfc,Tropical,Continental,1,Ivory Coast,Canada,1.0,0.2,28.5,0.8143,0.0261,Tier 3 (Weak)
Ivory Coast,Norway,0.0005,1836.0,1994.0,-158.0,1,0,Aw,Dfc,Tropical,Continental,1,Ivory Coast,Norway,1.0,0.2,28.5,0.8143,0.0261,Tier 3 (Weak)
Turkey,England,0.0005,1998.0,2083.0,-85.0,1,0,Csa,Cfb,Temperate,Temperate,1,Turkey,England,0.5,0.5,28.5,0.0,0.0,Tier 3 (Weak)
Turkey,Sweden,0.0005,1998.0,1793.0,205.0,1,0,Csa,Dfc,Temperate,Continental,1,Turkey,Sweden,0.5,0.2,28.5,0.3054,0.0098,Tier 3 (Weak)
Japan,Canada,0.0005,2008.0,1903.0,105.0,1,0,Cfa,Dfc,Temperate,Continental,1,Japan,Canada,0.5,0.2,28.5,0.3054,0.0098,Tier 3 (Weak)
Japan,Czech Republic,0.0005,2008.0,1837.0,171.0,1,0,Cfa,Dfb,Temperate,Continental,1,Japan,Czech Republic,0.5,0.2,28.5,0.3054,0.0098,Tier 3 (Weak)
Mexico,Norway,0.0005,1957.0,1994.0,-37.0,1,0,BSh,Dfc,Arid,Continental,1,Mexico,Norway,0.9,0.2,28.5,0.7125,0.0228,Tier 3 (Weak)
Jordan,Norway,0.0005,1766.0,1994.0,-228.0,1,0,BWh,Dfc,Arid,Continental,1,Jordan,Norway,0.9,0.2,28.5,0.7125,0.0228,Tier 3 (Weak)
Paraguay,South Korea,0.0005,1937.0,1895.0,42.0,1,0,Cfa,Dwa,Temperate,Continental,1,Paraguay,South Korea,0.5,0.2,28.5,0.3054,0.0098,Tier 3 (Weak)
South Africa,Belgium,0.0005,1673.0,2002.0,-329.0,1,0,BSh,Cfb,Arid,Temperate,1,South Africa,Belgium,0.9,0.5,28.5,0.4071,0.013,Tier 3 (Weak)
Panama,Norway,0.0005,1831.0,1994.0,-163.0,1,0,Am,Dfc,Tropical,Continental,1,Panama,Norway,1.0,0.2,28.5,0.8143,0.0261,Tier 3 (Weak)
Australia,South Korea,0.0005,1891.0,1895.0,-4.0,1,0,BWh,Dwa,Arid,Continental,1,Australia,South Korea,0.9,0.2,28.5,0.7125,0.0228,Tier 3 (Weak)
Panama,Scotland,0.0005,1831.0,1857.0,-26.0,1,0,Am,Cfb,Tropical,Temperate,1,Panama,Scotland,1.0,0.5,28.5,0.5089,0.0163,Tier 3 (Weak)
Ivory Coast,Belgium,0.0005,1836.0,2002.0,-166.0,1,0,Aw,Cfb,Tropical,Temperate,1,Ivory Coast,Belgium,1.0,0.5,28.5,0.5089,0.0163,Tier 3 (Weak)
Brazil,South Korea,0.0005,2081.0,1895.0,186.0,1,0,Am,Dwa,Tropical,Continental,1,Brazil,South Korea,1.0,0.2,28.5,0.8143,0.0261,Tier 3 (Weak)
Iraq,Switzerland,0.0005,1727.0,1990.0,-263.0,1,0,BWh,Cfb,Arid,Temperate,1,Iraq,Switzerland,0.9,0.5,25.4,0.3629,0.0116,Tier 3 (Weak)
Mexico,Germany,0.0005,1957.0,2032.0,-75.0,1,0,BSh,Cfb,Arid,Temperate,1,Mexico,Germany,0.9,0.5,25.4,0.3629,0.0116,Tier 3 (Weak)
Ivory Coast,Netherlands,0.0005,1836.0,2006.0,-170.0,1,0,Aw,Cfb,Tropical,Temperate,1,Ivory Coast,Netherlands,1.0,0.5,25.4,0.4536,0.0145,Tier 3 (Weak)
United States,Croatia,0.0005,1832.0,1979.0,-147.0,1,0,Cfa,Cfb,Temperate,Temperate,1,United States,Croatia,0.5,0.5,25.4,0.0,0.0,Tier 3 (Weak)
Paraguay,South Korea,0.0005,1937.0,1895.0,42.0,1,0,Cfa,Dwa,Temperate,Continental,1,Paraguay,South Korea,0.5,0.2,25.4,0.2721,0.0087,Tier 3 (Weak)
Turkey,Czech Republic,0.0005,1998.0,1837.0,161.0,1,0,Csa,Dfb,Temperate,Continental,1,Turkey,Czech Republic,0.5,0.2,25.4,0.2721,0.0087,Tier 3 (Weak)
Portugal,Sweden,0.0005,2049.0,1793.0,256.0,1,0,Csa,Dfc,Temperate,Continental,1,Portugal,Sweden,0.5,0.2,25.4,0.2721,0.0087,Tier 3 (Weak)
Ecuador,Netherlands,0.0005,2033.0,2006.0,27.0,1,0,Af,Cfb,Tropical,Temperate,1,Ecuador,Netherlands,1.0,0.5,25.4,0.4536,0.0145,Tier 3 (Weak)
Uruguay,Switzerland,0.0005,1986.0,1990.0,-4.0,1,0,Cfa,Cfb,Temperate,Temperate,1,Uruguay,Switzerland,0.5,0.5,25.4,0.0,0.0,Tier 3 (Weak)
Uruguay,Sweden,0.0005,1986.0,1793.0,193.0,1,0,Cfa,Dfc,Temperate,Continental,1,Uruguay,Sweden,0.5,0.2,25.4,0.2721,0.0087,Tier 3 (Weak)
Japan,Croatia,0.0005,2008.0,1979.0,29.0,1,0,Cfa,Cfb,Temperate,Temperate,1,Japan,Croatia,0.5,0.5,25.4,0.0,0.0,Tier 3 (Weak)
Morocco,Germany,0.0005,1988.0,2032.0,-44.0,1,0,Csa,Cfb,Temperate,Temperate,1,Morocco,Germany,0.5,0.5,25.4,0.0,0.0,Tier 3 (Weak)
Spain,Switzerland,0.0005,2216.0,1990.0,226.0,1,0,Csa,Cfb,Temperate,Temperate,1,Spain,Switzerland,0.5,0.5,25.4,0.0,0.0,Tier 3 (Weak)
Morocco,Austria,0.0005,1988.0,1929.0,59.0,1,0,Csa,Dfb,Temperate,Continental,1,Morocco,Austria,0.5,0.2,25.4,0.2721,0.0087,Tier 3 (Weak)
Algeria,Norway,0.0005,1885.0,1994.0,-109.0,1,0,BWh,Dfc,Arid,Continental,1,Algeria,Norway,0.9,0.2,25.4,0.635,0.0203,Tier 3 (Weak)
Egypt,Switzerland,0.0005,1818.0,1990.0,-172.0,1,0,BWh,Cfb,Arid,Temperate,1,Egypt,Switzerland,0.9,0.5,28.0,0.4,0.0128,Tier 3 (Weak)
Senegal,Austria,0.0005,1933.0,1929.0,4.0,1,0,BSh,Dfb,Arid,Continental,1,Senegal,Austria,0.9,0.2,28.0,0.7,0.0224,Tier 3 (Weak)
Iran,Canada,0.0005,1893.0,1903.0,-10.0,1,0,BWh,Dfc,Arid,Continental,1,Iran,Canada,0.9,0.2,28.0,0.7,0.0224,Tier 3 (Weak)
Tunisia,Canada,0.0005,1777.0,1903.0,-126.0,1,0,BWh,Dfc,Arid,Continental,1,Tunisia,Canada,0.9,0.2,28.0,0.7,0.0224,Tier 3 (Weak)
Paraguay,Croatia,0.0005,1937.0,1979.0,-42.0,1,0,Cfa,Cfb,Temperate,Temperate,1,Paraguay,Croatia,0.5,0.5,28.0,0.0,0.0,Tier 3 (Weak)
United States,Croatia,0.0005,1832.0,1979.0,-147.0,1,0,Cfa,Cfb,Temperate,Temperate,1,United States,Croatia,0.5,0.5,28.0,0.0,0.0,Tier 3 (Weak)
Spain,New Zealand,0.0005,2216.0,1710.0,506.0,1,0,Csa,Cfb,Temperate,Temperate,1,Spain,New Zealand,0.5,0.5,28.0,0.0,0.0,Tier 3 (Weak)
Australia,Canada,0.0005,1891.0,1903.0,-12.0,1,0,BWh,Dfc,Arid,Continental,1,Australia,Canada,0.9,0.2,28.0,0.7,0.0224,Tier 3 (Weak)
Paraguay,Scotland,0.0005,1937.0,1857.0,80.0,1,0,Cfa,Cfb,Temperate,Temperate,1,Paraguay,Scotland,0.5,0.5,28.0,0.0,0.0,Tier 3 (Weak)
Ivory Coast,Czech Republic,0.0005,1836.0,1837.0,-1.0,1,0,Aw,Dfb,Tropical,Continental,1,Ivory Coast,Czech Republic,1.0,0.2,28.0,0.8,0.0256,Tier 3 (Weak)
Ecuador,New Zealand,0.0005,2033.0,1710.0,323.0,1,0,Af,Cfb,Tropical,Temperate,1,Ecuador,New Zealand,1.0,0.5,28.0,0.5,0.016,Tier 3 (Weak)
Saudi Arabia,France,0.0005,1692.0,2160.0,-468.0,1,0,BWh,Cfb,Arid,Temperate,1,Saudi Arabia,France,0.9,0.5,28.0,0.4,0.0128,Tier 3 (Weak)
Iraq,Netherlands,0.0005,1727.0,2006.0,-279.0,1,0,BWh,Cfb,Arid,Temperate,1,Iraq,Netherlands,0.9,0.5,28.0,0.4,0.0128,Tier 3 (Weak)
Paraguay,Austria,0.0005,1937.0,1929.0,8.0,1,0,Cfa,Dfb,Temperate,Continental,1,Paraguay,Austria,0.5,0.2,28.0,0.3,0.0096,Tier 3 (Weak)
Panama,Canada,0.0005,1831.0,1903.0,-72.0,1,0,Am,Dfc,Tropical,Continental,1,Panama,Canada,1.0,0.2,28.0,0.8,0.0256,Tier 3 (Weak)
Egypt,Netherlands,0.0005,1818.0,2006.0,-188.0,1,0,BWh,Cfb,Arid,Temperate,1,Egypt,Netherlands,0.9,0.5,28.0,0.4,0.0128,Tier 3 (Weak)
Japan,Sweden,0.0005,2008.0,1793.0,215.0,1,0,Cfa,Dfc,Temperate,Continental,1,Japan,Sweden,0.5,0.2,28.0,0.3,0.0096,Tier 3 (Weak)
Mexico,South Korea,0.0005,1957.0,1895.0,62.0,1,0,BSh,Dwa,Arid,Continental,1,Mexico,South Korea,0.9,0.2,22.5,0.5625,0.018,Tier 3 (Weak)
Japan,South Korea,0.0005,2008.0,1895.0,113.0,1,0,Cfa,Dwa,Temperate,Continental,1,Japan,South Korea,0.5,0.2,22.5,0.2411,0.0077,Tier 3 (Weak)
Iraq,France,0.0005,1727.0,2160.0,-433.0,1,0,BWh,Cfb,Arid,Temperate,1,Iraq,France,0.9,0.5,22.5,0.3214,0.0103,Tier 3 (Weak)
Australia,Netherlands,0.0005,1891.0,2006.0,-115.0,1,0,BWh,Cfb,Arid,Temperate,1,Australia,Netherlands,0.9,0.5,22.5,0.3214,0.0103,Tier 3 (Weak)
Ivory Coast,Netherlands,0.0005,1836.0,2006.0,-170.0,1,0,Aw,Cfb,Tropical,Temperate,1,Ivory Coast,Netherlands,1.0,0.5,22.5,0.4018,0.0129,Tier 3 (Weak)
Turkey,Scotland,0.0005,1998.0,1857.0,141.0,1,0,Csa,Cfb,Temperate,Temperate,1,Turkey,Scotland,0.5,0.5,22.5,0.0,0.0,Tier 3 (Weak)
Turkey,Austria,0.0005,1998.0,1929.0,69.0,1,0,Csa,Dfb,Temperate,Continental,1,Turkey,Austria,0.5,0.2,22.5,0.2411,0.0077,Tier 3 (Weak)
United States,England,0.0005,1832.0,2083.0,-251.0,1,0,Cfa,Cfb,Temperate,Temperate,1,United States,England,0.5,0.5,22.5,0.0,0.0,Tier 3 (Weak)
Morocco,Canada,0.0005,1988.0,1903.0,85.0,1,0,Csa,Dfc,Temperate,Continental,1,Morocco,Canada,0.5,0.2,22.5,0.2411,0.0077,Tier 3 (Weak)
Uzbekistan,France,0.0005,1823.0,2160.0,-337.0,1,0,BWk,Cfb,Arid,Temperate,1,Uzbekistan,France,0.4,0.5,22.5,0.0,0.0,Tier 3 (Weak)
Ivory Coast,Belgium,0.0005,1836.0,2002.0,-166.0,1,0,Aw,Cfb,Tropical,Temperate,1,Ivory Coast,Belgium,1.0,0.5,22.5,0.4018,0.0129,Tier 3 (Weak)
Spain,New Zealand,0.0005,2216.0,1710.0,506.0,1,0,Csa,Cfb,Temperate,Temperate,1,Spain,New Zealand,0.5,0.5,22.5,0.0,0.0,Tier 3 (Weak)
Algeria,Germany,0.0005,1885.0,2032.0,-147.0,1,0,BWh,Cfb,Arid,Temperate,1,Algeria,Germany,0.9,0.5,22.5,0.3214,0.0103,Tier 3 (Weak)
United States,Germany,0.0005,1832.0,2032.0,-200.0,1,0,Cfa,Cfb,Temperate,Temperate,1,United States,Germany,0.5,0.5,22.5,0.0,0.0,Tier 3 (Weak)
